Godot Engine v4.7.stable.official.5b4e0cb0f - https://godotengine.org

ERROR: Failed to read the root certificate store.
   at: get_system_ca_certificates (platform/windows/os_windows.cpp:2582)
[godot_ai game_helper] registered mcp capture (debugger active=false, logger=true)
== test_alarm_presentation.gd ==
  PASS: new_actionable_alarm_buzzes_and_pulses_once_and_dedupes_repeat_refreshes
  PASS: simultaneous_arrivals_group_into_one_buzz_and_one_pulse
  PASS: vibration_preference_disabled_suppresses_the_buzz_but_not_the_visible_pulse
  PASS: reload_does_not_treat_an_already_unresolved_alarm_as_newly_arrived
  PASS: outside_rollover_auto_opens_the_alarm_surface_once_safe_and_never_before
  PASS: day_ticked_cancels_a_rollover_arrivals_tentative_auto_open_leaving_it_to_bizbrief
  PASS: a_live_or_queued_time_transition_blocks_auto_open_until_it_clears
== test_app_tile.gd ==
  PASS: a_provided_icon_texture_renders_and_hides_the_text_fallback
  PASS: a_missing_icon_falls_back_to_the_apps_own_label_instead_of_failing_to_render
  PASS: the_background_frame_is_suppressed_once_real_icon_art_is_present
  PASS: the_background_frame_tints_locked_the_same_as_the_rest_of_the_tile
  PASS: a_locked_tile_shows_the_padlock_overlay_and_greys_out
  PASS: an_unlocked_tile_has_no_padlock_overlay_and_normal_colour
  PASS: a_locked_tile_still_occupies_its_normal_slot_rather_than_being_hidden
  PASS: a_badge_dot_renders_when_requested
  PASS: no_badge_dot_by_default
  PASS: tapping_the_tile_emits_tile_pressed_with_its_app_id
  PASS: a_release_event_does_not_emit_tile_pressed
  PASS: an_active_tile_highlights_its_frame_style_distinct_from_the_default
  PASS: an_inactive_tile_keeps_the_default_frame_style
  PASS: the_fallback_label_and_name_label_use_family2_light_ink
  PASS: the_badge_dot_colour_is_locked_to_the_exact_ui_action_red_hex
  PASS: the_default_frame_colour_matches_the_phone_bg_home_palette_entry
  PASS: active_defaults_to_false_when_omitted
  PASS: the_icon_rect_never_grows_past_its_frame_regardless_of_the_source_textures_native_size
  PASS: the_icon_rect_crops_to_fill_its_frame_rather_than_letterboxing
  PASS: the_icon_rect_is_masked_to_a_rounded_rect_matching_the_frame
  PASS: reconfigure_replaces_the_previous_state_rather_than_accumulating_it
== test_approaches.gd ==
  PASS: source_text_for_a_room_sourced_approach_names_the_room
== test_archie_deals.gd ==
  PASS: roll_chance_matches_the_confirmed_curve_at_a_few_cash_points
  PASS: roll_chance_floors_at_010_past_the_5000_ceiling
  PASS: deal_tier_scales_by_5000_of_cash_and_caps_at_TIER_MAX
  PASS: roll_deal_quantity_stays_within_the_tier_scaled_5_to_25_range
  PASS: roll_deal_picks_one_of_the_five_canonical_ore_types
  PASS: roll_deal_gross_and_playerCut_match_the_standard_market_formula
  PASS: roll_daily_offer_never_fires_before_archieMotionEventSeen
  PASS: roll_daily_offer_skips_entirely_when_a_deal_is_already_active
  PASS: roll_daily_offer_at_zero_cash_eventually_queues_an_offer
  PASS: roll_daily_offer_touches_no_player_ore_or_cash
  PASS: decline_deal_clears_active_flag_resolves_pending_and_docks_relation
  PASS: accept_deal_non_mugged_pays_flat_50_50_split_and_awards_relation
  PASS: accept_deal_touches_no_player_ore
  PASS: accept_deal_mugged_defers_payout_to_pendingArchieDealCut_and_archie_always_joins
  PASS: archie_deal_mugging_win_pays_out_and_clears_active_flag
  PASS: archie_deal_mugging_loss_pays_nothing_no_further_relation_hit_but_clears_active_flag
== test_bag.gd ==
  PASS: open_sets_bagDrawerOpen_and_emits
  PASS: close_clears_bagDrawerOpen
  PASS: new_game_state_starts_closed
== test_bag_drawer.gd ==
  PASS: tap_outside_the_open_bag_drawer_closes_it
  PASS: non_press_input_on_the_dim_does_not_close_the_drawer
  PASS: management_controls_present_and_drawer_taller_outside_combat_and_events
  PASS: management_controls_hidden_and_drawer_shorter_during_combat
  PASS: management_controls_hidden_during_an_item_hook_event_card
  PASS: equip_and_unequip_weapon_from_the_drawer_matches_equipment_system
  PASS: healing_salve_and_healing_burst_get_use_buttons_outside_combat_and_events
  PASS: healing_salve_and_healing_burst_use_buttons_hidden_during_combat
  PASS: healing_salve_and_healing_burst_use_buttons_hidden_during_an_item_hook_event_card
  PASS: healing_salve_use_button_calls_through_to_consumables_system
  PASS: active_healing_salve_hot_status_stays_visible_outside_combat_after_the_last_salve_is_used
  PASS: weapon_card_stays_drag_to_scroll_safe
== test_bank.gd ==
  PASS: record_appends_an_entry_with_id_amount_label_and_day
  PASS: record_emits_state_changed
  PASS: log_is_capped_at_50_entries_evicting_the_oldest
  PASS: snapshot_rewind_round_trip_forgets_bank_entries_for_events_that_no_longer_happened
== test_barometer.gd ==
  PASS: ensure_progress_inits_active_at_100_others_at_0
  PASS: ensure_progress_does_not_clobber_existing_values
  PASS: drift_is_deterministic_given_the_same_seed
  PASS: state_force_fed_to_100_flips_active_and_zeroes_old
  PASS: resolution_pushes_a_breaking_news_notification
  PASS: trend_hint_state_flags_a_non_active_state_at_or_above_70
  PASS: trend_hint_state_is_null_below_threshold
  PASS: trend_hint_state_picks_the_highest_progress_qualifying_state
  PASS: manual_push_costs_2000_adds_20_progress_and_sets_cooldown
  PASS: manual_push_respects_cooldown
  PASS: manual_push_requires_enough_cash
  PASS: manual_pull_subtracts_20_and_does_not_resolve
  PASS: effective_ore_price_fate_under_crisis
  PASS: effective_mug_chance_is_clamped_0_to_0_8
== test_bench.gd ==
  PASS: type_set_key_sorts_alphabetically_and_normalizes_both_orders
  PASS: cell_key_joins_the_type_set_key_and_approach_with_a_pipe
  PASS: cell_state_defaults_to_untried_for_an_absent_cell
  PASS: probe_on_an_empty_cell_resolves_to_inert_with_no_roll
  PASS: probing_an_inert_cell_is_blocked_and_the_cell_never_leaves_inert
  PASS: probe_hit_on_an_occupied_cell_resolves_to_found
  PASS: probe_miss_on_an_occupied_cell_resolves_to_hot_and_increments_misses
  PASS: pity_accumulates_per_miss_and_raises_the_next_roll_odds
  PASS: discovery_chance_caps_at_0_90
  PASS: census_reveals_total_effect_count_including_unlearned_approaches_on_first_probe
  PASS: census_survey_is_written_once_and_does_not_change_on_later_probes
  PASS: census_of_a_barren_set_surveys_to_zero
  PASS: found_count_in_set_counts_only_cells_actually_found
  PASS: ore_is_always_deducted_regardless_of_outcome
  PASS: probe_blocked_without_enough_ore_deducts_nothing
  PASS: probe_blocked_on_an_unlearned_approach
  PASS: probe_advances_a_time_block
  PASS: refine_is_blocked_on_an_inert_cell
  PASS: refine_is_blocked_on_a_never_found_untried_cell
  PASS: refine_is_blocked_on_a_hot_cell
  PASS: refine_is_blocked_on_an_unlearned_approach
  PASS: refine_cost_rises_by_tier
  PASS: refine_chance_falls_by_tier_but_never_hits_zero
  PASS: refine_tiers_are_uncapped
  PASS: refine_success_increments_the_cells_refine_tier_and_awards_xp
  PASS: refine_failure_leaves_the_tier_and_found_state_unchanged
  PASS: refine_ore_is_always_deducted_regardless_of_outcome
  PASS: refine_advances_a_time_block
  PASS: refine_blocked_without_enough_ore_deducts_nothing
  PASS: refined_value_computes_the_target_field_from_base_plus_tier_step_without_mutating_recipe_data
  PASS: resuming_after_a_save_load_round_trip_mid_flow_does_not_double_charge_ore_or_duplicate_a_note
  PASS: notes_are_capped_at_20_per_pairing_oldest_dropped
  PASS: touched_type_sets_lists_only_pairings_with_a_note_sorted_by_key
  PASS: touched_type_sets_is_empty_for_a_fresh_game
  PASS: touched_type_sets_surfaces_a_pairing_whose_cell_was_written_without_a_note
  PASS: notes_for_returns_the_stored_entries_for_a_touched_pairing_and_empty_for_an_untouched_one
  PASS: every_authored_discovery_cell_resolves_to_a_valid_types_and_approach_combination
  PASS: no_two_authored_recipes_collide_on_the_same_cell
  PASS: grant_effect_on_a_fresh_cell_marks_it_found_free_of_ore_and_time_and_returns_granted
  PASS: grant_effect_surveys_the_pairing_on_first_touch_same_as_a_probe_would
  PASS: grant_effect_on_an_already_found_cell_mutates_nothing_and_returns_already_known
  PASS: grant_effect_on_an_already_found_cell_the_player_discovered_themselves_still_returns_already_known
  PASS: the_three_tutorial_recipes_start_found_on_a_fresh_players_bench
== test_bubble_layout.gd ==
  PASS: anchor_well_inside_bounds_uses_the_default_offset_untouched
  PASS: anchor_near_the_right_edge_clamps_the_popups_right_side_inside_bounds_with_margin
  PASS: anchor_near_the_bottom_edge_clamps_the_popups_bottom_side_inside_bounds_with_margin
  PASS: anchor_at_the_top_left_corner_still_respects_the_edge_margin_as_a_floor
  PASS: anchor_at_the_bottom_right_corner_clamps_both_axes_at_once
  PASS: a_popup_bigger_than_the_bounds_pins_to_the_margin_instead_of_inverting
  PASS: a_custom_offset_is_honoured_when_there_is_nothing_to_clamp_against
== test_col_a1_archie_pry.gd ==
  PASS: build_archie_pry_action_is_null_before_colA1ArchiePryAvailable
  PASS: build_archie_pry_action_surfaces_once_colA1ArchiePryAvailable_and_starts_the_event
  PASS: build_archie_pry_action_is_null_once_colA1AskedAboutDebt
  PASS: build_archie_pry_action_is_null_once_colA1Complete_even_if_never_pushed
  PASS: leave_it_sets_no_flag_and_ends_the_event_after_its_own_card
  PASS: leave_it_leaves_the_action_bar_button_available_for_a_later_visit
  PASS: push_sets_colA1AskedAboutDebt_immediately_and_chains_into_the_debt_event
  PASS: the_debt_event_plays_all_five_cards_through_to_its_own_on_complete
  PASS: push_hides_the_action_bar_button_once_the_debt_event_completes
  PASS: col_a1_archie_pry_debt_names_the_exact_amount_and_date
  PASS: col_a1_archie_pry_debt_never_mentions_the_falcon_keyring_or_football_beyond_the_tag_line
== test_col_a1_closer.gd ==
  PASS: maybe_trigger_closer_is_false_with_no_threads_done
  PASS: maybe_trigger_closer_is_false_with_only_two_of_three_threads_done
  PASS: maybe_trigger_closer_is_false_below_relation_25_even_with_all_three_threads_done
  PASS: maybe_trigger_closer_queues_the_hakim_text_once_every_condition_is_met
  PASS: maybe_trigger_closer_does_not_double_queue_on_a_repeat_call
  PASS: maybe_trigger_closer_is_false_once_colA1Complete_is_already_set
  PASS: events_advance_fires_the_closer_the_moment_the_third_thread_resolution_completes
  PASS: scripted_seed_creates_a_claimed_rich_life_site_and_vein_in_whitechapel
  PASS: scripted_seed_never_touches_player_orichalchum
  PASS: scripted_seed_ignores_whitechapel_at_siteCap
  PASS: scripted_seed_queues_the_seed_claim_and_join_line_map_events
  PASS: join_faction_op_joins_when_eligible
  PASS: playing_the_closer_with_thank_him_and_im_in_joins_and_seeds_the_vein
  PASS: playing_the_closer_with_not_yet_defers_membership
  PASS: build_faction_card_shows_no_join_button_for_collective_even_when_eligible
  PASS: build_faction_card_still_shows_the_join_button_for_another_faction
  PASS: build_ask_des_joining_action_is_null_before_colA1DeferredJoin
  PASS: build_ask_des_joining_action_surfaces_once_deferred_and_starts_the_event
  PASS: build_ask_des_joining_action_is_null_again_once_colA1Joined
  PASS: col_a1_deferred_join_on_complete_grants_membership
  PASS: col_a1_closer_card_10_is_the_hinge_line
== test_col_a1_des_report.gd ==
  PASS: build_des_report_action_is_null_before_the_thread_is_active
  PASS: build_des_report_action_is_null_while_active_with_no_qualifying_site
  PASS: build_des_report_action_surfaces_for_a_single_qualifying_site_and_reports_it
  PASS: build_des_report_action_surfaces_again_for_the_second_ore_type_and_closes_the_thread
  PASS: build_des_report_action_is_null_again_once_colA1DesThreadDone
  PASS: ages_ago_line_is_inserted_between_cards_2_and_3_and_said_by_des
  PASS: card_4_is_the_nobody_s_ever_raided_line
  PASS: report_des_site_seeds_collective_veins_immediately_as_each_ore_type_is_reported
  PASS: on_complete_sets_the_thread_done_flag_and_awards_no_further_relation
  PASS: first_report_scenes_return_to_phone_without_touching_the_thread_done_flag
== test_col_a1_hakim_done.gd ==
  PASS: build_hakim_done_action_is_null_before_colA1HakimRescued
  PASS: build_hakim_done_action_surfaces_once_colA1HakimRescued_and_starts_the_event
  PASS: build_hakim_done_action_is_null_again_once_colA1HakimThreadDone
  PASS: on_complete_transfers_hakims_vein_to_the_collective_at_price_zero
  PASS: on_complete_does_not_stamp_soldByPlayer_since_this_is_a_handback_not_a_sale
  PASS: on_complete_pays_exactly_120_cash_regardless_of_what_quote_would_have_priced_it_at
  PASS: on_complete_awards_10_collective_relation_and_sets_both_flags
  PASS: on_complete_does_not_falsely_complete_col_a1_nadia_vein_or_fire_its_done_event
== test_col_a1_hakim_meet.gd ==
  PASS: col_a1_hakim_meet_pin_is_gated_on_colA1HubReached_and_hides_once_met
  PASS: both_choice_branches_leave_relation_untouched_and_reach_the_same_next_card
  PASS: on_complete_grants_hakims_vein_at_growth_18_sparse_fair_and_stores_its_id
  PASS: on_complete_moves_no_relation
  PASS: col_a1_hakim_rescue_completes_once_hakims_vein_clears_the_threshold
  PASS: hakimVeinId_backfills_for_saves_missing_the_key
== test_col_a1_nadia_done.gd ==
  PASS: maybe_trigger_nadia_vein_done_is_false_when_the_objective_is_still_incomplete
  PASS: maybe_trigger_nadia_vein_done_is_false_once_colA1NadiaThreadDone_is_already_set
  PASS: maybe_trigger_nadia_vein_done_starts_the_event_once_the_objective_is_complete
  PASS: sell_to_faction_auto_starts_col_a1_nadia_done_on_the_qualifying_sale
  PASS: sell_to_faction_does_not_auto_start_the_event_when_col_a1_nadia_vein_is_not_active
  PASS: sell_to_faction_does_not_re_fire_the_event_on_a_later_unrelated_sale
  PASS: on_complete_awards_10_collective_relation_and_sets_the_thread_done_flag
== test_col_a1_nadia_meet.gd ==
  PASS: build_nadia_meet_action_is_a_button_before_colA1NadiaMet
  PASS: build_nadia_meet_action_is_null_once_colA1NadiaMet
  PASS: both_choice_branches_leave_relation_and_objectives_untouched_and_reach_the_same_next_card
  PASS: on_complete_sets_colA1NadiaMet_and_activates_col_a1_nadia_supply
  PASS: on_complete_moves_no_relation_and_creates_no_sites
  PASS: col_a1_nadia_supply_is_defined_per_spec_6_8
  PASS: col_a1_nadia_supply_stays_independent_of_the_shared_collective_trade_door
== test_col_a1_nadia_vein.gd ==
  PASS: build_nadia_vein_ask_action_is_null_before_colA1NadiaSupplied
  PASS: build_nadia_vein_ask_action_surfaces_once_colA1NadiaSupplied_and_starts_the_event
  PASS: build_nadia_vein_ask_action_is_null_again_once_colA1NadiaAskSeen
  PASS: on_complete_unlocks_vein_sale_and_sets_colA1NadiaAskSeen
  PASS: on_complete_activates_col_a1_nadia_vein_objective
  PASS: on_complete_moves_no_relation
  PASS: col_a1_nadia_vein_is_defined_per_spec_6_9
== test_col_a1_tuition.gd ==
  PASS: archie_cultivation_queues_a_pending_message_for_archie_carrying_col_a1_intro
  PASS: archie_card_surfaces_the_pending_S1_button_and_pressing_it_resolves_and_starts_col_a1_intro
  PASS: archie_card_shows_no_pending_button_before_archie_cultivation_fires
  PASS: col_a1_intro_on_complete_unlocks_des_and_the_collective_lane_and_awards_relation
  PASS: col_a1_intro_on_complete_notifies_the_player_to_check_the_map_and_notes_goes_from_empty_to_showing_the_chain
  PASS: notes_tracks_the_full_tuition_chain_through_S2_S3_S4
  PASS: col_a1_prospecting_pin_is_gated_on_colA1DesMet_and_hides_once_taught
  PASS: col_a1_prospecting_does_not_force_a_real_prospect_action
  PASS: col_a1_seeding_pin_is_gated_on_colA1ProspectingTaught_and_hides_once_taught
  PASS: col_a1_prospecting_reaches_the_same_outcome_via_the_phone_shortcut_as_via_the_map_pin
  PASS: col_a1_seeding_reaches_the_same_outcome_via_the_phone_shortcut_as_via_the_map_pin
  PASS: col_a1_seeding_on_complete_queues_the_col_a1_hub_pending_message_for_des
  PASS: col_a1_hub_on_complete_unlocks_nadia_and_hakim_and_activates_des_and_hakim_objectives
  PASS: col_a1_hub_does_not_move_collective_relation_on_its_own
  PASS: stopping_after_S4_keeps_the_trading_lane_open_and_relation_never_moves_further
== test_col_a1_weather.gd ==
  PASS: does_not_fire_when_colA1DesThreadActive_is_false
  PASS: does_not_fire_for_a_null_site_the_at_cap_reroll_can_produce
  PASS: does_not_fire_for_a_site_whose_ore_type_is_not_fate_or_physics
  PASS: does_not_fire_for_a_qualifying_ore_type_below_minTier
  PASS: does_not_fire_for_an_already_claimed_site
  PASS: fires_S5_on_the_first_qualifying_site_and_sets_colA1SkirmishSeen
  PASS: fires_S6_on_the_next_qualifying_site_once_S5_has_already_fired
  PASS: does_not_fire_a_third_time_once_both_beats_have_been_seen
  PASS: a_firing_weather_beat_consumes_zero_Rng_draws
  PASS: prospect_starts_the_weather_beat_instead_of_the_district_deck_and_records_nothing_in_recentEvents
  PASS: prospect_falls_through_to_the_ordinary_deck_when_the_thread_is_not_active
  PASS: col_a1_firm_skirmish_on_complete_sets_colA1SkirmishSeen
  PASS: col_a1_firm_skirmish_moves_no_relation_and_no_site
  PASS: col_a1_firm_intimidation_back_off_logs_backed_off_starts_no_combat
  PASS: col_a1_firm_intimidation_hold_your_ground_logs_held_starts_no_combat
  PASS: col_a1_firm_intimidation_tell_them_where_to_go_logs_fought_and_starts_combat
  PASS: all_three_branches_leave_relation_and_sites_untouched
  PASS: methodLog_starts_empty_and_only_S6_writes_to_it
  PASS: rewind_undoes_S6s_methodLog_write_like_any_other_state
== test_col_a2_contested_vein.gd ==
  PASS: setup_is_false_before_colA2Stage_is_set
  PASS: setup_creates_a_firm_owned_site_once_colA2Stage_is_set
  PASS: setup_does_not_double_fire_on_a_repeat_call
  PASS: events_advance_fires_the_setup_the_moment_colA2Stage_is_set_via_on_complete
  PASS: col_a2_contested_vein_pin_is_gated_on_colA2Stage_and_hides_once_resolved
  PASS: force_branch_transfers_the_vein_to_the_player_and_hits_firm_relation
  PASS: buy_back_branch_transfers_the_vein_to_the_player_and_charges_cash
  PASS: on_complete_always_sets_colA2ContestedVeinDone_and_returns_to_the_map
  PASS: contestedVeinSiteId_backfills_for_saves_missing_the_key
== test_col_a2_phase0.gd ==
  PASS: maybe_trigger_act2_intro_is_false_before_colA1Complete
  PASS: maybe_trigger_act2_intro_is_false_below_relation_25_even_with_colA1Complete
  PASS: maybe_trigger_act2_intro_queues_the_des_text_once_every_condition_is_met
  PASS: maybe_trigger_act2_intro_does_not_double_queue_on_a_repeat_call
  PASS: events_advance_fires_act2_intro_the_moment_colA1Complete_is_set_via_on_complete
  PASS: time_system_daily_tick_fires_act2_intro_as_a_backstop
  PASS: col_a2_intro_on_complete_chains_into_col_a2_shop
  PASS: col_a2_shop_on_complete_sets_colA2ShopSeen_and_chains_into_col_a2_pattern
  PASS: col_a2_pattern_on_complete_sets_colA2Stage_call_and_chains_into_handler_deferred
  PASS: col_a2_handler_deferred_on_complete_sets_the_flag_and_ends_the_chain
  PASS: playing_col_a2_intro_straight_through_reaches_the_end_of_phase_0
== test_col_a2_vulnerable_site.gd ==
  PASS: col_a2_vulnerable_site_pin_is_gated_on_colA2Stage_and_hides_once_resolved
  PASS: lookout_branch_spends_player_cash_into_collective_resources
  PASS: soft_branch_leaves_cash_and_collective_resources_untouched
  PASS: on_complete_always_sets_colA2VulnerableSiteDone_and_returns_to_the_map
== test_col_hakim_intel.gd ==
  PASS: maybe_trigger_hakim_intel_is_false_when_not_unlocked
  PASS: maybe_trigger_hakim_intel_is_false_before_the_3_day_minimum_gap
  PASS: maybe_trigger_hakim_intel_is_eligible_exactly_3_days_after_the_last_text
  PASS: maybe_trigger_hakim_intel_is_false_when_both_shoreditch_and_whitechapel_are_at_siteCap
  PASS: maybe_trigger_hakim_intel_only_places_the_site_in_the_district_still_under_siteCap
  PASS: maybe_trigger_hakim_intel_creates_a_site_fair_or_better_in_shoreditch_or_whitechapel
  PASS: maybe_trigger_hakim_intel_does_not_double_queue_while_a_text_is_already_pending
  PASS: col_hakim_intel_on_complete_queues_the_discover_map_event_for_the_gifted_site
  PASS: col_hakim_intel_on_complete_updates_hakimIntelLastDay_to_today
  PASS: col_hakim_intel_on_complete_navigates_back_to_phone
  PASS: the_pending_messages_payload_reaches_on_complete_the_same_way_phone_gd_drives_it
== test_collective.gd ==
  PASS: complete_trade_sells_via_the_collective_lane_and_credits_cash
  PASS: complete_trade_appends_a_bark_line_to_the_trading_contacts_conversation
  PASS: complete_trade_draws_barks_with_no_repeat_until_the_pool_is_exhausted_then_wraps
  PASS: complete_trade_is_a_no_op_on_bark_and_message_thread_when_the_cart_is_empty
  PASS: des_nadia_and_hakim_trade_at_identical_terms
  PASS: complete_trade_awards_personal_relation_only_to_the_vendor_traded_through
  PASS: complete_trade_still_feeds_the_collective_faction_relation_meter_unchanged_alongside_the_new_personal_one
  PASS: complete_trade_counts_a_toggled_in_vein_sale_toward_the_traded_vendors_personal_relation_too
  PASS: report_des_site_converts_a_qualifying_site_awards_relation_and_records_progress
  PASS: report_des_site_is_a_no_op_when_no_qualifying_site_exists
  PASS: report_des_site_ignores_claimed_and_faction_owned_sites
  PASS: report_des_site_cannot_double_report_the_same_ore_type
  PASS: a_site_reported_for_one_ore_type_can_never_be_matched_again_for_any_ore_type
  PASS: report_des_site_is_a_no_op_for_an_ore_type_not_required_by_the_objective
  PASS: col_a1_des_sites_completes_once_both_ore_types_are_reported_out_of_simultaneous_availability
  PASS: next_reportable_des_ore_type_is_empty_when_the_thread_is_not_active
  PASS: next_reportable_des_ore_type_is_empty_with_no_qualifying_site
  PASS: next_reportable_des_ore_type_returns_fate_before_physics_when_both_qualify
  PASS: next_reportable_des_ore_type_skips_an_ore_type_already_reported
  PASS: next_reportable_des_ore_type_is_empty_once_both_are_reported
== test_combat.gd ==
  PASS: generate_mugger_returns_count_1_to_3_distinct_entries_within_variance_band
  PASS: generate_mugger_harder_widens_the_count_floor_and_scales_stats_up
  PASS: start_mugging_vein_included_always_uses_the_harder_rosters_higher_count_floor
  PASS: generate_raid_enemy_returns_guard_count_entries_capped_at_squad_max
  PASS: generate_raid_enemy_forced_template_key_applies_to_every_slot
  PASS: generate_raid_enemy_unforced_can_mix_templates_across_slots
  PASS: generate_raid_enemy_entries_fall_within_their_templates_variance_band_with_value_tier_scaling
  PASS: generate_raid_enemy_same_template_entries_are_not_guaranteed_identical
  PASS: guard_group_name_matches_the_old_blob_shape_for_a_single_template_squad
  PASS: guard_group_name_joins_distinct_names_for_a_mixed_squad
  PASS: start_mugging_can_populate_a_multi_entry_roster_all_unkoed_and_focused_at_0
  PASS: fresh_combat_starts_with_a_one_entry_roster_focused_at_index_0
  PASS: killing_the_lone_enemy_flags_it_koed_and_resolves_win_via_the_all_koed_check
  PASS: focused_index_auto_clamps_to_the_next_living_enemy_when_the_focused_one_dies_mid_round
  PASS: set_focused_enemy_updates_focusedEnemyIndex_for_a_living_enemy
  PASS: set_focused_enemy_rejects_a_koed_enemy_and_leaves_focus_unchanged
  PASS: set_focused_enemy_rejects_an_out_of_range_index
  PASS: set_focused_enemy_rejects_when_combat_has_already_resolved
  PASS: set_focused_enemy_emits_state_changed_but_pushes_no_snapshot
  PASS: freeze_skips_enemy_turn_and_decrements
  PASS: frozen_turns_expiring_logs_and_then_enemy_can_act_next_turn
  PASS: motion_grants_2_attacks_at_power_below_3
  PASS: motion_grants_3_attacks_at_power_3_or_above
  PASS: flee_65_percent_with_seed
  PASS: loss_revives_at_30_percent_hpMax
  PASS: evade_consumes_turns_and_can_miss
  PASS: evade_turns_that_do_not_miss_still_consume_a_turn
SCRIPT ERROR: Invalid access to property or key 'turnCursor' on a base object of type 'Dictionary'.
   at: _restore_from_snapshot (res://systems/combat.gd:1336)
   GDScript backtrace (most recent call first):
       [0] _restore_from_snapshot (res://systems/combat.gd:1336)
       [1] combat_rewind (res://systems/combat.gd:1305)
       [2] <anonymous lambda> (res://tests/test_combat.gd:419)
       [3] run_case (res://tests/test_base.gd:34)
       [4] run (res://tests/test_combat.gd:410)
       [5] _initialize (res://tests/test_runner.gd:66)
  PASS: rewind_restores_oldest_snapshot_grants_evade_clears_stack
  PASS: rewind_restores_the_snapshotted_focusedEnemyIndex_not_the_current_one
  PASS: rewind_fails_with_no_snapshots_or_no_rewind_available
  PASS: rewind_falls_back_to_a_loaded_rewind_complication_when_no_consumable
  PASS: rewind_does_not_fall_back_to_a_loaded_rewind_complication_with_no_charge
  PASS: cast_complication_casts_a_loaded_time_pearl_freezes_and_spends_charge
  PASS: cast_complication_refuses_a_loaded_rewind_recipe
  PASS: cast_complication_refuses_already_frozen_without_spending_a_charge
  PASS: cast_complication_refuses_with_no_charge
  PASS: cast_complication_spread_movement_multiplies_full_power_by_targets_not_dilution
  PASS: player_attack_ticks_dial_combat_turn_tick_for_tier5_recharge
  PASS: use_time_pearl_blocked_when_already_frozen
  PASS: use_time_pearl_sets_frozenTurns_from_effect_power
  PASS: use_enhancement_powder_sets_motionTurns_by_power_threshold
  PASS: home_raid_loss_halves_carried_ore
  PASS: home_raid_win_does_not_halve_ore
  PASS: exit_combat_mugging_win_does_not_change_screen
  PASS: exit_combat_raid_win_routes_to_phone_home_with_the_bag_drawer_open
  PASS: exit_combat_event_raid_win_resumes_the_still_active_event
  PASS: exit_combat_event_raid_loss_ends_the_event_and_goes_home
  PASS: start_defend_vein_starts_combat_with_the_defend_vein_context
  PASS: start_defend_vein_abandons_a_still_playing_map_animation_queue
  PASS: exit_combat_defend_vein_win_leaves_the_vein_alone_and_routes_home
  PASS: exit_combat_defend_vein_loss_transfers_the_vein_exactly_like_the_no_alarm_path
  PASS: onWin_muggingWon_pays_pendingSaleCut
  PASS: get_attack_range_includes_equipped_weapon_bonus
  PASS: get_attack_range_with_no_weapon_equipped
  PASS: every_start_helper_stores_its_canonical_context_constant
  PASS: is_canonical_context_accepts_every_named_constant
  PASS: is_canonical_context_rejects_a_typo_or_empty_string
ERROR: Combat: unrecognized context 'raidd' — not in CANONICAL_CONTEXTS, exit_combat() will mis-route it.
   at: push_error (core/variant/variant_utility.cpp:1023)
   GDScript backtrace (most recent call first):
       [0] _start_combat (res://systems/combat.gd:364)
       [1] start_raid (res://systems/combat.gd:325)
       [2] <anonymous lambda> (res://tests/test_combat.gd:859)
       [3] run_case (res://tests/test_base.gd:34)
       [4] run (res://tests/test_combat.gd:857)
       [5] _initialize (res://tests/test_runner.gd:66)
  PASS: start_combat_with_an_unrecognized_context_still_starts_but_stores_it_verbatim
  PASS: player_attack_zero_evade_chance_always_hits
  PASS: player_attack_guaranteed_evade_chance_always_misses
  PASS: player_attack_nonzero_evade_chance_can_go_either_way_across_seeds
  PASS: disarm_enemy_strips_weapon_bonus_and_locks_ability
  PASS: disarm_enemy_weapon_strip_removes_the_attack_bonus_from_enemy_damage
  PASS: disarmed_ability_lock_expires_after_n_player_turns_and_logs_it
  PASS: disarm_enemy_with_no_ability_is_a_no_op_for_the_ability_field
  PASS: existing_raid_guard_templates_default_to_zero_evade_chance
  PASS: home_raid_raider_template_defaults_to_zero_evade_chance
  PASS: procedural_mugger_defaults_to_zero_evade_chance
  PASS: raid_enemy_template_without_an_explicit_evadeChance_defaults_to_20_percent
  PASS: use_blast_deals_immediate_damage_and_grants_a_flee_boost
  PASS: use_blast_fails_with_none_in_inventory
  PASS: use_blast_can_defeat_the_enemy_outright
  PASS: blast_flee_boost_raises_flee_chance_to_90_percent_and_clears_after_one_attempt
  PASS: blast_flee_boost_clears_even_on_a_failed_flee_attempt
  PASS: blast_can_disarm_the_enemy_on_its_small_chance
  PASS: use_shield_sets_shieldPool_from_effect_power
  PASS: use_shield_blocked_while_a_pool_is_still_active
  PASS: use_shield_fails_with_none_in_inventory
  PASS: shield_absorbs_damage_1_to_1_when_damage_does_not_exceed_the_pool
  PASS: shield_overflow_drains_the_pool_and_passes_the_remainder_through
  PASS: use_black_hole_deals_immediate_damage_and_adds_to_frozenTurns
  PASS: use_black_hole_fails_with_none_in_inventory
  PASS: use_black_hole_can_defeat_the_enemy_outright
  PASS: use_black_hole_never_damages_or_freezes_the_player
  PASS: use_prophets_breath_sets_evadeTurns_from_effect_power_and_50_percent_chance
  PASS: use_prophets_breath_fails_with_none_in_inventory
  PASS: use_prophets_breath_overwrites_an_existing_evade_grant_rather_than_stacking
  PASS: use_wormhole_flee_guarantees_the_outcome_and_consumes_one
  PASS: use_wormhole_flee_never_gives_the_enemy_a_free_attack
  PASS: use_wormhole_fails_with_none_in_inventory
SCRIPT ERROR: Invalid access to property or key 'turnCursor' on a base object of type 'Dictionary'.
   at: _restore_from_snapshot (res://systems/combat.gd:1336)
   GDScript backtrace (most recent call first):
       [0] _restore_from_snapshot (res://systems/combat.gd:1336)
       [1] _try_failsafe (res://systems/combat.gd:1357)
       [2] _enemy_attack_player (res://systems/combat.gd:840)
       [3] _resolve_enemy_attack (res://systems/combat.gd:775)
       [4] enemy_attack (res://systems/combat.gd:768)
       [5] <anonymous lambda> (res://tests/test_combat.gd:1279)
       [6] run_case (res://tests/test_base.gd:34)
       [7] run (res://tests/test_combat.gd:1268)
       [8] _initialize (res://tests/test_runner.gd:66)
  PASS: failsafe_auto_triggers_before_the_loss_outcome_when_hp_would_hit_0
  PASS: failsafe_does_not_trigger_with_no_snapshot_to_restore_to
SCRIPT ERROR: Invalid access to property or key 'turnCursor' on a base object of type 'Dictionary'.
   at: _restore_from_snapshot (res://systems/combat.gd:1336)
   GDScript backtrace (most recent call first):
       [0] _restore_from_snapshot (res://systems/combat.gd:1336)
       [1] _try_failsafe (res://systems/combat.gd:1357)
       [2] _enemy_attack_player (res://systems/combat.gd:840)
       [3] _resolve_enemy_attack (res://systems/combat.gd:775)
       [4] enemy_attack (res://systems/combat.gd:768)
       [5] <anonymous lambda> (res://tests/test_combat.gd:1325)
       [6] run_case (res://tests/test_base.gd:34)
       [7] run (res://tests/test_combat.gd:1309)
       [8] _initialize (res://tests/test_runner.gd:66)
  PASS: failsafe_is_tried_before_a_manually_held_rewind_consumable_or_device
SCRIPT ERROR: Invalid access to property or key 'turnCursor' on a base object of type 'Dictionary'.
   at: _restore_from_snapshot (res://systems/combat.gd:1336)
   GDScript backtrace (most recent call first):
       [0] _restore_from_snapshot (res://systems/combat.gd:1336)
       [1] _try_failsafe (res://systems/combat.gd:1357)
       [2] _enemy_attack_player (res://systems/combat.gd:840)
       [3] _resolve_enemy_attack (res://systems/combat.gd:775)
       [4] enemy_attack (res://systems/combat.gd:768)
       [5] <anonymous lambda> (res://tests/test_combat.gd:1344)
       [6] run_case (res://tests/test_base.gd:34)
       [7] run (res://tests/test_combat.gd:1331)
       [8] _initialize (res://tests/test_runner.gd:66)
  PASS: failsafe_auto_triggers_inside_an_event_raid_context_too
  PASS: start_defend_vein_with_archie_recruited_adds_him_as_an_ally
  PASS: start_defend_vein_without_archie_recruited_has_no_allies
  PASS: start_mugging_always_adds_archie_even_when_not_recruited
  PASS: start_mugging_always_adds_archie_even_on_ko_cooldown
  PASS: start_mugging_logs_archie_joining
  PASS: start_street_mugging_does_not_add_archie
  PASS: start_archie_deal_mugging_always_adds_archie_even_when_not_recruited
  PASS: start_archie_deal_mugging_always_adds_archie_even_on_ko_cooldown
  PASS: exit_combat_on_an_archie_deal_mugging_win_resolves_via_ArchieDeals_and_stays_put
  PASS: exit_combat_on_an_archie_deal_mugging_loss_pays_nothing_and_routes_home
  PASS: start_raid_with_archie_in_ally_ids_adds_him_as_an_ally
  PASS: start_raid_with_no_ally_ids_has_no_allies
  PASS: start_raid_re_validates_ally_ids_against_can_join_combat
  PASS: ally_attacks_the_enemy_alongside_the_player_each_turn
  PASS: ally_heals_from_stash_instead_of_attacking_below_the_threshold_and_it_depletes
  PASS: enemy_can_target_an_ally_and_ko_removes_them_without_ending_the_fight
  PASS: exit_combat_replenishes_ally_hp_and_stash_but_leaves_the_ko_cooldown_alone
  PASS: build_turn_queue_orders_every_living_combatant_by_speed_descending
  PASS: build_turn_queue_ties_break_player_then_allies_then_enemies_with_no_rng
  PASS: build_turn_queue_excludes_koed_combatants_from_getting_a_slot
  PASS: build_turn_queue_motion_inserts_one_extra_player_entry_below_power_3
  PASS: build_turn_queue_motion_inserts_two_extra_player_entries_at_power_3_or_above
  PASS: project_queue_is_pure_and_never_mutates_the_combat_dict
  PASS: project_queue_projects_the_current_rounds_remainder_plus_exactly_one_extra_round
  PASS: project_queue_motion_fixture_the_player_appears_twice_in_sequence
  PASS: project_queue_two_enemy_fixture_with_speeds_straddling_the_player_interleaves_like_build_turn_queue
  PASS: project_queue_every_living_combatant_has_at_least_one_occurrence_koed_have_none
  PASS: project_queue_occurrence_ids_are_stable_and_unique_in_scheduling_order
  PASS: build_turn_queue_motion_extra_entry_follows_the_players_own_slot_even_when_others_are_faster
  PASS: frozen_enemy_keeps_its_queue_slot_as_a_no_op_instead_of_being_skipped_entirely
  PASS: a_faster_enemy_acts_before_the_players_own_attack_within_the_same_round
  PASS: player_attack_and_blast_only_ever_touch_the_focused_enemy_never_other_living_enemies
  PASS: use_black_hole_applies_full_undiluted_damage_and_freeze_to_every_non_koed_enemy_independently
  PASS: cast_complication_black_hole_applies_full_undiluted_damage_and_freeze_to_every_non_koed_enemy_independently
  PASS: cast_complication_blast_returns_a_beat_with_dmg_and_the_focused_enemy_as_target
  PASS: cast_complication_black_hole_returns_an_announce_beat_plus_one_damaging_beat_per_enemy_hit
  PASS: cast_complication_non_damaging_effects_still_return_beats_without_a_dmg_field
  PASS: cast_complication_refused_casts_return_no_beats
  PASS: use_time_pearl_returns_a_beat_with_effectKey_timePearl
  PASS: use_time_pearl_blocked_when_already_frozen_returns_no_beats
  PASS: use_blast_returns_a_damaging_beat_with_effectKey_blast_and_the_focused_enemy_as_target
  PASS: use_blast_disarm_beat_carries_the_target_but_no_effectKey_transform_only
  PASS: use_shield_returns_a_non_damaging_beat_with_effectKey_shield
  PASS: use_black_hole_returns_an_announce_beat_plus_one_hit_beat_per_living_enemy_with_effectKey_blackHole
  PASS: use_wormhole_returns_a_beat_marking_the_player_as_actor
  PASS: player_attack_stamps_motionBoosted_on_every_player_beat_of_a_motion_round_including_the_extra_ones
  PASS: player_attack_stamps_motionBoosted_on_the_second_of_two_motion_rounds_too
  PASS: player_attack_never_stamps_motionBoosted_outside_a_motion_round
  PASS: combat_rewind_returns_this_rounds_beats_in_reverse_order
  PASS: combat_rewind_clears_beatsSinceSnapshot_so_a_second_rewind_has_nothing_stale_to_replay
  PASS: combat_rewind_returns_no_beats_when_rewind_is_unavailable
  PASS: three_enemy_fight_can_end_a_round_with_one_koed_and_two_still_standing_each_having_acted_independently
  PASS: independent_enemies_can_pick_different_targets_from_each_other_within_the_same_round
  PASS: player_attack_beats_match_the_new_log_lines_1_to_1_in_content_and_order_for_a_multi_turn_round
  PASS: flee_failed_beats_include_the_flee_failed_line_plus_the_parting_shots_own_beat
  PASS: rewind_still_works_correctly_with_the_beat_queue_threaded_through_player_attack
  PASS: enemy_attack_returns_a_beats_array_with_the_hit_beat
  PASS: get_attack_range_regression_level_1_matches_pre_ticket_baseline
  PASS: get_attack_range_adds_the_level_indexed_combat_skill_bonus_before_the_weapon_bonus
  PASS: build_turn_queue_regression_level_1_player_speed_matches_pre_ticket_placeholder
  PASS: build_turn_queue_player_speed_follows_combat_skill_level
  PASS: player_attack_awards_flat_xp_once_per_turn_taken_regardless_of_hit_or_miss
  PASS: player_attack_awards_flat_xp_even_on_a_lethal_hit_that_wins_the_fight
  PASS: combat_xp_levels_up_combat_skill_via_the_shared_progression_curve
  PASS: train_is_available_without_a_home_gym_at_the_lower_flat_xp_amount
  PASS: train_spends_a_time_block_and_awards_the_larger_flat_xp_amount
  PASS: train_has_no_separate_cooldown_only_the_daily_block_scarcity_throttles_it
  PASS: train_is_blocked_when_the_days_time_blocks_are_already_exhausted
  PASS: train_remains_available_again_once_the_day_rolls_over
== test_combat_director.gd ==
  PASS: beat_is_damaging_is_true_for_a_beat_with_a_positive_dmg_field
  PASS: beat_is_damaging_is_false_for_a_beat_with_no_dmg_field_at_all
  PASS: beat_is_damaging_is_false_for_a_beat_with_dmg_zero
  PASS: hit_stop_duration_is_within_the_60_to_90ms_range_the_vision_doc_specifies
  PASS: play_creates_a_tween_for_the_first_beat_and_calls_its_on_beat_synchronously_first
== test_combat_prototype.gd ==
  PASS: fast_into_counter_is_stopped_and_defender_retaliates
  PASS: heavy_bypasses_counter_and_exhausts_the_attacker
  PASS: passive_evade_chance_still_applies_to_a_bypassing_heavy
  PASS: dodged_heavy_deals_no_damage_but_still_exhausts_the_attacker
  PASS: fast_catches_dodge_and_still_connects
  PASS: unused_stance_fizzles_and_logs_but_costs_the_action
  PASS: exhaustion_skips_exactly_one_round_then_recovers
  PASS: player_exhaustion_blocks_take_player_action_but_allows_skip
  PASS: enemy_hp_reaching_zero_ends_the_fight_as_a_win
  PASS: player_hp_reaching_zero_ends_the_fight_as_a_loss
  PASS: fled_outcome_ends_the_encounter_without_a_hp_change
  PASS: rewind_restores_hp_log_commits_and_exhaustion_to_the_prior_round
  PASS: rewind_with_no_snapshot_fails_cleanly
  PASS: advance_to_next_encounter_walks_the_teaching_order_and_stops_at_the_end
  PASS: exit_encounter_deactivates_without_touching_the_real_player
  PASS: start_encounter_never_touches_the_real_players_hp_field
  PASS: squad_take_player_action_requires_an_explicit_target_with_more_than_one_living_enemy
  PASS: squad_stance_covers_only_its_target_the_other_attacker_still_connects
  PASS: ordinary_enemies_do_not_scale_with_player_equipment_or_skill
  PASS: item_use_spends_real_inventory_and_is_refused_with_a_production_style_message_at_zero_stock
  PASS: shield_absorbs_incoming_damage_before_hp_loss
  PASS: already_active_guard_blocks_a_recast_without_spending_inventory
  PASS: committed_item_never_triggers_an_opponents_stance
  PASS: blast_damages_its_target_and_grants_a_one_use_flee_boost
  PASS: black_hole_hits_every_living_enemy_independently
  PASS: cast_dial_complication_spends_real_dial_charge_and_applies_the_effect
  PASS: rewind_restores_real_inventory_and_dial_charge_spent_this_round
  PASS: enhancement_powder_grants_a_full_second_commit_the_same_round
  PASS: enhancement_powder_heavy_on_the_first_slot_skips_the_inserted_slot_the_same_round
  PASS: frozen_and_exhausted_stack_as_two_separate_skipped_turns_not_one
  PASS: multi_wave_carries_player_hp_forward_and_only_ends_on_the_last_wave
  PASS: mixed_squad_fixed_strategy_simulation_runs_cleanly_and_always_loses
== test_combat_prototype_screen.gd ==
  PASS: inactive_state_renders_without_crashing
  PASS: mid_fight_state_renders_the_action_grid
  PASS: exhausted_player_state_renders_the_continue_prompt_instead_of_actions
  PASS: win_outcome_state_renders_the_outcome_card
  PASS: loss_outcome_state_renders_the_outcome_card
  PASS: fled_outcome_on_the_last_encounter_renders_without_a_next_encounter_button
  PASS: refresh_rebuilds_content_from_scratch_on_a_second_state_changed
== test_combat_screen.gd ==
ERROR: Unable to start the timer because it's not inside the scene tree. Either add it or set autostart to true.
   at: start (scene/main/timer.cpp:120)
   GDScript backtrace (most recent call first):
       [0] set_idle_animation (res://scenes/components/combat_stage.gd:167)
       [1] _sync_band (res://scenes/components/combat_stage.gd:742)
       [2] sync (res://scenes/components/combat_stage.gd:444)
       [3] _sync_stage (res://scenes/screens/combat.gd:192)
       [4] _sync (res://scenes/screens/combat.gd:138)
       [5] _ready (res://scenes/screens/combat.gd:125)
       [6] <anonymous lambda> (res://tests/test_combat_screen.gd:136)
       [7] run_case (res://tests/test_base.gd:34)
       [8] run (res://tests/test_combat_screen.gd:132)
       [9] _initialize (res://tests/test_runner.gd:66)
ERROR: Unable to start the timer because it's not inside the scene tree. Either add it or set autostart to true.
   at: start (scene/main/timer.cpp:120)
   GDScript backtrace (most recent call first):
       [0] set_idle_animation (res://scenes/components/combat_stage.gd:167)
       [1] _sync_band (res://scenes/components/combat_stage.gd:742)
       [2] sync (res://scenes/components/combat_stage.gd:447)
       [3] _sync_stage (res://scenes/screens/combat.gd:192)
       [4] _sync (res://scenes/screens/combat.gd:138)
       [5] _ready (res://scenes/screens/combat.gd:125)
       [6] <anonymous lambda> (res://tests/test_combat_screen.gd:136)
       [7] run_case (res://tests/test_base.gd:34)
       [8] run (res://tests/test_combat_screen.gd:132)
       [9] _initialize (res://tests/test_runner.gd:66)
ERROR: Unable to start the timer because it's not inside the scene tree. Either add it or set autostart to true.
   at: start (scene/main/timer.cpp:120)
   GDScript backtrace (most recent call first):
       [0] set_idle_animation (res://scenes/components/combat_stage.gd:167)
       [1] _sync_band (res://scenes/components/combat_stage.gd:742)
       [2] sync (res://scenes/components/combat_stage.gd:447)
       [3] _sync_stage (res://scenes/screens/combat.gd:192)
       [4] _sync (res://scenes/screens/combat.gd:138)
       [5] _ready (res://scenes/screens/combat.gd:125)
       [6] <anonymous lambda> (res://tests/test_combat_screen.gd:136)
       [7] run_case (res://tests/test_base.gd:34)
       [8] run (res://tests/test_combat_screen.gd:132)
       [9] _initialize (res://tests/test_runner.gd:66)
ERROR: Unable to start the timer because it's not inside the scene tree. Either add it or set autostart to true.
   at: start (scene/main/timer.cpp:120)
   GDScript backtrace (most recent call first):
       [0] set_idle_animation (res://scenes/components/combat_stage.gd:167)
       [1] _sync_band (res://scenes/components/combat_stage.gd:742)
       [2] sync (res://scenes/components/combat_stage.gd:447)
       [3] _sync_stage (res://scenes/screens/combat.gd:192)
       [4] _sync (res://scenes/screens/combat.gd:138)
       [5] _ready (res://scenes/screens/combat.gd:125)
       [6] <anonymous lambda> (res://tests/test_combat_screen.gd:136)
       [7] run_case (res://tests/test_base.gd:34)
       [8] run (res://tests/test_combat_screen.gd:132)
       [9] _initialize (res://tests/test_runner.gd:66)
  PASS: stage_renders_every_living_enemy_up_to_squad_max
ERROR: Unable to start the timer because it's not inside the scene tree. Either add it or set autostart to true.
   at: start (scene/main/timer.cpp:120)
   GDScript backtrace (most recent call first):
       [0] set_idle_animation (res://scenes/components/combat_stage.gd:167)
       [1] _sync_band (res://scenes/components/combat_stage.gd:742)
       [2] sync (res://scenes/components/combat_stage.gd:444)
       [3] _sync_stage (res://scenes/screens/combat.gd:192)
       [4] _sync (res://scenes/screens/combat.gd:138)
       [5] _ready (res://scenes/screens/combat.gd:125)
       [6] <anonymous lambda> (res://tests/test_combat_screen.gd:152)
       [7] run_case (res://tests/test_base.gd:34)
       [8] run (res://tests/test_combat_screen.gd:145)
       [9] _initialize (res://tests/test_runner.gd:66)
ERROR: Unable to start the timer because it's not inside the scene tree. Either add it or set autostart to true.
   at: start (scene/main/timer.cpp:120)
   GDScript backtrace (most recent call first):
       [0] set_idle_animation (res://scenes/components/combat_stage.gd:167)
       [1] _sync_band (res://scenes/components/combat_stage.gd:742)
       [2] sync (res://scenes/components/combat_stage.gd:447)
       [3] _sync_stage (res://scenes/screens/combat.gd:192)
       [4] _sync (res://scenes/screens/combat.gd:138)
       [5] _ready (res://scenes/screens/combat.gd:125)
       [6] <anonymous lambda> (res://tests/test_combat_screen.gd:152)
       [7] run_case (res://tests/test_base.gd:34)
       [8] run (res://tests/test_combat_screen.gd:145)
       [9] _initialize (res://tests/test_runner.gd:66)
  PASS: stage_excludes_koed_enemies_and_koed_allies
ERROR: Unable to start the timer because it's not inside the scene tree. Either add it or set autostart to true.
   at: start (scene/main/timer.cpp:120)
   GDScript backtrace (most recent call first):
       [0] set_idle_animation (res://scenes/components/combat_stage.gd:167)
       [1] _sync_band (res://scenes/components/combat_stage.gd:742)
       [2] sync (res://scenes/components/combat_stage.gd:444)
       [3] _sync_stage (res://scenes/screens/combat.gd:192)
       [4] _sync (res://scenes/screens/combat.gd:138)
       [5] _ready (res://scenes/screens/combat.gd:125)
       [6] <anonymous lambda> (res://tests/test_combat_screen.gd:166)
       [7] run_case (res://tests/test_base.gd:34)
       [8] run (res://tests/test_combat_screen.gd:162)
       [9] _initialize (res://tests/test_runner.gd:66)
ERROR: Unable to start the timer because it's not inside the scene tree. Either add it or set autostart to true.
   at: start (scene/main/timer.cpp:120)
   GDScript backtrace (most recent call first):
       [0] set_idle_animation (res://scenes/components/combat_stage.gd:167)
       [1] _sync_band (res://scenes/components/combat_stage.gd:742)
       [2] sync (res://scenes/components/combat_stage.gd:447)
       [3] _sync_stage (res://scenes/screens/combat.gd:192)
       [4] _sync (res://scenes/screens/combat.gd:138)
       [5] _ready (res://scenes/screens/combat.gd:125)
       [6] <anonymous lambda> (res://tests/test_combat_screen.gd:166)
       [7] run_case (res://tests/test_base.gd:34)
       [8] run (res://tests/test_combat_screen.gd:162)
       [9] _initialize (res://tests/test_runner.gd:66)
  PASS: stage_always_renders_the_player
ERROR: Unable to start the timer because it's not inside the scene tree. Either add it or set autostart to true.
   at: start (scene/main/timer.cpp:120)
   GDScript backtrace (most recent call first):
       [0] set_idle_animation (res://scenes/components/combat_stage.gd:167)
       [1] _sync_band (res://scenes/components/combat_stage.gd:742)
       [2] sync (res://scenes/components/combat_stage.gd:444)
       [3] _sync_stage (res://scenes/screens/combat.gd:192)
       [4] _sync (res://scenes/screens/combat.gd:138)
       [5] _ready (res://scenes/screens/combat.gd:125)
       [6] <anonymous lambda> (res://tests/test_combat_screen.gd:177)
       [7] run_case (res://tests/test_base.gd:34)
       [8] run (res://tests/test_combat_screen.gd:173)
       [9] _initialize (res://tests/test_runner.gd:66)
ERROR: Unable to start the timer because it's not inside the scene tree. Either add it or set autostart to true.
   at: start (scene/main/timer.cpp:120)
   GDScript backtrace (most recent call first):
       [0] set_idle_animation (res://scenes/components/combat_stage.gd:167)
       [1] _sync_band (res://scenes/components/combat_stage.gd:742)
       [2] sync (res://scenes/components/combat_stage.gd:447)
       [3] _sync_stage (res://scenes/screens/combat.gd:192)
       [4] _sync (res://scenes/screens/combat.gd:138)
       [5] _ready (res://scenes/screens/combat.gd:125)
       [6] <anonymous lambda> (res://tests/test_combat_screen.gd:177)
       [7] run_case (res://tests/test_base.gd:34)
       [8] run (res://tests/test_combat_screen.gd:173)
       [9] _initialize (res://tests/test_runner.gd:66)
  PASS: single_enemy_fight_still_fans_correctly_no_regression_for_the_common_case
ERROR: Unable to start the timer because it's not inside the scene tree. Either add it or set autostart to true.
   at: start (scene/main/timer.cpp:120)
   GDScript backtrace (most recent call first):
       [0] set_idle_animation (res://scenes/components/combat_stage.gd:167)
       [1] _sync_band (res://scenes/components/combat_stage.gd:742)
       [2] sync (res://scenes/components/combat_stage.gd:444)
       [3] _sync_stage (res://scenes/screens/combat.gd:192)
       [4] _sync (res://scenes/screens/combat.gd:138)
       [5] _ready (res://scenes/screens/combat.gd:125)
       [6] <anonymous lambda> (res://tests/test_combat_screen.gd:191)
       [7] run_case (res://tests/test_base.gd:34)
       [8] run (res://tests/test_combat_screen.gd:187)
       [9] _initialize (res://tests/test_runner.gd:66)
ERROR: Unable to start the timer because it's not inside the scene tree. Either add it or set autostart to true.
   at: start (scene/main/timer.cpp:120)
   GDScript backtrace (most recent call first):
       [0] set_idle_animation (res://scenes/components/combat_stage.gd:167)
       [1] _sync_band (res://scenes/components/combat_stage.gd:742)
       [2] sync (res://scenes/components/combat_stage.gd:447)
       [3] _sync_stage (res://scenes/screens/combat.gd:192)
       [4] _sync (res://scenes/screens/combat.gd:138)
       [5] _ready (res://scenes/screens/combat.gd:125)
       [6] <anonymous lambda> (res://tests/test_combat_screen.gd:191)
       [7] run_case (res://tests/test_base.gd:34)
       [8] run (res://tests/test_combat_screen.gd:187)
       [9] _initialize (res://tests/test_runner.gd:66)
ERROR: Unable to start the timer because it's not inside the scene tree. Either add it or set autostart to true.
   at: start (scene/main/timer.cpp:120)
   GDScript backtrace (most recent call first):
       [0] set_idle_animation (res://scenes/components/combat_stage.gd:167)
       [1] _sync_band (res://scenes/components/combat_stage.gd:742)
       [2] sync (res://scenes/components/combat_stage.gd:447)
       [3] _sync_stage (res://scenes/screens/combat.gd:192)
       [4] _sync (res://scenes/screens/combat.gd:138)
       [5] _ready (res://scenes/screens/combat.gd:125)
       [6] <anonymous lambda> (res://tests/test_combat_screen.gd:191)
       [7] run_case (res://tests/test_base.gd:34)
       [8] run (res://tests/test_combat_screen.gd:187)
       [9] _initialize (res://tests/test_runner.gd:66)
ERROR: Unable to start the timer because it's not inside the scene tree. Either add it or set autostart to true.
   at: start (scene/main/timer.cpp:120)
   GDScript backtrace (most recent call first):
       [0] set_idle_animation (res://scenes/components/combat_stage.gd:167)
       [1] _sync_band (res://scenes/components/combat_stage.gd:742)
       [2] sync (res://scenes/components/combat_stage.gd:447)
       [3] _sync_stage (res://scenes/screens/combat.gd:192)
       [4] _sync (res://scenes/screens/combat.gd:138)
       [5] _ready (res://scenes/screens/combat.gd:125)
       [6] <anonymous lambda> (res://tests/test_combat_screen.gd:191)
       [7] run_case (res://tests/test_base.gd:34)
       [8] run (res://tests/test_combat_screen.gd:187)
       [9] _initialize (res://tests/test_runner.gd:66)
  PASS: focused_enemy_index_is_the_only_slot_flagged_for_the_glow
ERROR: Unable to start the timer because it's not inside the scene tree. Either add it or set autostart to true.
   at: start (scene/main/timer.cpp:120)
   GDScript backtrace (most recent call first):
       [0] set_idle_animation (res://scenes/components/combat_stage.gd:167)
       [1] _sync_band (res://scenes/components/combat_stage.gd:742)
       [2] sync (res://scenes/components/combat_stage.gd:444)
       [3] _sync_stage (res://scenes/screens/combat.gd:192)
       [4] _sync (res://scenes/screens/combat.gd:138)
       [5] _ready (res://scenes/screens/combat.gd:125)
       [6] <anonymous lambda> (res://tests/test_combat_screen.gd:204)
       [7] run_case (res://tests/test_base.gd:34)
       [8] run (res://tests/test_combat_screen.gd:200)
       [9] _initialize (res://tests/test_runner.gd:66)
ERROR: Unable to start the timer because it's not inside the scene tree. Either add it or set autostart to true.
   at: start (scene/main/timer.cpp:120)
   GDScript backtrace (most recent call first):
       [0] set_idle_animation (res://scenes/components/combat_stage.gd:167)
       [1] _sync_band (res://scenes/components/combat_stage.gd:742)
       [2] sync (res://scenes/components/combat_stage.gd:447)
       [3] _sync_stage (res://scenes/screens/combat.gd:192)
       [4] _sync (res://scenes/screens/combat.gd:138)
       [5] _ready (res://scenes/screens/combat.gd:125)
       [6] <anonymous lambda> (res://tests/test_combat_screen.gd:204)
       [7] run_case (res://tests/test_base.gd:34)
       [8] run (res://tests/test_combat_screen.gd:200)
       [9] _initialize (res://tests/test_runner.gd:66)
  PASS: glow_never_applies_to_the_player_or_ally_band
ERROR: Unable to start the timer because it's not inside the scene tree. Either add it or set autostart to true.
   at: start (scene/main/timer.cpp:120)
   GDScript backtrace (most recent call first):
       [0] set_idle_animation (res://scenes/components/combat_stage.gd:167)
       [1] _sync_band (res://scenes/components/combat_stage.gd:742)
       [2] sync (res://scenes/components/combat_stage.gd:444)
       [3] _sync_stage (res://scenes/screens/combat.gd:192)
       [4] _sync (res://scenes/screens/combat.gd:138)
       [5] _ready (res://scenes/screens/combat.gd:125)
       [6] <anonymous lambda> (res://tests/test_combat_screen.gd:216)
       [7] run_case (res://tests/test_base.gd:34)
       [8] run (res://tests/test_combat_screen.gd:212)
       [9] _initialize (res://tests/test_runner.gd:66)
ERROR: Unable to start the timer because it's not inside the scene tree. Either add it or set autostart to true.
   at: start (scene/main/timer.cpp:120)
   GDScript backtrace (most recent call first):
       [0] set_idle_animation (res://scenes/components/combat_stage.gd:167)
       [1] _sync_band (res://scenes/components/combat_stage.gd:742)
       [2] sync (res://scenes/components/combat_stage.gd:447)
       [3] _sync_stage (res://scenes/screens/combat.gd:192)
       [4] _sync (res://scenes/screens/combat.gd:138)
       [5] _ready (res://scenes/screens/combat.gd:125)
       [6] <anonymous lambda> (res://tests/test_combat_screen.gd:216)
       [7] run_case (res://tests/test_base.gd:34)
       [8] run (res://tests/test_combat_screen.gd:212)
       [9] _initialize (res://tests/test_runner.gd:66)
ERROR: Unable to start the timer because it's not inside the scene tree. Either add it or set autostart to true.
   at: start (scene/main/timer.cpp:120)
   GDScript backtrace (most recent call first):
       [0] set_idle_animation (res://scenes/components/combat_stage.gd:167)
       [1] _sync_band (res://scenes/components/combat_stage.gd:742)
       [2] sync (res://scenes/components/combat_stage.gd:447)
       [3] _sync_stage (res://scenes/screens/combat.gd:192)
       [4] _sync (res://scenes/screens/combat.gd:138)
       [5] _ready (res://scenes/screens/combat.gd:125)
       [6] <anonymous lambda> (res://tests/test_combat_screen.gd:216)
       [7] run_case (res://tests/test_base.gd:34)
       [8] run (res://tests/test_combat_screen.gd:212)
       [9] _initialize (res://tests/test_runner.gd:66)
ERROR: Unable to start the timer because it's not inside the scene tree. Either add it or set autostart to true.
   at: start (scene/main/timer.cpp:120)
   GDScript backtrace (most recent call first):
       [0] set_idle_animation (res://scenes/components/combat_stage.gd:167)
       [1] _sync_band (res://scenes/components/combat_stage.gd:742)
       [2] sync (res://scenes/components/combat_stage.gd:447)
       [3] _sync_stage (res://scenes/screens/combat.gd:192)
       [4] _sync (res://scenes/screens/combat.gd:138)
       [5] _ready (res://scenes/screens/combat.gd:125)
       [6] <anonymous lambda> (res://tests/test_combat_screen.gd:216)
       [7] run_case (res://tests/test_base.gd:34)
       [8] run (res://tests/test_combat_screen.gd:212)
       [9] _initialize (res://tests/test_runner.gd:66)
  PASS: fan_layout_is_diagonal_not_a_flat_row
ERROR: Unable to start the timer because it's not inside the scene tree. Either add it or set autostart to true.
   at: start (scene/main/timer.cpp:120)
   GDScript backtrace (most recent call first):
       [0] set_idle_animation (res://scenes/components/combat_stage.gd:167)
       [1] _sync_band (res://scenes/components/combat_stage.gd:742)
       [2] sync (res://scenes/components/combat_stage.gd:444)
       [3] _sync_stage (res://scenes/screens/combat.gd:192)
       [4] _sync (res://scenes/screens/combat.gd:138)
       [5] _ready (res://scenes/screens/combat.gd:125)
       [6] <anonymous lambda> (res://tests/test_combat_screen.gd:233)
       [7] run_case (res://tests/test_base.gd:34)
       [8] run (res://tests/test_combat_screen.gd:229)
       [9] _initialize (res://tests/test_runner.gd:66)
ERROR: Unable to start the timer because it's not inside the scene tree. Either add it or set autostart to true.
   at: start (scene/main/timer.cpp:120)
   GDScript backtrace (most recent call first):
       [0] set_idle_animation (res://scenes/components/combat_stage.gd:167)
       [1] _sync_band (res://scenes/components/combat_stage.gd:742)
       [2] sync (res://scenes/components/combat_stage.gd:447)
       [3] _sync_stage (res://scenes/screens/combat.gd:192)
       [4] _sync (res://scenes/screens/combat.gd:138)
       [5] _ready (res://scenes/screens/combat.gd:125)
       [6] <anonymous lambda> (res://tests/test_combat_screen.gd:233)
       [7] run_case (res://tests/test_base.gd:34)
       [8] run (res://tests/test_combat_screen.gd:229)
       [9] _initialize (res://tests/test_runner.gd:66)
ERROR: Unable to start the timer because it's not inside the scene tree. Either add it or set autostart to true.
   at: start (scene/main/timer.cpp:120)
   GDScript backtrace (most recent call first):
       [0] set_idle_animation (res://scenes/components/combat_stage.gd:167)
       [1] _sync_band (res://scenes/components/combat_stage.gd:742)
       [2] sync (res://scenes/components/combat_stage.gd:447)
       [3] _sync_stage (res://scenes/screens/combat.gd:192)
       [4] _sync (res://scenes/screens/combat.gd:138)
       [5] _ready (res://scenes/screens/combat.gd:125)
       [6] <anonymous lambda> (res://tests/test_combat_screen.gd:233)
       [7] run_case (res://tests/test_base.gd:34)
       [8] run (res://tests/test_combat_screen.gd:229)
       [9] _initialize (res://tests/test_runner.gd:66)
  PASS: template_id_keyed_colour_is_deterministic_not_hardcoded_per_enemy
ERROR: Unable to start the timer because it's not inside the scene tree. Either add it or set autostart to true.
   at: start (scene/main/timer.cpp:120)
   GDScript backtrace (most recent call first):
       [0] set_idle_animation (res://scenes/components/combat_stage.gd:167)
       [1] _sync_band (res://scenes/components/combat_stage.gd:742)
       [2] sync (res://scenes/components/combat_stage.gd:444)
       [3] _sync_stage (res://scenes/screens/combat.gd:192)
       [4] _sync (res://scenes/screens/combat.gd:138)
       [5] _ready (res://scenes/screens/combat.gd:125)
       [6] <anonymous lambda> (res://tests/test_combat_screen.gd:250)
       [7] run_case (res://tests/test_base.gd:34)
       [8] run (res://tests/test_combat_screen.gd:246)
       [9] _initialize (res://tests/test_runner.gd:66)
ERROR: Unable to start the timer because it's not inside the scene tree. Either add it or set autostart to true.
   at: start (scene/main/timer.cpp:120)
   GDScript backtrace (most recent call first):
       [0] set_idle_animation (res://scenes/components/combat_stage.gd:167)
       [1] _sync_band (res://scenes/components/combat_stage.gd:742)
       [2] sync (res://scenes/components/combat_stage.gd:447)
       [3] _sync_stage (res://scenes/screens/combat.gd:192)
       [4] _sync (res://scenes/screens/combat.gd:138)
       [5] _ready (res://scenes/screens/combat.gd:125)
       [6] <anonymous lambda> (res://tests/test_combat_screen.gd:250)
       [7] run_case (res://tests/test_base.gd:34)
       [8] run (res://tests/test_combat_screen.gd:246)
       [9] _initialize (res://tests/test_runner.gd:66)
  PASS: stage_sits_in_a_recessed_dark_inset_with_a_hard_2px_border
ERROR: Unable to start the timer because it's not inside the scene tree. Either add it or set autostart to true.
   at: start (scene/main/timer.cpp:120)
   GDScript backtrace (most recent call first):
       [0] set_idle_animation (res://scenes/components/combat_stage.gd:167)
       [1] _sync_band (res://scenes/components/combat_stage.gd:742)
       [2] sync (res://scenes/components/combat_stage.gd:444)
       [3] _sync_stage (res://scenes/screens/combat.gd:192)
       [4] _sync (res://scenes/screens/combat.gd:138)
       [5] _ready (res://scenes/screens/combat.gd:125)
       [6] <anonymous lambda> (res://tests/test_combat_screen.gd:272)
       [7] run_case (res://tests/test_base.gd:34)
       [8] run (res://tests/test_combat_screen.gd:267)
       [9] _initialize (res://tests/test_runner.gd:66)
ERROR: Unable to start the timer because it's not inside the scene tree. Either add it or set autostart to true.
   at: start (scene/main/timer.cpp:120)
   GDScript backtrace (most recent call first):
       [0] set_idle_animation (res://scenes/components/combat_stage.gd:167)
       [1] _sync_band (res://scenes/components/combat_stage.gd:742)
       [2] sync (res://scenes/components/combat_stage.gd:447)
       [3] _sync_stage (res://scenes/screens/combat.gd:192)
       [4] _sync (res://scenes/screens/combat.gd:138)
       [5] _ready (res://scenes/screens/combat.gd:125)
       [6] <anonymous lambda> (res://tests/test_combat_screen.gd:272)
       [7] run_case (res://tests/test_base.gd:34)
       [8] run (res://tests/test_combat_screen.gd:267)
       [9] _initialize (res://tests/test_runner.gd:66)
ERROR: Unable to start the timer because it's not inside the scene tree. Either add it or set autostart to true.
   at: start (scene/main/timer.cpp:120)
   GDScript backtrace (most recent call first):
       [0] set_idle_animation (res://scenes/components/combat_stage.gd:167)
       [1] _sync_band (res://scenes/components/combat_stage.gd:742)
       [2] sync (res://scenes/components/combat_stage.gd:447)
       [3] _sync_stage (res://scenes/screens/combat.gd:192)
       [4] _sync (res://scenes/screens/combat.gd:138)
       [5] _ready (res://scenes/screens/combat.gd:125)
       [6] <anonymous lambda> (res://tests/test_combat_screen.gd:272)
       [7] run_case (res://tests/test_base.gd:34)
       [8] run (res://tests/test_combat_screen.gd:267)
       [9] _initialize (res://tests/test_runner.gd:66)
  PASS: stage_rendering_never_mutates_game_state
ERROR: Unable to start the timer because it's not inside the scene tree. Either add it or set autostart to true.
   at: start (scene/main/timer.cpp:120)
   GDScript backtrace (most recent call first):
       [0] set_idle_animation (res://scenes/components/combat_stage.gd:167)
       [1] _sync_band (res://scenes/components/combat_stage.gd:742)
       [2] sync (res://scenes/components/combat_stage.gd:444)
       [3] _sync_stage (res://scenes/screens/combat.gd:192)
       [4] _sync (res://scenes/screens/combat.gd:138)
       [5] _ready (res://scenes/screens/combat.gd:125)
       [6] <anonymous lambda> (res://tests/test_combat_screen.gd:285)
       [7] run_case (res://tests/test_base.gd:34)
       [8] run (res://tests/test_combat_screen.gd:281)
       [9] _initialize (res://tests/test_runner.gd:66)
ERROR: Unable to start the timer because it's not inside the scene tree. Either add it or set autostart to true.
   at: start (scene/main/timer.cpp:120)
   GDScript backtrace (most recent call first):
       [0] set_idle_animation (res://scenes/components/combat_stage.gd:167)
       [1] _sync_band (res://scenes/components/combat_stage.gd:742)
       [2] sync (res://scenes/components/combat_stage.gd:447)
       [3] _sync_stage (res://scenes/screens/combat.gd:192)
       [4] _sync (res://scenes/screens/combat.gd:138)
       [5] _ready (res://scenes/screens/combat.gd:125)
       [6] <anonymous lambda> (res://tests/test_combat_screen.gd:285)
       [7] run_case (res://tests/test_base.gd:34)
       [8] run (res://tests/test_combat_screen.gd:281)
       [9] _initialize (res://tests/test_runner.gd:66)
  PASS: stage_slots_carry_no_interim_name_or_hp_labels_any_more
ERROR: Unable to start the timer because it's not inside the scene tree. Either add it or set autostart to true.
   at: start (scene/main/timer.cpp:120)
   GDScript backtrace (most recent call first):
       [0] set_idle_animation (res://scenes/components/combat_stage.gd:167)
       [1] _sync_band (res://scenes/components/combat_stage.gd:742)
       [2] sync (res://scenes/components/combat_stage.gd:444)
       [3] _sync_stage (res://scenes/screens/combat.gd:192)
       [4] _sync (res://scenes/screens/combat.gd:138)
       [5] _ready (res://scenes/screens/combat.gd:125)
       [6] <anonymous lambda> (res://tests/test_combat_screen.gd:307)
       [7] run_case (res://tests/test_base.gd:34)
       [8] run (res://tests/test_combat_screen.gd:303)
       [9] _initialize (res://tests/test_runner.gd:66)
ERROR: Unable to start the timer because it's not inside the scene tree. Either add it or set autostart to true.
   at: start (scene/main/timer.cpp:120)
   GDScript backtrace (most recent call first):
       [0] set_idle_animation (res://scenes/components/combat_stage.gd:167)
       [1] _sync_band (res://scenes/components/combat_stage.gd:742)
       [2] sync (res://scenes/components/combat_stage.gd:447)
       [3] _sync_stage (res://scenes/screens/combat.gd:192)
       [4] _sync (res://scenes/screens/combat.gd:138)
       [5] _ready (res://scenes/screens/combat.gd:125)
       [6] <anonymous lambda> (res://tests/test_combat_screen.gd:307)
       [7] run_case (res://tests/test_base.gd:34)
       [8] run (res://tests/test_combat_screen.gd:303)
       [9] _initialize (res://tests/test_runner.gd:66)
ERROR: Unable to start the timer because it's not inside the scene tree. Either add it or set autostart to true.
   at: start (scene/main/timer.cpp:120)
   GDScript backtrace (most recent call first):
       [0] set_idle_animation (res://scenes/components/combat_stage.gd:167)
       [1] _sync_band (res://scenes/components/combat_stage.gd:742)
       [2] sync (res://scenes/components/combat_stage.gd:447)
       [3] _sync_stage (res://scenes/screens/combat.gd:192)
       [4] _sync (res://scenes/screens/combat.gd:138)
       [5] _ready (res://scenes/screens/combat.gd:125)
       [6] <anonymous lambda> (res://tests/test_combat_screen.gd:307)
       [7] run_case (res://tests/test_base.gd:34)
       [8] run (res://tests/test_combat_screen.gd:303)
       [9] _initialize (res://tests/test_runner.gd:66)
  PASS: turn_order_strip_renders_one_card_per_living_combatant
ERROR: Unable to start the timer because it's not inside the scene tree. Either add it or set autostart to true.
   at: start (scene/main/timer.cpp:120)
   GDScript backtrace (most recent call first):
       [0] set_idle_animation (res://scenes/components/combat_stage.gd:167)
       [1] _sync_band (res://scenes/components/combat_stage.gd:742)
       [2] sync (res://scenes/components/combat_stage.gd:444)
       [3] _sync_stage (res://scenes/screens/combat.gd:192)
       [4] _sync (res://scenes/screens/combat.gd:138)
       [5] _ready (res://scenes/screens/combat.gd:125)
       [6] <anonymous lambda> (res://tests/test_combat_screen.gd:322)
       [7] run_case (res://tests/test_base.gd:34)
       [8] run (res://tests/test_combat_screen.gd:318)
       [9] _initialize (res://tests/test_runner.gd:66)
ERROR: Unable to start the timer because it's not inside the scene tree. Either add it or set autostart to true.
   at: start (scene/main/timer.cpp:120)
   GDScript backtrace (most recent call first):
       [0] set_idle_animation (res://scenes/components/combat_stage.gd:167)
       [1] _sync_band (res://scenes/components/combat_stage.gd:742)
       [2] sync (res://scenes/components/combat_stage.gd:447)
       [3] _sync_stage (res://scenes/screens/combat.gd:192)
       [4] _sync (res://scenes/screens/combat.gd:138)
       [5] _ready (res://scenes/screens/combat.gd:125)
       [6] <anonymous lambda> (res://tests/test_combat_screen.gd:322)
       [7] run_case (res://tests/test_base.gd:34)
       [8] run (res://tests/test_combat_screen.gd:318)
       [9] _initialize (res://tests/test_runner.gd:66)
  PASS: turn_order_strip_excludes_koed_combatants
ERROR: Unable to start the timer because it's not inside the scene tree. Either add it or set autostart to true.
   at: start (scene/main/timer.cpp:120)
   GDScript backtrace (most recent call first):
       [0] set_idle_animation (res://scenes/components/combat_stage.gd:167)
       [1] _sync_band (res://scenes/components/combat_stage.gd:742)
       [2] sync (res://scenes/components/combat_stage.gd:444)
       [3] _sync_stage (res://scenes/screens/combat.gd:192)
       [4] _sync (res://scenes/screens/combat.gd:138)
       [5] _ready (res://scenes/screens/combat.gd:125)
       [6] <anonymous lambda> (res://tests/test_combat_screen.gd:334)
       [7] run_case (res://tests/test_base.gd:34)
       [8] run (res://tests/test_combat_screen.gd:330)
       [9] _initialize (res://tests/test_runner.gd:66)
ERROR: Unable to start the timer because it's not inside the scene tree. Either add it or set autostart to true.
   at: start (scene/main/timer.cpp:120)
   GDScript backtrace (most recent call first):
       [0] set_idle_animation (res://scenes/components/combat_stage.gd:167)
       [1] _sync_band (res://scenes/components/combat_stage.gd:742)
       [2] sync (res://scenes/components/combat_stage.gd:447)
       [3] _sync_stage (res://scenes/screens/combat.gd:192)
       [4] _sync (res://scenes/screens/combat.gd:138)
       [5] _ready (res://scenes/screens/combat.gd:125)
       [6] <anonymous lambda> (res://tests/test_combat_screen.gd:334)
       [7] run_case (res://tests/test_base.gd:34)
       [8] run (res://tests/test_combat_screen.gd:330)
       [9] _initialize (res://tests/test_runner.gd:66)
ERROR: Unable to start the timer because it's not inside the scene tree. Either add it or set autostart to true.
   at: start (scene/main/timer.cpp:120)
   GDScript backtrace (most recent call first):
       [0] set_idle_animation (res://scenes/components/combat_stage.gd:167)
       [1] _sync_band (res://scenes/components/combat_stage.gd:742)
       [2] sync (res://scenes/components/combat_stage.gd:447)
       [3] _sync_stage (res://scenes/screens/combat.gd:192)
       [4] _sync (res://scenes/screens/combat.gd:138)
       [5] _ready (res://scenes/screens/combat.gd:125)
       [6] <anonymous lambda> (res://tests/test_combat_screen.gd:334)
       [7] run_case (res://tests/test_base.gd:34)
       [8] run (res://tests/test_combat_screen.gd:330)
       [9] _initialize (res://tests/test_runner.gd:66)
ERROR: Unable to start the timer because it's not inside the scene tree. Either add it or set autostart to true.
   at: start (scene/main/timer.cpp:120)
   GDScript backtrace (most recent call first):
       [0] set_idle_animation (res://scenes/components/combat_stage.gd:167)
       [1] _sync_band (res://scenes/components/combat_stage.gd:742)
       [2] sync (res://scenes/components/combat_stage.gd:444)
       [3] _sync_stage (res://scenes/screens/combat.gd:192)
       [4] _sync (res://scenes/screens/combat.gd:138)
       [5] set_focused_enemy (res://systems/combat.gd:410)
       [6] _on_strip_selection_changed (res://scenes/screens/combat.gd:188)
       [7] handle_tap (res://scenes/components/turn_order_strip.gd:374)
       [8] <anonymous lambda> (res://tests/test_combat_screen.gd:342)
       [9] run_case (res://tests/test_base.gd:34)
       [10] run (res://tests/test_combat_screen.gd:330)
       [11] _initialize (res://tests/test_runner.gd:66)
ERROR: Unable to start the timer because it's not inside the scene tree. Either add it or set autostart to true.
   at: start (scene/main/timer.cpp:120)
   GDScript backtrace (most recent call first):
       [0] set_idle_animation (res://scenes/components/combat_stage.gd:167)
       [1] _sync_band (res://scenes/components/combat_stage.gd:742)
       [2] sync (res://scenes/components/combat_stage.gd:447)
       [3] _sync_stage (res://scenes/screens/combat.gd:192)
       [4] _sync (res://scenes/screens/combat.gd:138)
       [5] set_focused_enemy (res://systems/combat.gd:410)
       [6] _on_strip_selection_changed (res://scenes/screens/combat.gd:188)
       [7] handle_tap (res://scenes/components/turn_order_strip.gd:374)
       [8] <anonymous lambda> (res://tests/test_combat_screen.gd:342)
       [9] run_case (res://tests/test_base.gd:34)
       [10] run (res://tests/test_combat_screen.gd:330)
       [11] _initialize (res://tests/test_runner.gd:66)
ERROR: Unable to start the timer because it's not inside the scene tree. Either add it or set autostart to true.
   at: start (scene/main/timer.cpp:120)
   GDScript backtrace (most recent call first):
       [0] set_idle_animation (res://scenes/components/combat_stage.gd:167)
       [1] _sync_band (res://scenes/components/combat_stage.gd:742)
       [2] sync (res://scenes/components/combat_stage.gd:447)
       [3] _sync_stage (res://scenes/screens/combat.gd:192)
       [4] _sync (res://scenes/screens/combat.gd:138)
       [5] set_focused_enemy (res://systems/combat.gd:410)
       [6] _on_strip_selection_changed (res://scenes/screens/combat.gd:188)
       [7] handle_tap (res://scenes/components/turn_order_strip.gd:374)
       [8] <anonymous lambda> (res://tests/test_combat_screen.gd:342)
       [9] run_case (res://tests/test_base.gd:34)
       [10] run (res://tests/test_combat_screen.gd:330)
       [11] _initialize (res://tests/test_runner.gd:66)
  PASS: tapping_the_strip_to_an_enemy_routes_through_Combat_set_focused_enemy
ERROR: Unable to start the timer because it's not inside the scene tree. Either add it or set autostart to true.
   at: start (scene/main/timer.cpp:120)
   GDScript backtrace (most recent call first):
       [0] set_idle_animation (res://scenes/components/combat_stage.gd:167)
       [1] _sync_band (res://scenes/components/combat_stage.gd:742)
       [2] sync (res://scenes/components/combat_stage.gd:444)
       [3] _sync_stage (res://scenes/screens/combat.gd:192)
       [4] _sync (res://scenes/screens/combat.gd:138)
       [5] _ready (res://scenes/screens/combat.gd:125)
       [6] <anonymous lambda> (res://tests/test_combat_screen.gd:353)
       [7] run_case (res://tests/test_base.gd:34)
       [8] run (res://tests/test_combat_screen.gd:349)
       [9] _initialize (res://tests/test_runner.gd:66)
ERROR: Unable to start the timer because it's not inside the scene tree. Either add it or set autostart to true.
   at: start (scene/main/timer.cpp:120)
   GDScript backtrace (most recent call first):
       [0] set_idle_animation (res://scenes/components/combat_stage.gd:167)
       [1] _sync_band (res://scenes/components/combat_stage.gd:742)
       [2] sync (res://scenes/components/combat_stage.gd:447)
       [3] _sync_stage (res://scenes/screens/combat.gd:192)
       [4] _sync (res://scenes/screens/combat.gd:138)
       [5] _ready (res://scenes/screens/combat.gd:125)
       [6] <anonymous lambda> (res://tests/test_combat_screen.gd:353)
       [7] run_case (res://tests/test_base.gd:34)
       [8] run (res://tests/test_combat_screen.gd:349)
       [9] _initialize (res://tests/test_runner.gd:66)
ERROR: Unable to start the timer because it's not inside the scene tree. Either add it or set autostart to true.
   at: start (scene/main/timer.cpp:120)
   GDScript backtrace (most recent call first):
       [0] set_idle_animation (res://scenes/components/combat_stage.gd:167)
       [1] _sync_band (res://scenes/components/combat_stage.gd:742)
       [2] sync (res://scenes/components/combat_stage.gd:447)
       [3] _sync_stage (res://scenes/screens/combat.gd:192)
       [4] _sync (res://scenes/screens/combat.gd:138)
       [5] _ready (res://scenes/screens/combat.gd:125)
       [6] <anonymous lambda> (res://tests/test_combat_screen.gd:353)
       [7] run_case (res://tests/test_base.gd:34)
       [8] run (res://tests/test_combat_screen.gd:349)
       [9] _initialize (res://tests/test_runner.gd:66)
ERROR: Unable to start the timer because it's not inside the scene tree. Either add it or set autostart to true.
   at: start (scene/main/timer.cpp:120)
   GDScript backtrace (most recent call first):
       [0] set_idle_animation (res://scenes/components/combat_stage.gd:167)
       [1] _sync_band (res://scenes/components/combat_stage.gd:742)
       [2] sync (res://scenes/components/combat_stage.gd:444)
       [3] _sync_stage (res://scenes/screens/combat.gd:192)
       [4] _sync (res://scenes/screens/combat.gd:138)
       [5] _on_strip_selection_changed (res://scenes/screens/combat.gd:190)
       [6] handle_tap (res://scenes/components/turn_order_strip.gd:374)
       [7] <anonymous lambda> (res://tests/test_combat_screen.gd:356)
       [8] run_case (res://tests/test_base.gd:34)
       [9] run (res://tests/test_combat_screen.gd:349)
       [10] _initialize (res://tests/test_runner.gd:66)
ERROR: Unable to start the timer because it's not inside the scene tree. Either add it or set autostart to true.
   at: start (scene/main/timer.cpp:120)
   GDScript backtrace (most recent call first):
       [0] set_idle_animation (res://scenes/components/combat_stage.gd:167)
       [1] _sync_band (res://scenes/components/combat_stage.gd:742)
       [2] sync (res://scenes/components/combat_stage.gd:447)
       [3] _sync_stage (res://scenes/screens/combat.gd:192)
       [4] _sync (res://scenes/screens/combat.gd:138)
       [5] _on_strip_selection_changed (res://scenes/screens/combat.gd:190)
       [6] handle_tap (res://scenes/components/turn_order_strip.gd:374)
       [7] <anonymous lambda> (res://tests/test_combat_screen.gd:356)
       [8] run_case (res://tests/test_base.gd:34)
       [9] run (res://tests/test_combat_screen.gd:349)
       [10] _initialize (res://tests/test_runner.gd:66)
ERROR: Unable to start the timer because it's not inside the scene tree. Either add it or set autostart to true.
   at: start (scene/main/timer.cpp:120)
   GDScript backtrace (most recent call first):
       [0] set_idle_animation (res://scenes/components/combat_stage.gd:167)
       [1] _sync_band (res://scenes/components/combat_stage.gd:742)
       [2] sync (res://scenes/components/combat_stage.gd:447)
       [3] _sync_stage (res://scenes/screens/combat.gd:192)
       [4] _sync (res://scenes/screens/combat.gd:138)
       [5] _on_strip_selection_changed (res://scenes/screens/combat.gd:190)
       [6] handle_tap (res://scenes/components/turn_order_strip.gd:374)
       [7] <anonymous lambda> (res://tests/test_combat_screen.gd:356)
       [8] run_case (res://tests/test_base.gd:34)
       [9] run (res://tests/test_combat_screen.gd:349)
       [10] _initialize (res://tests/test_runner.gd:66)
  PASS: tapping_the_strip_to_the_player_card_is_inert_for_targeting_but_still_moves_the_displayed_focus
ERROR: Unable to start the timer because it's not inside the scene tree. Either add it or set autostart to true.
   at: start (scene/main/timer.cpp:120)
   GDScript backtrace (most recent call first):
       [0] set_idle_animation (res://scenes/components/combat_stage.gd:167)
       [1] _sync_band (res://scenes/components/combat_stage.gd:742)
       [2] sync (res://scenes/components/combat_stage.gd:444)
       [3] _sync_stage (res://scenes/screens/combat.gd:192)
       [4] _sync (res://scenes/screens/combat.gd:138)
       [5] _ready (res://scenes/screens/combat.gd:125)
       [6] <anonymous lambda> (res://tests/test_combat_screen.gd:369)
       [7] run_case (res://tests/test_base.gd:34)
       [8] run (res://tests/test_combat_screen.gd:365)
       [9] _initialize (res://tests/test_runner.gd:66)
ERROR: Unable to start the timer because it's not inside the scene tree. Either add it or set autostart to true.
   at: start (scene/main/timer.cpp:120)
   GDScript backtrace (most recent call first):
       [0] set_idle_animation (res://scenes/components/combat_stage.gd:167)
       [1] _sync_band (res://scenes/components/combat_stage.gd:742)
       [2] sync (res://scenes/components/combat_stage.gd:447)
       [3] _sync_stage (res://scenes/screens/combat.gd:192)
       [4] _sync (res://scenes/screens/combat.gd:138)
       [5] _ready (res://scenes/screens/combat.gd:125)
       [6] <anonymous lambda> (res://tests/test_combat_screen.gd:369)
       [7] run_case (res://tests/test_base.gd:34)
       [8] run (res://tests/test_combat_screen.gd:365)
       [9] _initialize (res://tests/test_runner.gd:66)
ERROR: Unable to start the timer because it's not inside the scene tree. Either add it or set autostart to true.
   at: start (scene/main/timer.cpp:120)
   GDScript backtrace (most recent call first):
       [0] set_idle_animation (res://scenes/components/combat_stage.gd:167)
       [1] _sync_band (res://scenes/components/combat_stage.gd:742)
       [2] sync (res://scenes/components/combat_stage.gd:447)
       [3] _sync_stage (res://scenes/screens/combat.gd:192)
       [4] _sync (res://scenes/screens/combat.gd:138)
       [5] _ready (res://scenes/screens/combat.gd:125)
       [6] <anonymous lambda> (res://tests/test_combat_screen.gd:369)
       [7] run_case (res://tests/test_base.gd:34)
       [8] run (res://tests/test_combat_screen.gd:365)
       [9] _initialize (res://tests/test_runner.gd:66)
ERROR: Unable to start the timer because it's not inside the scene tree. Either add it or set autostart to true.
   at: start (scene/main/timer.cpp:120)
   GDScript backtrace (most recent call first):
       [0] set_idle_animation (res://scenes/components/combat_stage.gd:167)
       [1] _sync_band (res://scenes/components/combat_stage.gd:742)
       [2] sync (res://scenes/components/combat_stage.gd:444)
       [3] _sync_stage (res://scenes/screens/combat.gd:192)
       [4] _sync (res://scenes/screens/combat.gd:138)
       [5] set_focused_enemy (res://systems/combat.gd:410)
       [6] _on_strip_selection_changed (res://scenes/screens/combat.gd:188)
       [7] handle_tap (res://scenes/components/turn_order_strip.gd:374)
       [8] <anonymous lambda> (res://tests/test_combat_screen.gd:370)
       [9] run_case (res://tests/test_base.gd:34)
       [10] run (res://tests/test_combat_screen.gd:365)
       [11] _initialize (res://tests/test_runner.gd:66)
ERROR: Unable to start the timer because it's not inside the scene tree. Either add it or set autostart to true.
   at: start (scene/main/timer.cpp:120)
   GDScript backtrace (most recent call first):
       [0] set_idle_animation (res://scenes/components/combat_stage.gd:167)
       [1] _sync_band (res://scenes/components/combat_stage.gd:742)
       [2] sync (res://scenes/components/combat_stage.gd:447)
       [3] _sync_stage (res://scenes/screens/combat.gd:192)
       [4] _sync (res://scenes/screens/combat.gd:138)
       [5] set_focused_enemy (res://systems/combat.gd:410)
       [6] _on_strip_selection_changed (res://scenes/screens/combat.gd:188)
       [7] handle_tap (res://scenes/components/turn_order_strip.gd:374)
       [8] <anonymous lambda> (res://tests/test_combat_screen.gd:370)
       [9] run_case (res://tests/test_base.gd:34)
       [10] run (res://tests/test_combat_screen.gd:365)
       [11] _initialize (res://tests/test_runner.gd:66)
ERROR: Unable to start the timer because it's not inside the scene tree. Either add it or set autostart to true.
   at: start (scene/main/timer.cpp:120)
   GDScript backtrace (most recent call first):
       [0] set_idle_animation (res://scenes/components/combat_stage.gd:167)
       [1] _sync_band (res://scenes/components/combat_stage.gd:742)
       [2] sync (res://scenes/components/combat_stage.gd:447)
       [3] _sync_stage (res://scenes/screens/combat.gd:192)
       [4] _sync (res://scenes/screens/combat.gd:138)
       [5] set_focused_enemy (res://systems/combat.gd:410)
       [6] _on_strip_selection_changed (res://scenes/screens/combat.gd:188)
       [7] handle_tap (res://scenes/components/turn_order_strip.gd:374)
       [8] <anonymous lambda> (res://tests/test_combat_screen.gd:370)
       [9] run_case (res://tests/test_base.gd:34)
       [10] run (res://tests/test_combat_screen.gd:365)
       [11] _initialize (res://tests/test_runner.gd:66)
ERROR: Unable to start the timer because it's not inside the scene tree. Either add it or set autostart to true.
   at: start (scene/main/timer.cpp:120)
   GDScript backtrace (most recent call first):
       [0] set_idle_animation (res://scenes/components/combat_stage.gd:167)
       [1] _sync_band (res://scenes/components/combat_stage.gd:742)
       [2] sync (res://scenes/components/combat_stage.gd:444)
       [3] _sync_stage (res://scenes/screens/combat.gd:192)
       [4] _sync (res://scenes/screens/combat.gd:138)
       [5] <anonymous lambda> (res://tests/test_combat_screen.gd:377)
       [6] run_case (res://tests/test_base.gd:34)
       [7] run (res://tests/test_combat_screen.gd:365)
       [8] _initialize (res://tests/test_runner.gd:66)
ERROR: Unable to start the timer because it's not inside the scene tree. Either add it or set autostart to true.
   at: start (scene/main/timer.cpp:120)
   GDScript backtrace (most recent call first):
       [0] set_idle_animation (res://scenes/components/combat_stage.gd:167)
       [1] _sync_band (res://scenes/components/combat_stage.gd:742)
       [2] sync (res://scenes/components/combat_stage.gd:447)
       [3] _sync_stage (res://scenes/screens/combat.gd:192)
       [4] _sync (res://scenes/screens/combat.gd:138)
       [5] <anonymous lambda> (res://tests/test_combat_screen.gd:377)
       [6] run_case (res://tests/test_base.gd:34)
       [7] run (res://tests/test_combat_screen.gd:365)
       [8] _initialize (res://tests/test_runner.gd:66)
ERROR: Unable to start the timer because it's not inside the scene tree. Either add it or set autostart to true.
   at: start (scene/main/timer.cpp:120)
   GDScript backtrace (most recent call first):
       [0] set_idle_animation (res://scenes/components/combat_stage.gd:167)
       [1] _sync_band (res://scenes/components/combat_stage.gd:742)
       [2] sync (res://scenes/components/combat_stage.gd:447)
       [3] _sync_stage (res://scenes/screens/combat.gd:192)
       [4] _sync (res://scenes/screens/combat.gd:138)
       [5] <anonymous lambda> (res://tests/test_combat_screen.gd:377)
       [6] run_case (res://tests/test_base.gd:34)
       [7] run (res://tests/test_combat_screen.gd:365)
       [8] _initialize (res://tests/test_runner.gd:66)
  PASS: strip_selection_survives_a_real_state_changed_refresh_from_an_unrelated_action
ERROR: Unable to start the timer because it's not inside the scene tree. Either add it or set autostart to true.
   at: start (scene/main/timer.cpp:120)
   GDScript backtrace (most recent call first):
       [0] set_idle_animation (res://scenes/components/combat_stage.gd:167)
       [1] _sync_band (res://scenes/components/combat_stage.gd:742)
       [2] sync (res://scenes/components/combat_stage.gd:444)
       [3] _sync_stage (res://scenes/screens/combat.gd:192)
       [4] _sync (res://scenes/screens/combat.gd:138)
       [5] _ready (res://scenes/screens/combat.gd:125)
       [6] <anonymous lambda> (res://tests/test_combat_screen.gd:389)
       [7] run_case (res://tests/test_base.gd:34)
       [8] run (res://tests/test_combat_screen.gd:385)
       [9] _initialize (res://tests/test_runner.gd:66)
ERROR: Unable to start the timer because it's not inside the scene tree. Either add it or set autostart to true.
   at: start (scene/main/timer.cpp:120)
   GDScript backtrace (most recent call first):
       [0] set_idle_animation (res://scenes/components/combat_stage.gd:167)
       [1] _sync_band (res://scenes/components/combat_stage.gd:742)
       [2] sync (res://scenes/components/combat_stage.gd:447)
       [3] _sync_stage (res://scenes/screens/combat.gd:192)
       [4] _sync (res://scenes/screens/combat.gd:138)
       [5] _ready (res://scenes/screens/combat.gd:125)
       [6] <anonymous lambda> (res://tests/test_combat_screen.gd:389)
       [7] run_case (res://tests/test_base.gd:34)
       [8] run (res://tests/test_combat_screen.gd:385)
       [9] _initialize (res://tests/test_runner.gd:66)
ERROR: Unable to start the timer because it's not inside the scene tree. Either add it or set autostart to true.
   at: start (scene/main/timer.cpp:120)
   GDScript backtrace (most recent call first):
       [0] set_idle_animation (res://scenes/components/combat_stage.gd:167)
       [1] _sync_band (res://scenes/components/combat_stage.gd:742)
       [2] sync (res://scenes/components/combat_stage.gd:447)
       [3] _sync_stage (res://scenes/screens/combat.gd:192)
       [4] _sync (res://scenes/screens/combat.gd:138)
       [5] _ready (res://scenes/screens/combat.gd:125)
       [6] <anonymous lambda> (res://tests/test_combat_screen.gd:389)
       [7] run_case (res://tests/test_base.gd:34)
       [8] run (res://tests/test_combat_screen.gd:385)
       [9] _initialize (res://tests/test_runner.gd:66)
ERROR: Unable to start the timer because it's not inside the scene tree. Either add it or set autostart to true.
   at: start (scene/main/timer.cpp:120)
   GDScript backtrace (most recent call first):
       [0] set_idle_animation (res://scenes/components/combat_stage.gd:167)
       [1] _sync_band (res://scenes/components/combat_stage.gd:742)
       [2] sync (res://scenes/components/combat_stage.gd:444)
       [3] _sync_stage (res://scenes/screens/combat.gd:192)
       [4] _sync (res://scenes/screens/combat.gd:138)
       [5] player_attack (res://systems/combat.gd:661)
       [6] <anonymous lambda> (res://tests/test_combat_screen.gd:395)
       [7] run_case (res://tests/test_base.gd:34)
       [8] run (res://tests/test_combat_screen.gd:385)
       [9] _initialize (res://tests/test_runner.gd:66)
ERROR: Unable to start the timer because it's not inside the scene tree. Either add it or set autostart to true.
   at: start (scene/main/timer.cpp:120)
   GDScript backtrace (most recent call first):
       [0] set_idle_animation (res://scenes/components/combat_stage.gd:167)
       [1] _sync_band (res://scenes/components/combat_stage.gd:742)
       [2] sync (res://scenes/components/combat_stage.gd:447)
       [3] _sync_stage (res://scenes/screens/combat.gd:192)
       [4] _sync (res://scenes/screens/combat.gd:138)
       [5] player_attack (res://systems/combat.gd:661)
       [6] <anonymous lambda> (res://tests/test_combat_screen.gd:395)
       [7] run_case (res://tests/test_base.gd:34)
       [8] run (res://tests/test_combat_screen.gd:385)
       [9] _initialize (res://tests/test_runner.gd:66)
  PASS: a_real_kill_mid_fight_re_sorts_the_on_screen_strip
ERROR: Unable to start the timer because it's not inside the scene tree. Either add it or set autostart to true.
   at: start (scene/main/timer.cpp:120)
   GDScript backtrace (most recent call first):
       [0] set_idle_animation (res://scenes/components/combat_stage.gd:167)
       [1] _sync_band (res://scenes/components/combat_stage.gd:742)
       [2] sync (res://scenes/components/combat_stage.gd:444)
       [3] _sync_stage (res://scenes/screens/combat.gd:192)
       [4] _sync (res://scenes/screens/combat.gd:138)
       [5] _ready (res://scenes/screens/combat.gd:125)
       [6] <anonymous lambda> (res://tests/test_combat_screen.gd:413)
       [7] run_case (res://tests/test_base.gd:34)
       [8] run (res://tests/test_combat_screen.gd:409)
       [9] _initialize (res://tests/test_runner.gd:66)
ERROR: Unable to start the timer because it's not inside the scene tree. Either add it or set autostart to true.
   at: start (scene/main/timer.cpp:120)
   GDScript backtrace (most recent call first):
       [0] set_idle_animation (res://scenes/components/combat_stage.gd:167)
       [1] _sync_band (res://scenes/components/combat_stage.gd:742)
       [2] sync (res://scenes/components/combat_stage.gd:447)
       [3] _sync_stage (res://scenes/screens/combat.gd:192)
       [4] _sync (res://scenes/screens/combat.gd:138)
       [5] _ready (res://scenes/screens/combat.gd:125)
       [6] <anonymous lambda> (res://tests/test_combat_screen.gd:413)
       [7] run_case (res://tests/test_base.gd:34)
       [8] run (res://tests/test_combat_screen.gd:409)
       [9] _initialize (res://tests/test_runner.gd:66)
  PASS: command_deck_renders_attack_item_and_run_as_cards_wrapping_the_same_handler_labels
ERROR: Unable to start the timer because it's not inside the scene tree. Either add it or set autostart to true.
   at: start (scene/main/timer.cpp:120)
   GDScript backtrace (most recent call first):
       [0] set_idle_animation (res://scenes/components/combat_stage.gd:167)
       [1] _sync_band (res://scenes/components/combat_stage.gd:742)
       [2] sync (res://scenes/components/combat_stage.gd:444)
       [3] _sync_stage (res://scenes/screens/combat.gd:192)
       [4] _sync (res://scenes/screens/combat.gd:138)
       [5] _ready (res://scenes/screens/combat.gd:125)
       [6] <anonymous lambda> (res://tests/test_combat_screen.gd:438)
       [7] run_case (res://tests/test_base.gd:34)
       [8] run (res://tests/test_combat_screen.gd:433)
       [9] _initialize (res://tests/test_runner.gd:66)
ERROR: Unable to start the timer because it's not inside the scene tree. Either add it or set autostart to true.
   at: start (scene/main/timer.cpp:120)
   GDScript backtrace (most recent call first):
       [0] set_idle_animation (res://scenes/components/combat_stage.gd:167)
       [1] _sync_band (res://scenes/components/combat_stage.gd:742)
       [2] sync (res://scenes/components/combat_stage.gd:447)
       [3] _sync_stage (res://scenes/screens/combat.gd:192)
       [4] _sync (res://scenes/screens/combat.gd:138)
       [5] _ready (res://scenes/screens/combat.gd:125)
       [6] <anonymous lambda> (res://tests/test_combat_screen.gd:438)
       [7] run_case (res://tests/test_base.gd:34)
       [8] run (res://tests/test_combat_screen.gd:433)
       [9] _initialize (res://tests/test_runner.gd:66)
  PASS: item_card_is_disabled_when_the_player_has_nothing_usable_same_gate_as_before
ERROR: Unable to start the timer because it's not inside the scene tree. Either add it or set autostart to true.
   at: start (scene/main/timer.cpp:120)
   GDScript backtrace (most recent call first):
       [0] set_idle_animation (res://scenes/components/combat_stage.gd:167)
       [1] _sync_band (res://scenes/components/combat_stage.gd:742)
       [2] sync (res://scenes/components/combat_stage.gd:444)
       [3] _sync_stage (res://scenes/screens/combat.gd:192)
       [4] _sync (res://scenes/screens/combat.gd:138)
       [5] _ready (res://scenes/screens/combat.gd:125)
       [6] <anonymous lambda> (res://tests/test_combat_screen.gd:456)
       [7] run_case (res://tests/test_base.gd:34)
       [8] run (res://tests/test_combat_screen.gd:452)
       [9] _initialize (res://tests/test_runner.gd:66)
ERROR: Unable to start the timer because it's not inside the scene tree. Either add it or set autostart to true.
   at: start (scene/main/timer.cpp:120)
   GDScript backtrace (most recent call first):
       [0] set_idle_animation (res://scenes/components/combat_stage.gd:167)
       [1] _sync_band (res://scenes/components/combat_stage.gd:742)
       [2] sync (res://scenes/components/combat_stage.gd:447)
       [3] _sync_stage (res://scenes/screens/combat.gd:192)
       [4] _sync (res://scenes/screens/combat.gd:138)
       [5] _ready (res://scenes/screens/combat.gd:125)
       [6] <anonymous lambda> (res://tests/test_combat_screen.gd:456)
       [7] run_case (res://tests/test_base.gd:34)
       [8] run (res://tests/test_combat_screen.gd:452)
       [9] _initialize (res://tests/test_runner.gd:66)
  PASS: attack_card_uses_ui_action_red_not_the_default_theme_amber
ERROR: Unable to start the timer because it's not inside the scene tree. Either add it or set autostart to true.
   at: start (scene/main/timer.cpp:120)
   GDScript backtrace (most recent call first):
       [0] set_idle_animation (res://scenes/components/combat_stage.gd:167)
       [1] _sync_band (res://scenes/components/combat_stage.gd:742)
       [2] sync (res://scenes/components/combat_stage.gd:444)
       [3] _sync_stage (res://scenes/screens/combat.gd:192)
       [4] _sync (res://scenes/screens/combat.gd:138)
       [5] _ready (res://scenes/screens/combat.gd:125)
       [6] <anonymous lambda> (res://tests/test_combat_screen.gd:481)
       [7] run_case (res://tests/test_base.gd:34)
       [8] run (res://tests/test_combat_screen.gd:476)
       [9] _initialize (res://tests/test_runner.gd:66)
ERROR: Unable to start the timer because it's not inside the scene tree. Either add it or set autostart to true.
   at: start (scene/main/timer.cpp:120)
   GDScript backtrace (most recent call first):
       [0] set_idle_animation (res://scenes/components/combat_stage.gd:167)
       [1] _sync_band (res://scenes/components/combat_stage.gd:742)
       [2] sync (res://scenes/components/combat_stage.gd:447)
       [3] _sync_stage (res://scenes/screens/combat.gd:192)
       [4] _sync (res://scenes/screens/combat.gd:138)
       [5] _ready (res://scenes/screens/combat.gd:125)
       [6] <anonymous lambda> (res://tests/test_combat_screen.gd:481)
       [7] run_case (res://tests/test_base.gd:34)
       [8] run (res://tests/test_combat_screen.gd:476)
       [9] _initialize (res://tests/test_runner.gd:66)
  PASS: disabled_item_card_reads_muted_grey_not_ui_action_red
ERROR: Unable to start the timer because it's not inside the scene tree. Either add it or set autostart to true.
   at: start (scene/main/timer.cpp:120)
   GDScript backtrace (most recent call first):
       [0] set_idle_animation (res://scenes/components/combat_stage.gd:167)
       [1] _sync_band (res://scenes/components/combat_stage.gd:742)
       [2] sync (res://scenes/components/combat_stage.gd:444)
       [3] _sync_stage (res://scenes/screens/combat.gd:192)
       [4] _sync (res://scenes/screens/combat.gd:138)
       [5] _ready (res://scenes/screens/combat.gd:125)
       [6] <anonymous lambda> (res://tests/test_combat_screen.gd:501)
       [7] run_case (res://tests/test_base.gd:34)
       [8] run (res://tests/test_combat_screen.gd:496)
       [9] _initialize (res://tests/test_runner.gd:66)
ERROR: Unable to start the timer because it's not inside the scene tree. Either add it or set autostart to true.
   at: start (scene/main/timer.cpp:120)
   GDScript backtrace (most recent call first):
       [0] set_idle_animation (res://scenes/components/combat_stage.gd:167)
       [1] _sync_band (res://scenes/components/combat_stage.gd:742)
       [2] sync (res://scenes/components/combat_stage.gd:447)
       [3] _sync_stage (res://scenes/screens/combat.gd:192)
       [4] _sync (res://scenes/screens/combat.gd:138)
       [5] _ready (res://scenes/screens/combat.gd:125)
       [6] <anonymous lambda> (res://tests/test_combat_screen.gd:501)
       [7] run_case (res://tests/test_base.gd:34)
       [8] run (res://tests/test_combat_screen.gd:496)
       [9] _initialize (res://tests/test_runner.gd:66)
  PASS: dial_widget_does_not_render_when_the_player_has_no_dial
ERROR: Unable to start the timer because it's not inside the scene tree. Either add it or set autostart to true.
   at: start (scene/main/timer.cpp:120)
   GDScript backtrace (most recent call first):
       [0] set_idle_animation (res://scenes/components/combat_stage.gd:167)
       [1] _sync_band (res://scenes/components/combat_stage.gd:742)
       [2] sync (res://scenes/components/combat_stage.gd:444)
       [3] _sync_stage (res://scenes/screens/combat.gd:192)
       [4] _sync (res://scenes/screens/combat.gd:138)
       [5] _ready (res://scenes/screens/combat.gd:125)
       [6] <anonymous lambda> (res://tests/test_combat_screen.gd:519)
       [7] run_case (res://tests/test_base.gd:34)
       [8] run (res://tests/test_combat_screen.gd:514)
       [9] _initialize (res://tests/test_runner.gd:66)
ERROR: Unable to start the timer because it's not inside the scene tree. Either add it or set autostart to true.
   at: start (scene/main/timer.cpp:120)
   GDScript backtrace (most recent call first):
       [0] set_idle_animation (res://scenes/components/combat_stage.gd:167)
       [1] _sync_band (res://scenes/components/combat_stage.gd:742)
       [2] sync (res://scenes/components/combat_stage.gd:447)
       [3] _sync_stage (res://scenes/screens/combat.gd:192)
       [4] _sync (res://scenes/screens/combat.gd:138)
       [5] _ready (res://scenes/screens/combat.gd:125)
       [6] <anonymous lambda> (res://tests/test_combat_screen.gd:519)
       [7] run_case (res://tests/test_base.gd:34)
       [8] run (res://tests/test_combat_screen.gd:514)
       [9] _initialize (res://tests/test_runner.gd:66)
  PASS: dial_widget_still_renders_with_an_empty_loadout_now_that_its_always_shown_furniture
ERROR: Unable to start the timer because it's not inside the scene tree. Either add it or set autostart to true.
   at: start (scene/main/timer.cpp:120)
   GDScript backtrace (most recent call first):
       [0] set_idle_animation (res://scenes/components/combat_stage.gd:167)
       [1] _sync_band (res://scenes/components/combat_stage.gd:742)
       [2] sync (res://scenes/components/combat_stage.gd:444)
       [3] _sync_stage (res://scenes/screens/combat.gd:192)
       [4] _sync (res://scenes/screens/combat.gd:138)
       [5] _ready (res://scenes/screens/combat.gd:125)
       [6] <anonymous lambda> (res://tests/test_combat_screen.gd:531)
       [7] run_case (res://tests/test_base.gd:34)
       [8] run (res://tests/test_combat_screen.gd:526)
       [9] _initialize (res://tests/test_runner.gd:66)
ERROR: Unable to start the timer because it's not inside the scene tree. Either add it or set autostart to true.
   at: start (scene/main/timer.cpp:120)
   GDScript backtrace (most recent call first):
       [0] set_idle_animation (res://scenes/components/combat_stage.gd:167)
       [1] _sync_band (res://scenes/components/combat_stage.gd:742)
       [2] sync (res://scenes/components/combat_stage.gd:447)
       [3] _sync_stage (res://scenes/screens/combat.gd:192)
       [4] _sync (res://scenes/screens/combat.gd:138)
       [5] _ready (res://scenes/screens/combat.gd:125)
       [6] <anonymous lambda> (res://tests/test_combat_screen.gd:531)
       [7] run_case (res://tests/test_base.gd:34)
       [8] run (res://tests/test_combat_screen.gd:526)
       [9] _initialize (res://tests/test_runner.gd:66)
  PASS: dial_widget_renders_docked_beside_the_action_deck_when_something_is_loaded
ERROR: Unable to start the timer because it's not inside the scene tree. Either add it or set autostart to true.
   at: start (scene/main/timer.cpp:120)
   GDScript backtrace (most recent call first):
       [0] set_idle_animation (res://scenes/components/combat_stage.gd:167)
       [1] _sync_band (res://scenes/components/combat_stage.gd:742)
       [2] sync (res://scenes/components/combat_stage.gd:444)
       [3] _sync_stage (res://scenes/screens/combat.gd:192)
       [4] _sync (res://scenes/screens/combat.gd:138)
       [5] _ready (res://scenes/screens/combat.gd:125)
       [6] <anonymous lambda> (res://tests/test_combat_screen.gd:545)
       [7] run_case (res://tests/test_base.gd:34)
       [8] run (res://tests/test_combat_screen.gd:539)
       [9] _initialize (res://tests/test_runner.gd:66)
ERROR: Unable to start the timer because it's not inside the scene tree. Either add it or set autostart to true.
   at: start (scene/main/timer.cpp:120)
   GDScript backtrace (most recent call first):
       [0] set_idle_animation (res://scenes/components/combat_stage.gd:167)
       [1] _sync_band (res://scenes/components/combat_stage.gd:742)
       [2] sync (res://scenes/components/combat_stage.gd:447)
       [3] _sync_stage (res://scenes/screens/combat.gd:192)
       [4] _sync (res://scenes/screens/combat.gd:138)
       [5] _ready (res://scenes/screens/combat.gd:125)
       [6] <anonymous lambda> (res://tests/test_combat_screen.gd:545)
       [7] run_case (res://tests/test_base.gd:34)
       [8] run (res://tests/test_combat_screen.gd:539)
       [9] _initialize (res://tests/test_runner.gd:66)
  PASS: dial_widget_is_hidden_once_the_fight_has_an_outcome_same_as_the_rest_of_the_command_deck
ERROR: Unable to start the timer because it's not inside the scene tree. Either add it or set autostart to true.
   at: start (scene/main/timer.cpp:120)
   GDScript backtrace (most recent call first):
       [0] set_idle_animation (res://scenes/components/combat_stage.gd:167)
       [1] _sync_band (res://scenes/components/combat_stage.gd:742)
       [2] sync (res://scenes/components/combat_stage.gd:444)
       [3] _sync_stage (res://scenes/screens/combat.gd:192)
       [4] _sync (res://scenes/screens/combat.gd:138)
       [5] _ready (res://scenes/screens/combat.gd:125)
       [6] <anonymous lambda> (res://tests/test_combat_screen.gd:557)
       [7] run_case (res://tests/test_base.gd:34)
       [8] run (res://tests/test_combat_screen.gd:552)
       [9] _initialize (res://tests/test_runner.gd:66)
ERROR: Unable to start the timer because it's not inside the scene tree. Either add it or set autostart to true.
   at: start (scene/main/timer.cpp:120)
   GDScript backtrace (most recent call first):
       [0] set_idle_animation (res://scenes/components/combat_stage.gd:167)
       [1] _sync_band (res://scenes/components/combat_stage.gd:742)
       [2] sync (res://scenes/components/combat_stage.gd:447)
       [3] _sync_stage (res://scenes/screens/combat.gd:192)
       [4] _sync (res://scenes/screens/combat.gd:138)
       [5] _ready (res://scenes/screens/combat.gd:125)
       [6] <anonymous lambda> (res://tests/test_combat_screen.gd:557)
       [7] run_case (res://tests/test_base.gd:34)
       [8] run (res://tests/test_combat_screen.gd:552)
       [9] _initialize (res://tests/test_runner.gd:66)
ERROR: Unable to start the timer because it's not inside the scene tree. Either add it or set autostart to true.
   at: start (scene/main/timer.cpp:120)
   GDScript backtrace (most recent call first):
       [0] set_idle_animation (res://scenes/components/combat_stage.gd:167)
       [1] _sync_band (res://scenes/components/combat_stage.gd:742)
       [2] sync (res://scenes/components/combat_stage.gd:444)
       [3] _sync_stage (res://scenes/screens/combat.gd:192)
       [4] _sync (res://scenes/screens/combat.gd:138)
       [5] <anonymous lambda> (res://tests/test_combat_screen.gd:561)
       [6] run_case (res://tests/test_base.gd:34)
       [7] run (res://tests/test_combat_screen.gd:552)
       [8] _initialize (res://tests/test_runner.gd:66)
ERROR: Unable to start the timer because it's not inside the scene tree. Either add it or set autostart to true.
   at: start (scene/main/timer.cpp:120)
   GDScript backtrace (most recent call first):
       [0] set_idle_animation (res://scenes/components/combat_stage.gd:167)
       [1] _sync_band (res://scenes/components/combat_stage.gd:742)
       [2] sync (res://scenes/components/combat_stage.gd:447)
       [3] _sync_stage (res://scenes/screens/combat.gd:192)
       [4] _sync (res://scenes/screens/combat.gd:138)
       [5] <anonymous lambda> (res://tests/test_combat_screen.gd:561)
       [6] run_case (res://tests/test_base.gd:34)
       [7] run (res://tests/test_combat_screen.gd:552)
       [8] _initialize (res://tests/test_runner.gd:66)
  PASS: dial_selection_survives_a_refresh_from_an_unrelated_state_change
  PASS: command_deck_is_fully_on_screen_with_the_dial_docked_beside_a_narrower_action_deck
ERROR: Unable to start the timer because it's not inside the scene tree. Either add it or set autostart to true.
   at: start (scene/main/timer.cpp:120)
   GDScript backtrace (most recent call first):
       [0] set_idle_animation (res://scenes/components/combat_stage.gd:167)
       [1] _sync_band (res://scenes/components/combat_stage.gd:742)
       [2] sync (res://scenes/components/combat_stage.gd:444)
       [3] _sync_stage (res://scenes/screens/combat.gd:192)
       [4] _sync (res://scenes/screens/combat.gd:138)
       [5] _ready (res://scenes/screens/combat.gd:125)
       [6] <anonymous lambda> (res://tests/test_combat_screen.gd:696)
       [7] run_case (res://tests/test_base.gd:34)
       [8] run (res://tests/test_combat_screen.gd:682)
       [9] run_case (res://tests/test_base.gd:38)
       [10] <anonymous lambda> (res://tests/test_combat_screen.gd:669)
ERROR: Unable to start the timer because it's not inside the scene tree. Either add it or set autostart to true.
   at: start (scene/main/timer.cpp:120)
   GDScript backtrace (most recent call first):
       [0] set_idle_animation (res://scenes/components/combat_stage.gd:167)
       [1] _sync_band (res://scenes/components/combat_stage.gd:742)
       [2] sync (res://scenes/components/combat_stage.gd:447)
       [3] _sync_stage (res://scenes/screens/combat.gd:192)
       [4] _sync (res://scenes/screens/combat.gd:138)
       [5] _ready (res://scenes/screens/combat.gd:125)
       [6] <anonymous lambda> (res://tests/test_combat_screen.gd:696)
       [7] run_case (res://tests/test_base.gd:34)
       [8] run (res://tests/test_combat_screen.gd:682)
       [9] run_case (res://tests/test_base.gd:38)
       [10] <anonymous lambda> (res://tests/test_combat_screen.gd:669)
  PASS: mid_fight_footer_holder_is_empty_command_deck_lives_in_the_dock
ERROR: Unable to start the timer because it's not inside the scene tree. Either add it or set autostart to true.
   at: start (scene/main/timer.cpp:120)
   GDScript backtrace (most recent call first):
       [0] set_idle_animation (res://scenes/components/combat_stage.gd:167)
       [1] _sync_band (res://scenes/components/combat_stage.gd:742)
       [2] sync (res://scenes/components/combat_stage.gd:444)
       [3] _sync_stage (res://scenes/screens/combat.gd:192)
       [4] _sync (res://scenes/screens/combat.gd:138)
       [5] _ready (res://scenes/screens/combat.gd:125)
       [6] <anonymous lambda> (res://tests/test_combat_screen.gd:715)
       [7] run_case (res://tests/test_base.gd:34)
       [8] run (res://tests/test_combat_screen.gd:704)
       [9] run_case (res://tests/test_base.gd:38)
       [10] <anonymous lambda> (res://tests/test_combat_screen.gd:669)
ERROR: Unable to start the timer because it's not inside the scene tree. Either add it or set autostart to true.
   at: start (scene/main/timer.cpp:120)
   GDScript backtrace (most recent call first):
       [0] set_idle_animation (res://scenes/components/combat_stage.gd:167)
       [1] _sync_band (res://scenes/components/combat_stage.gd:742)
       [2] sync (res://scenes/components/combat_stage.gd:447)
       [3] _sync_stage (res://scenes/screens/combat.gd:192)
       [4] _sync (res://scenes/screens/combat.gd:138)
       [5] _ready (res://scenes/screens/combat.gd:125)
       [6] <anonymous lambda> (res://tests/test_combat_screen.gd:715)
       [7] run_case (res://tests/test_base.gd:34)
       [8] run (res://tests/test_combat_screen.gd:704)
       [9] run_case (res://tests/test_base.gd:38)
       [10] <anonymous lambda> (res://tests/test_combat_screen.gd:669)
ERROR: Unable to start the timer because it's not inside the scene tree. Either add it or set autostart to true.
   at: start (scene/main/timer.cpp:120)
   GDScript backtrace (most recent call first):
       [0] set_idle_animation (res://scenes/components/combat_stage.gd:167)
       [1] _sync_band (res://scenes/components/combat_stage.gd:742)
       [2] sync (res://scenes/components/combat_stage.gd:444)
       [3] _sync_stage (res://scenes/screens/combat.gd:192)
       [4] _sync (res://scenes/screens/combat.gd:138)
       [5] push (res://systems/notify.gd:40)
       [6] _push_revealed_log_line (res://scenes/screens/combat.gd:234)
       [7] _on_beat_played (res://scenes/screens/combat.gd:238)
       [8] <anonymous lambda> (res://tests/test_combat_screen.gd:718)
       [9] run_case (res://tests/test_base.gd:34)
       [10] run (res://tests/test_combat_screen.gd:704)
       [11] run_case (res://tests/test_base.gd:38)
       [12] <anonymous lambda> (res://tests/test_combat_screen.gd:669)
ERROR: Unable to start the timer because it's not inside the scene tree. Either add it or set autostart to true.
   at: start (scene/main/timer.cpp:120)
   GDScript backtrace (most recent call first):
       [0] set_idle_animation (res://scenes/components/combat_stage.gd:167)
       [1] _sync_band (res://scenes/components/combat_stage.gd:742)
       [2] sync (res://scenes/components/combat_stage.gd:447)
       [3] _sync_stage (res://scenes/screens/combat.gd:192)
       [4] _sync (res://scenes/screens/combat.gd:138)
       [5] push (res://systems/notify.gd:40)
       [6] _push_revealed_log_line (res://scenes/screens/combat.gd:234)
       [7] _on_beat_played (res://scenes/screens/combat.gd:238)
       [8] <anonymous lambda> (res://tests/test_combat_screen.gd:718)
       [9] run_case (res://tests/test_base.gd:34)
       [10] run (res://tests/test_combat_screen.gd:704)
       [11] run_case (res://tests/test_base.gd:38)
       [12] <anonymous lambda> (res://tests/test_combat_screen.gd:669)
ERROR: Unable to start the timer because it's not inside the scene tree. Either add it or set autostart to true.
   at: start (scene/main/timer.cpp:120)
   GDScript backtrace (most recent call first):
       [0] _start_one_shot (res://scenes/components/combat_stage.gd:366)
       [1] play_attack (res://scenes/components/combat_stage.gd:226)
       [2] _on_beat_played (res://scenes/screens/combat.gd:248)
       [3] <anonymous lambda> (res://tests/test_combat_screen.gd:718)
       [4] run_case (res://tests/test_base.gd:34)
       [5] run (res://tests/test_combat_screen.gd:704)
       [6] run_case (res://tests/test_base.gd:38)
       [7] <anonymous lambda> (res://tests/test_combat_screen.gd:669)
  PASS: beat_played_posts_the_newly_revealed_combat_log_line_as_a_live_notification
ERROR: Unable to start the timer because it's not inside the scene tree. Either add it or set autostart to true.
   at: start (scene/main/timer.cpp:120)
   GDScript backtrace (most recent call first):
       [0] set_idle_animation (res://scenes/components/combat_stage.gd:167)
       [1] _sync_band (res://scenes/components/combat_stage.gd:742)
       [2] sync (res://scenes/components/combat_stage.gd:444)
       [3] _sync_stage (res://scenes/screens/combat.gd:192)
       [4] _sync (res://scenes/screens/combat.gd:138)
       [5] _ready (res://scenes/screens/combat.gd:125)
       [6] <anonymous lambda> (res://tests/test_combat_screen.gd:736)
       [7] run_case (res://tests/test_base.gd:34)
       [8] run (res://tests/test_combat_screen.gd:728)
       [9] run_case (res://tests/test_base.gd:38)
       [10] <anonymous lambda> (res://tests/test_combat_screen.gd:669)
ERROR: Unable to start the timer because it's not inside the scene tree. Either add it or set autostart to true.
   at: start (scene/main/timer.cpp:120)
   GDScript backtrace (most recent call first):
       [0] set_idle_animation (res://scenes/components/combat_stage.gd:167)
       [1] _sync_band (res://scenes/components/combat_stage.gd:742)
       [2] sync (res://scenes/components/combat_stage.gd:447)
       [3] _sync_stage (res://scenes/screens/combat.gd:192)
       [4] _sync (res://scenes/screens/combat.gd:138)
       [5] _ready (res://scenes/screens/combat.gd:125)
       [6] <anonymous lambda> (res://tests/test_combat_screen.gd:736)
       [7] run_case (res://tests/test_base.gd:34)
       [8] run (res://tests/test_combat_screen.gd:728)
       [9] run_case (res://tests/test_base.gd:38)
       [10] <anonymous lambda> (res://tests/test_combat_screen.gd:669)
ERROR: Unable to start the timer because it's not inside the scene tree. Either add it or set autostart to true.
   at: start (scene/main/timer.cpp:120)
   GDScript backtrace (most recent call first):
       [0] _start_one_shot (res://scenes/components/combat_stage.gd:366)
       [1] play_attack (res://scenes/components/combat_stage.gd:226)
       [2] _on_beat_played (res://scenes/screens/combat.gd:248)
       [3] <anonymous lambda> (res://tests/test_combat_screen.gd:738)
       [4] run_case (res://tests/test_base.gd:34)
       [5] run (res://tests/test_combat_screen.gd:728)
       [6] run_case (res://tests/test_base.gd:38)
       [7] <anonymous lambda> (res://tests/test_combat_screen.gd:669)
  PASS: beat_played_never_posts_a_notification_when_no_new_log_line_was_revealed
ERROR: Unable to start the timer because it's not inside the scene tree. Either add it or set autostart to true.
   at: start (scene/main/timer.cpp:120)
   GDScript backtrace (most recent call first):
       [0] set_idle_animation (res://scenes/components/combat_stage.gd:167)
       [1] _sync_band (res://scenes/components/combat_stage.gd:742)
       [2] sync (res://scenes/components/combat_stage.gd:444)
       [3] _sync_stage (res://scenes/screens/combat.gd:192)
       [4] _sync (res://scenes/screens/combat.gd:138)
       [5] _ready (res://scenes/screens/combat.gd:125)
       [6] <anonymous lambda> (res://tests/test_combat_screen.gd:758)
       [7] run_case (res://tests/test_base.gd:34)
       [8] run (res://tests/test_combat_screen.gd:753)
       [9] run_case (res://tests/test_base.gd:38)
       [10] <anonymous lambda> (res://tests/test_combat_screen.gd:669)
ERROR: Unable to start the timer because it's not inside the scene tree. Either add it or set autostart to true.
   at: start (scene/main/timer.cpp:120)
   GDScript backtrace (most recent call first):
       [0] set_idle_animation (res://scenes/components/combat_stage.gd:167)
       [1] _sync_band (res://scenes/components/combat_stage.gd:742)
       [2] sync (res://scenes/components/combat_stage.gd:447)
       [3] _sync_stage (res://scenes/screens/combat.gd:192)
       [4] _sync (res://scenes/screens/combat.gd:138)
       [5] _ready (res://scenes/screens/combat.gd:125)
       [6] <anonymous lambda> (res://tests/test_combat_screen.gd:758)
       [7] run_case (res://tests/test_base.gd:34)
       [8] run (res://tests/test_combat_screen.gd:753)
       [9] run_case (res://tests/test_base.gd:38)
       [10] <anonymous lambda> (res://tests/test_combat_screen.gd:669)
  PASS: action_card_buttons_keep_their_own_compact_size_rather_than_stretching_to_the_dials_height
ERROR: Unable to start the timer because it's not inside the scene tree. Either add it or set autostart to true.
   at: start (scene/main/timer.cpp:120)
   GDScript backtrace (most recent call first):
       [0] set_idle_animation (res://scenes/components/combat_stage.gd:167)
       [1] _sync_band (res://scenes/components/combat_stage.gd:742)
       [2] sync (res://scenes/components/combat_stage.gd:444)
       [3] _sync_stage (res://scenes/screens/combat.gd:192)
       [4] _sync (res://scenes/screens/combat.gd:138)
       [5] _ready (res://scenes/screens/combat.gd:125)
       [6] <anonymous lambda> (res://tests/test_combat_screen.gd:785)
       [7] run_case (res://tests/test_base.gd:34)
       [8] run (res://tests/test_combat_screen.gd:775)
       [9] run_case (res://tests/test_base.gd:38)
       [10] <anonymous lambda> (res://tests/test_combat_screen.gd:669)
ERROR: Unable to start the timer because it's not inside the scene tree. Either add it or set autostart to true.
   at: start (scene/main/timer.cpp:120)
   GDScript backtrace (most recent call first):
       [0] set_idle_animation (res://scenes/components/combat_stage.gd:167)
       [1] _sync_band (res://scenes/components/combat_stage.gd:742)
       [2] sync (res://scenes/components/combat_stage.gd:447)
       [3] _sync_stage (res://scenes/screens/combat.gd:192)
       [4] _sync (res://scenes/screens/combat.gd:138)
       [5] _ready (res://scenes/screens/combat.gd:125)
       [6] <anonymous lambda> (res://tests/test_combat_screen.gd:785)
       [7] run_case (res://tests/test_base.gd:34)
       [8] run (res://tests/test_combat_screen.gd:775)
       [9] run_case (res://tests/test_base.gd:38)
       [10] <anonymous lambda> (res://tests/test_combat_screen.gd:669)
  PASS: post_combat_footer_is_just_the_outcome_button_no_recap_log
ERROR: Unable to start the timer because it's not inside the scene tree. Either add it or set autostart to true.
   at: start (scene/main/timer.cpp:120)
   GDScript backtrace (most recent call first):
       [0] set_idle_animation (res://scenes/components/combat_stage.gd:167)
       [1] _sync_band (res://scenes/components/combat_stage.gd:742)
       [2] sync (res://scenes/components/combat_stage.gd:444)
       [3] _sync_stage (res://scenes/screens/combat.gd:192)
       [4] _sync (res://scenes/screens/combat.gd:138)
       [5] _ready (res://scenes/screens/combat.gd:125)
       [6] <anonymous lambda> (res://tests/test_combat_screen.gd:801)
       [7] run_case (res://tests/test_base.gd:34)
       [8] run (res://tests/test_combat_screen.gd:795)
       [9] run_case (res://tests/test_base.gd:38)
       [10] <anonymous lambda> (res://tests/test_combat_screen.gd:669)
ERROR: Unable to start the timer because it's not inside the scene tree. Either add it or set autostart to true.
   at: start (scene/main/timer.cpp:120)
   GDScript backtrace (most recent call first):
       [0] set_idle_animation (res://scenes/components/combat_stage.gd:167)
       [1] _sync_band (res://scenes/components/combat_stage.gd:742)
       [2] sync (res://scenes/components/combat_stage.gd:447)
       [3] _sync_stage (res://scenes/screens/combat.gd:192)
       [4] _sync (res://scenes/screens/combat.gd:138)
       [5] _ready (res://scenes/screens/combat.gd:125)
       [6] <anonymous lambda> (res://tests/test_combat_screen.gd:801)
       [7] run_case (res://tests/test_base.gd:34)
       [8] run (res://tests/test_combat_screen.gd:795)
       [9] run_case (res://tests/test_base.gd:38)
       [10] <anonymous lambda> (res://tests/test_combat_screen.gd:669)
ERROR: Unable to start the timer because it's not inside the scene tree. Either add it or set autostart to true.
   at: start (scene/main/timer.cpp:120)
   GDScript backtrace (most recent call first):
       [0] set_idle_animation (res://scenes/components/combat_stage.gd:167)
       [1] _sync_band (res://scenes/components/combat_stage.gd:742)
       [2] sync (res://scenes/components/combat_stage.gd:447)
       [3] _sync_stage (res://scenes/screens/combat.gd:192)
       [4] _sync (res://scenes/screens/combat.gd:138)
       [5] _ready (res://scenes/screens/combat.gd:125)
       [6] <anonymous lambda> (res://tests/test_combat_screen.gd:801)
       [7] run_case (res://tests/test_base.gd:34)
       [8] run (res://tests/test_combat_screen.gd:795)
       [9] run_case (res://tests/test_base.gd:38)
       [10] <anonymous lambda> (res://tests/test_combat_screen.gd:669)
ERROR: Unable to start the timer because it's not inside the scene tree. Either add it or set autostart to true.
   at: start (scene/main/timer.cpp:120)
   GDScript backtrace (most recent call first):
       [0] set_idle_animation (res://scenes/components/combat_stage.gd:167)
       [1] _sync_band (res://scenes/components/combat_stage.gd:742)
       [2] sync (res://scenes/components/combat_stage.gd:444)
       [3] _sync_stage (res://scenes/screens/combat.gd:192)
       [4] _sync (res://scenes/screens/combat.gd:138)
       [5] player_attack (res://systems/combat.gd:661)
       [6] <anonymous lambda> (res://tests/test_combat_screen.gd:807)
       [7] run_case (res://tests/test_base.gd:34)
       [8] run (res://tests/test_combat_screen.gd:795)
       [9] run_case (res://tests/test_base.gd:38)
       [10] <anonymous lambda> (res://tests/test_combat_screen.gd:669)
ERROR: Unable to start the timer because it's not inside the scene tree. Either add it or set autostart to true.
   at: start (scene/main/timer.cpp:120)
   GDScript backtrace (most recent call first):
       [0] set_idle_animation (res://scenes/components/combat_stage.gd:167)
       [1] _sync_band (res://scenes/components/combat_stage.gd:742)
       [2] sync (res://scenes/components/combat_stage.gd:447)
       [3] _sync_stage (res://scenes/screens/combat.gd:192)
       [4] _sync (res://scenes/screens/combat.gd:138)
       [5] player_attack (res://systems/combat.gd:661)
       [6] <anonymous lambda> (res://tests/test_combat_screen.gd:807)
       [7] run_case (res://tests/test_base.gd:34)
       [8] run (res://tests/test_combat_screen.gd:795)
       [9] run_case (res://tests/test_base.gd:38)
       [10] <anonymous lambda> (res://tests/test_combat_screen.gd:669)
ERROR: Unable to start the timer because it's not inside the scene tree. Either add it or set autostart to true.
   at: start (scene/main/timer.cpp:120)
   GDScript backtrace (most recent call first):
       [0] set_idle_animation (res://scenes/components/combat_stage.gd:167)
       [1] _sync_band (res://scenes/components/combat_stage.gd:742)
       [2] sync (res://scenes/components/combat_stage.gd:447)
       [3] _sync_stage (res://scenes/screens/combat.gd:192)
       [4] _sync (res://scenes/screens/combat.gd:138)
       [5] player_attack (res://systems/combat.gd:661)
       [6] <anonymous lambda> (res://tests/test_combat_screen.gd:807)
       [7] run_case (res://tests/test_base.gd:34)
       [8] run (res://tests/test_combat_screen.gd:795)
       [9] run_case (res://tests/test_base.gd:38)
       [10] <anonymous lambda> (res://tests/test_combat_screen.gd:669)
  PASS: stage_slot_node_identity_survives_a_real_turn_no_rebuild_each_state_changed
ERROR: Unable to start the timer because it's not inside the scene tree. Either add it or set autostart to true.
   at: start (scene/main/timer.cpp:120)
   GDScript backtrace (most recent call first):
       [0] set_idle_animation (res://scenes/components/combat_stage.gd:167)
       [1] _sync_band (res://scenes/components/combat_stage.gd:742)
       [2] sync (res://scenes/components/combat_stage.gd:444)
       [3] _sync_stage (res://scenes/screens/combat.gd:192)
       [4] _sync (res://scenes/screens/combat.gd:138)
       [5] _ready (res://scenes/screens/combat.gd:125)
       [6] <anonymous lambda> (res://tests/test_combat_screen.gd:821)
       [7] run_case (res://tests/test_base.gd:34)
       [8] run (res://tests/test_combat_screen.gd:815)
       [9] run_case (res://tests/test_base.gd:38)
       [10] <anonymous lambda> (res://tests/test_combat_screen.gd:669)
ERROR: Unable to start the timer because it's not inside the scene tree. Either add it or set autostart to true.
   at: start (scene/main/timer.cpp:120)
   GDScript backtrace (most recent call first):
       [0] set_idle_animation (res://scenes/components/combat_stage.gd:167)
       [1] _sync_band (res://scenes/components/combat_stage.gd:742)
       [2] sync (res://scenes/components/combat_stage.gd:447)
       [3] _sync_stage (res://scenes/screens/combat.gd:192)
       [4] _sync (res://scenes/screens/combat.gd:138)
       [5] _ready (res://scenes/screens/combat.gd:125)
       [6] <anonymous lambda> (res://tests/test_combat_screen.gd:821)
       [7] run_case (res://tests/test_base.gd:34)
       [8] run (res://tests/test_combat_screen.gd:815)
       [9] run_case (res://tests/test_base.gd:38)
       [10] <anonymous lambda> (res://tests/test_combat_screen.gd:669)
ERROR: Unable to start the timer because it's not inside the scene tree. Either add it or set autostart to true.
   at: start (scene/main/timer.cpp:120)
   GDScript backtrace (most recent call first):
       [0] set_idle_animation (res://scenes/components/combat_stage.gd:167)
       [1] _sync_band (res://scenes/components/combat_stage.gd:742)
       [2] sync (res://scenes/components/combat_stage.gd:447)
       [3] _sync_stage (res://scenes/screens/combat.gd:192)
       [4] _sync (res://scenes/screens/combat.gd:138)
       [5] _ready (res://scenes/screens/combat.gd:125)
       [6] <anonymous lambda> (res://tests/test_combat_screen.gd:821)
       [7] run_case (res://tests/test_base.gd:34)
       [8] run (res://tests/test_combat_screen.gd:815)
       [9] run_case (res://tests/test_base.gd:38)
       [10] <anonymous lambda> (res://tests/test_combat_screen.gd:669)
ERROR: Unable to start the timer because it's not inside the scene tree. Either add it or set autostart to true.
   at: start (scene/main/timer.cpp:120)
   GDScript backtrace (most recent call first):
       [0] set_idle_animation (res://scenes/components/combat_stage.gd:167)
       [1] _sync_band (res://scenes/components/combat_stage.gd:742)
       [2] sync (res://scenes/components/combat_stage.gd:444)
       [3] _sync_stage (res://scenes/screens/combat.gd:192)
       [4] _sync (res://scenes/screens/combat.gd:138)
       [5] player_attack (res://systems/combat.gd:661)
       [6] <anonymous lambda> (res://tests/test_combat_screen.gd:827)
       [7] run_case (res://tests/test_base.gd:34)
       [8] run (res://tests/test_combat_screen.gd:815)
       [9] run_case (res://tests/test_base.gd:38)
       [10] <anonymous lambda> (res://tests/test_combat_screen.gd:669)
ERROR: Unable to start the timer because it's not inside the scene tree. Either add it or set autostart to true.
   at: start (scene/main/timer.cpp:120)
   GDScript backtrace (most recent call first):
       [0] set_idle_animation (res://scenes/components/combat_stage.gd:167)
       [1] _sync_band (res://scenes/components/combat_stage.gd:742)
       [2] sync (res://scenes/components/combat_stage.gd:447)
       [3] _sync_stage (res://scenes/screens/combat.gd:192)
       [4] _sync (res://scenes/screens/combat.gd:138)
       [5] player_attack (res://systems/combat.gd:661)
       [6] <anonymous lambda> (res://tests/test_combat_screen.gd:827)
       [7] run_case (res://tests/test_base.gd:34)
       [8] run (res://tests/test_combat_screen.gd:815)
       [9] run_case (res://tests/test_base.gd:38)
       [10] <anonymous lambda> (res://tests/test_combat_screen.gd:669)
  PASS: a_surviving_combatants_stage_slot_survives_a_kill_that_shrinks_the_enemy_band
ERROR: Unable to start the timer because it's not inside the scene tree. Either add it or set autostart to true.
   at: start (scene/main/timer.cpp:120)
   GDScript backtrace (most recent call first):
       [0] set_idle_animation (res://scenes/components/combat_stage.gd:167)
       [1] _sync_band (res://scenes/components/combat_stage.gd:742)
       [2] sync (res://scenes/components/combat_stage.gd:444)
       [3] _sync_stage (res://scenes/screens/combat.gd:192)
       [4] _sync (res://scenes/screens/combat.gd:138)
       [5] _ready (res://scenes/screens/combat.gd:125)
       [6] <anonymous lambda> (res://tests/test_combat_screen.gd:844)
       [7] run_case (res://tests/test_base.gd:34)
       [8] run (res://tests/test_combat_screen.gd:839)
       [9] run_case (res://tests/test_base.gd:38)
       [10] <anonymous lambda> (res://tests/test_combat_screen.gd:669)
ERROR: Unable to start the timer because it's not inside the scene tree. Either add it or set autostart to true.
   at: start (scene/main/timer.cpp:120)
   GDScript backtrace (most recent call first):
       [0] set_idle_animation (res://scenes/components/combat_stage.gd:167)
       [1] _sync_band (res://scenes/components/combat_stage.gd:742)
       [2] sync (res://scenes/components/combat_stage.gd:447)
       [3] _sync_stage (res://scenes/screens/combat.gd:192)
       [4] _sync (res://scenes/screens/combat.gd:138)
       [5] _ready (res://scenes/screens/combat.gd:125)
       [6] <anonymous lambda> (res://tests/test_combat_screen.gd:844)
       [7] run_case (res://tests/test_base.gd:34)
       [8] run (res://tests/test_combat_screen.gd:839)
       [9] run_case (res://tests/test_base.gd:38)
       [10] <anonymous lambda> (res://tests/test_combat_screen.gd:669)
ERROR: Unable to start the timer because it's not inside the scene tree. Either add it or set autostart to true.
   at: start (scene/main/timer.cpp:120)
   GDScript backtrace (most recent call first):
       [0] set_idle_animation (res://scenes/components/combat_stage.gd:167)
       [1] _sync_band (res://scenes/components/combat_stage.gd:742)
       [2] sync (res://scenes/components/combat_stage.gd:444)
       [3] _sync_stage (res://scenes/screens/combat.gd:192)
       [4] _sync (res://scenes/screens/combat.gd:138)
       [5] cast_complication (res://systems/dial.gd:469)
       [6] cast_complication (res://systems/combat.gd:1216)
       [7] handle_trigger (res://scenes/components/dial_widget.gd:79)
       [8] <anonymous lambda> (res://tests/test_combat_screen.gd:847)
       [9] run_case (res://tests/test_base.gd:34)
       [10] run (res://tests/test_combat_screen.gd:839)
       [11] run_case (res://tests/test_base.gd:38)
       [12] <anonymous lambda> (res://tests/test_combat_screen.gd:669)
ERROR: Unable to start the timer because it's not inside the scene tree. Either add it or set autostart to true.
   at: start (scene/main/timer.cpp:120)
   GDScript backtrace (most recent call first):
       [0] set_idle_animation (res://scenes/components/combat_stage.gd:167)
       [1] _sync_band (res://scenes/components/combat_stage.gd:742)
       [2] sync (res://scenes/components/combat_stage.gd:447)
       [3] _sync_stage (res://scenes/screens/combat.gd:192)
       [4] _sync (res://scenes/screens/combat.gd:138)
       [5] cast_complication (res://systems/dial.gd:469)
       [6] cast_complication (res://systems/combat.gd:1216)
       [7] handle_trigger (res://scenes/components/dial_widget.gd:79)
       [8] <anonymous lambda> (res://tests/test_combat_screen.gd:847)
       [9] run_case (res://tests/test_base.gd:34)
       [10] run (res://tests/test_combat_screen.gd:839)
       [11] run_case (res://tests/test_base.gd:38)
       [12] <anonymous lambda> (res://tests/test_combat_screen.gd:669)
ERROR: Unable to start the timer because it's not inside the scene tree. Either add it or set autostart to true.
   at: start (scene/main/timer.cpp:120)
   GDScript backtrace (most recent call first):
       [0] set_idle_animation (res://scenes/components/combat_stage.gd:167)
       [1] _sync_band (res://scenes/components/combat_stage.gd:742)
       [2] sync (res://scenes/components/combat_stage.gd:444)
       [3] _sync_stage (res://scenes/screens/combat.gd:192)
       [4] _sync (res://scenes/screens/combat.gd:138)
       [5] cast_complication (res://systems/combat.gd:1277)
       [6] handle_trigger (res://scenes/components/dial_widget.gd:79)
       [7] <anonymous lambda> (res://tests/test_combat_screen.gd:847)
       [8] run_case (res://tests/test_base.gd:34)
       [9] run (res://tests/test_combat_screen.gd:839)
       [10] run_case (res://tests/test_base.gd:38)
       [11] <anonymous lambda> (res://tests/test_combat_screen.gd:669)
ERROR: Unable to start the timer because it's not inside the scene tree. Either add it or set autostart to true.
   at: start (scene/main/timer.cpp:120)
   GDScript backtrace (most recent call first):
       [0] set_idle_animation (res://scenes/components/combat_stage.gd:167)
       [1] _sync_band (res://scenes/components/combat_stage.gd:742)
       [2] sync (res://scenes/components/combat_stage.gd:447)
       [3] _sync_stage (res://scenes/screens/combat.gd:192)
       [4] _sync (res://scenes/screens/combat.gd:138)
       [5] cast_complication (res://systems/combat.gd:1277)
       [6] handle_trigger (res://scenes/components/dial_widget.gd:79)
       [7] <anonymous lambda> (res://tests/test_combat_screen.gd:847)
       [8] run_case (res://tests/test_base.gd:34)
       [9] run (res://tests/test_combat_screen.gd:839)
       [10] run_case (res://tests/test_base.gd:38)
       [11] <anonymous lambda> (res://tests/test_combat_screen.gd:669)
ERROR: Unable to start the timer because it's not inside the scene tree. Either add it or set autostart to true.
   at: start (scene/main/timer.cpp:120)
   GDScript backtrace (most recent call first):
       [0] set_idle_animation (res://scenes/components/combat_stage.gd:167)
       [1] _sync_band (res://scenes/components/combat_stage.gd:742)
       [2] sync (res://scenes/components/combat_stage.gd:444)
       [3] _sync_stage (res://scenes/screens/combat.gd:192)
       [4] _sync (res://scenes/screens/combat.gd:138)
       [5] push (res://systems/notify.gd:40)
       [6] _push_revealed_log_line (res://scenes/screens/combat.gd:234)
       [7] _on_beat_played (res://scenes/screens/combat.gd:238)
       [8] play (res://scenes/components/combat_director.gd:33)
       [9] _play_beats (res://scenes/screens/combat.gd:225)
       [10] _on_dial_triggered (res://scenes/screens/combat.gd:210)
       [11] _on_dial_triggered (res://scenes/components/combat_command_dock.gd:97)
       [12] handle_trigger (res://scenes/components/dial_widget.gd:81)
       [13] <anonymous lambda> (res://tests/test_combat_screen.gd:847)
       [14] run_case (res://tests/test_base.gd:34)
       [15] run (res://tests/test_combat_screen.gd:839)
       [16] run_case (res://tests/test_base.gd:38)
       [17] <anonymous lambda> (res://tests/test_combat_screen.gd:669)
ERROR: Unable to start the timer because it's not inside the scene tree. Either add it or set autostart to true.
   at: start (scene/main/timer.cpp:120)
   GDScript backtrace (most recent call first):
       [0] set_idle_animation (res://scenes/components/combat_stage.gd:167)
       [1] _sync_band (res://scenes/components/combat_stage.gd:742)
       [2] sync (res://scenes/components/combat_stage.gd:447)
       [3] _sync_stage (res://scenes/screens/combat.gd:192)
       [4] _sync (res://scenes/screens/combat.gd:138)
       [5] push (res://systems/notify.gd:40)
       [6] _push_revealed_log_line (res://scenes/screens/combat.gd:234)
       [7] _on_beat_played (res://scenes/screens/combat.gd:238)
       [8] play (res://scenes/components/combat_director.gd:33)
       [9] _play_beats (res://scenes/screens/combat.gd:225)
       [10] _on_dial_triggered (res://scenes/screens/combat.gd:210)
       [11] _on_dial_triggered (res://scenes/components/combat_command_dock.gd:97)
       [12] handle_trigger (res://scenes/components/dial_widget.gd:81)
       [13] <anonymous lambda> (res://tests/test_combat_screen.gd:847)
       [14] run_case (res://tests/test_base.gd:34)
       [15] run (res://tests/test_combat_screen.gd:839)
       [16] run_case (res://tests/test_base.gd:38)
       [17] <anonymous lambda> (res://tests/test_combat_screen.gd:669)
ERROR: Unable to start the timer because it's not inside the scene tree. Either add it or set autostart to true.
   at: start (scene/main/timer.cpp:120)
   GDScript backtrace (most recent call first):
       [0] _start_one_shot (res://scenes/components/combat_stage.gd:366)
       [1] play_hit (res://scenes/components/combat_stage.gd:236)
       [2] _play_juice (res://scenes/screens/combat.gd:357)
       [3] _on_beat_played (res://scenes/screens/combat.gd:274)
       [4] play (res://scenes/components/combat_director.gd:33)
       [5] _play_beats (res://scenes/screens/combat.gd:225)
       [6] _on_dial_triggered (res://scenes/screens/combat.gd:210)
       [7] _on_dial_triggered (res://scenes/components/combat_command_dock.gd:97)
       [8] handle_trigger (res://scenes/components/dial_widget.gd:81)
       [9] <anonymous lambda> (res://tests/test_combat_screen.gd:847)
       [10] run_case (res://tests/test_base.gd:34)
       [11] run (res://tests/test_combat_screen.gd:839)
       [12] run_case (res://tests/test_base.gd:38)
       [13] <anonymous lambda> (res://tests/test_combat_screen.gd:669)
  PASS: triggering_the_dial_widget_casts_through_Combat_cast_complication_and_appends_a_log_line
  PASS: shake_magnitude_scales_with_damage_as_a_fraction_of_hp_max_between_3_and_6px
  PASS: beat_target_normalizes_a_beats_targetType_targetIndex_into_TurnOrderStrips_own_entry_key_shape
ERROR: Unable to start the timer because it's not inside the scene tree. Either add it or set autostart to true.
   at: start (scene/main/timer.cpp:120)
   GDScript backtrace (most recent call first):
       [0] set_idle_animation (res://scenes/components/combat_stage.gd:167)
       [1] _sync_band (res://scenes/components/combat_stage.gd:742)
       [2] sync (res://scenes/components/combat_stage.gd:444)
       [3] _sync_stage (res://scenes/screens/combat.gd:192)
       [4] _sync (res://scenes/screens/combat.gd:138)
       [5] _ready (res://scenes/screens/combat.gd:125)
       [6] <anonymous lambda> (res://tests/test_combat_screen.gd:893)
       [7] run_case (res://tests/test_base.gd:34)
       [8] run (res://tests/test_combat_screen.gd:890)
       [9] run_case (res://tests/test_base.gd:38)
       [10] <anonymous lambda> (res://tests/test_combat_screen.gd:669)
ERROR: Unable to start the timer because it's not inside the scene tree. Either add it or set autostart to true.
   at: start (scene/main/timer.cpp:120)
   GDScript backtrace (most recent call first):
       [0] set_idle_animation (res://scenes/components/combat_stage.gd:167)
       [1] _sync_band (res://scenes/components/combat_stage.gd:742)
       [2] sync (res://scenes/components/combat_stage.gd:444)
       [3] _sync_stage (res://scenes/screens/combat.gd:192)
       [4] _sync (res://scenes/screens/combat.gd:138)
       [5] _ready (res://scenes/screens/combat.gd:125)
       [6] <anonymous lambda> (res://tests/test_combat_screen.gd:893)
       [7] run_case (res://tests/test_base.gd:34)
       [8] run (res://tests/test_combat_screen.gd:890)
       [9] run_case (res://tests/test_base.gd:38)
       [10] <anonymous lambda> (res://tests/test_combat_screen.gd:669)
ERROR: Unable to start the timer because it's not inside the scene tree. Either add it or set autostart to true.
   at: start (scene/main/timer.cpp:120)
   GDScript backtrace (most recent call first):
       [0] set_idle_animation (res://scenes/components/combat_stage.gd:167)
       [1] _sync_band (res://scenes/components/combat_stage.gd:742)
       [2] sync (res://scenes/components/combat_stage.gd:447)
       [3] _sync_stage (res://scenes/screens/combat.gd:192)
       [4] _sync (res://scenes/screens/combat.gd:138)
       [5] _ready (res://scenes/screens/combat.gd:125)
       [6] <anonymous lambda> (res://tests/test_combat_screen.gd:893)
       [7] run_case (res://tests/test_base.gd:34)
       [8] run (res://tests/test_combat_screen.gd:890)
       [9] run_case (res://tests/test_base.gd:38)
       [10] <anonymous lambda> (res://tests/test_combat_screen.gd:669)
  PASS: resolve_target_slot_finds_the_persistent_stage_slot_for_player_ally_and_enemy_targets
ERROR: Unable to start the timer because it's not inside the scene tree. Either add it or set autostart to true.
   at: start (scene/main/timer.cpp:120)
   GDScript backtrace (most recent call first):
       [0] set_idle_animation (res://scenes/components/combat_stage.gd:167)
       [1] _sync_band (res://scenes/components/combat_stage.gd:742)
       [2] sync (res://scenes/components/combat_stage.gd:444)
       [3] _sync_stage (res://scenes/screens/combat.gd:192)
       [4] _sync (res://scenes/screens/combat.gd:138)
       [5] _ready (res://scenes/screens/combat.gd:125)
       [6] <anonymous lambda> (res://tests/test_combat_screen.gd:909)
       [7] run_case (res://tests/test_base.gd:34)
       [8] run (res://tests/test_combat_screen.gd:903)
       [9] run_case (res://tests/test_base.gd:38)
       [10] <anonymous lambda> (res://tests/test_combat_screen.gd:669)
ERROR: Unable to start the timer because it's not inside the scene tree. Either add it or set autostart to true.
   at: start (scene/main/timer.cpp:120)
   GDScript backtrace (most recent call first):
       [0] set_idle_animation (res://scenes/components/combat_stage.gd:167)
       [1] _sync_band (res://scenes/components/combat_stage.gd:742)
       [2] sync (res://scenes/components/combat_stage.gd:447)
       [3] _sync_stage (res://scenes/screens/combat.gd:192)
       [4] _sync (res://scenes/screens/combat.gd:138)
       [5] _ready (res://scenes/screens/combat.gd:125)
       [6] <anonymous lambda> (res://tests/test_combat_screen.gd:909)
       [7] run_case (res://tests/test_base.gd:34)
       [8] run (res://tests/test_combat_screen.gd:903)
       [9] run_case (res://tests/test_base.gd:38)
       [10] <anonymous lambda> (res://tests/test_combat_screen.gd:669)
ERROR: Unable to start the timer because it's not inside the scene tree. Either add it or set autostart to true.
   at: start (scene/main/timer.cpp:120)
   GDScript backtrace (most recent call first):
       [0] set_idle_animation (res://scenes/components/combat_stage.gd:167)
       [1] _sync_band (res://scenes/components/combat_stage.gd:742)
       [2] sync (res://scenes/components/combat_stage.gd:444)
       [3] _sync_stage (res://scenes/screens/combat.gd:192)
       [4] _sync (res://scenes/screens/combat.gd:138)
       [5] player_attack (res://systems/combat.gd:661)
       [6] <anonymous lambda> (res://scenes/screens/combat.gd:202)
       [7] _play_round (res://scenes/screens/combat.gd:216)
       [8] _on_attack_pressed (res://scenes/screens/combat.gd:202)
       [9] <anonymous lambda> (res://tests/test_combat_screen.gd:913)
       [10] run_case (res://tests/test_base.gd:34)
       [11] run (res://tests/test_combat_screen.gd:903)
       [12] run_case (res://tests/test_base.gd:38)
       [13] <anonymous lambda> (res://tests/test_combat_screen.gd:669)
ERROR: Unable to start the timer because it's not inside the scene tree. Either add it or set autostart to true.
   at: start (scene/main/timer.cpp:120)
   GDScript backtrace (most recent call first):
       [0] set_idle_animation (res://scenes/components/combat_stage.gd:167)
       [1] _sync_band (res://scenes/components/combat_stage.gd:742)
       [2] sync (res://scenes/components/combat_stage.gd:447)
       [3] _sync_stage (res://scenes/screens/combat.gd:192)
       [4] _sync (res://scenes/screens/combat.gd:138)
       [5] player_attack (res://systems/combat.gd:661)
       [6] <anonymous lambda> (res://scenes/screens/combat.gd:202)
       [7] _play_round (res://scenes/screens/combat.gd:216)
       [8] _on_attack_pressed (res://scenes/screens/combat.gd:202)
       [9] <anonymous lambda> (res://tests/test_combat_screen.gd:913)
       [10] run_case (res://tests/test_base.gd:34)
       [11] run (res://tests/test_combat_screen.gd:903)
       [12] run_case (res://tests/test_base.gd:38)
       [13] <anonymous lambda> (res://tests/test_combat_screen.gd:669)
ERROR: Unable to start the timer because it's not inside the scene tree. Either add it or set autostart to true.
   at: start (scene/main/timer.cpp:120)
   GDScript backtrace (most recent call first):
       [0] set_idle_animation (res://scenes/components/combat_stage.gd:167)
       [1] _sync_band (res://scenes/components/combat_stage.gd:742)
       [2] sync (res://scenes/components/combat_stage.gd:444)
       [3] _sync_stage (res://scenes/screens/combat.gd:192)
       [4] _sync (res://scenes/screens/combat.gd:138)
       [5] push (res://systems/notify.gd:40)
       [6] _push_revealed_log_line (res://scenes/screens/combat.gd:234)
       [7] _on_beat_played (res://scenes/screens/combat.gd:238)
       [8] play (res://scenes/components/combat_director.gd:33)
       [9] _play_beats (res://scenes/screens/combat.gd:225)
       [10] _play_round (res://scenes/screens/combat.gd:217)
       [11] _on_attack_pressed (res://scenes/screens/combat.gd:202)
       [12] <anonymous lambda> (res://tests/test_combat_screen.gd:913)
       [13] run_case (res://tests/test_base.gd:34)
       [14] run (res://tests/test_combat_screen.gd:903)
       [15] run_case (res://tests/test_base.gd:38)
       [16] <anonymous lambda> (res://tests/test_combat_screen.gd:669)
ERROR: Unable to start the timer because it's not inside the scene tree. Either add it or set autostart to true.
   at: start (scene/main/timer.cpp:120)
   GDScript backtrace (most recent call first):
       [0] set_idle_animation (res://scenes/components/combat_stage.gd:167)
       [1] _sync_band (res://scenes/components/combat_stage.gd:742)
       [2] sync (res://scenes/components/combat_stage.gd:447)
       [3] _sync_stage (res://scenes/screens/combat.gd:192)
       [4] _sync (res://scenes/screens/combat.gd:138)
       [5] push (res://systems/notify.gd:40)
       [6] _push_revealed_log_line (res://scenes/screens/combat.gd:234)
       [7] _on_beat_played (res://scenes/screens/combat.gd:238)
       [8] play (res://scenes/components/combat_director.gd:33)
       [9] _play_beats (res://scenes/screens/combat.gd:225)
       [10] _play_round (res://scenes/screens/combat.gd:217)
       [11] _on_attack_pressed (res://scenes/screens/combat.gd:202)
       [12] <anonymous lambda> (res://tests/test_combat_screen.gd:913)
       [13] run_case (res://tests/test_base.gd:34)
       [14] run (res://tests/test_combat_screen.gd:903)
       [15] run_case (res://tests/test_base.gd:38)
       [16] <anonymous lambda> (res://tests/test_combat_screen.gd:669)
ERROR: Unable to start the timer because it's not inside the scene tree. Either add it or set autostart to true.
   at: start (scene/main/timer.cpp:120)
   GDScript backtrace (most recent call first):
       [0] _start_one_shot (res://scenes/components/combat_stage.gd:366)
       [1] play_attack (res://scenes/components/combat_stage.gd:226)
       [2] _on_beat_played (res://scenes/screens/combat.gd:248)
       [3] play (res://scenes/components/combat_director.gd:33)
       [4] _play_beats (res://scenes/screens/combat.gd:225)
       [5] _play_round (res://scenes/screens/combat.gd:217)
       [6] _on_attack_pressed (res://scenes/screens/combat.gd:202)
       [7] <anonymous lambda> (res://tests/test_combat_screen.gd:913)
       [8] run_case (res://tests/test_base.gd:34)
       [9] run (res://tests/test_combat_screen.gd:903)
       [10] run_case (res://tests/test_base.gd:38)
       [11] <anonymous lambda> (res://tests/test_combat_screen.gd:669)
ERROR: Unable to start the timer because it's not inside the scene tree. Either add it or set autostart to true.
   at: start (scene/main/timer.cpp:120)
   GDScript backtrace (most recent call first):
       [0] _start_one_shot (res://scenes/components/combat_stage.gd:366)
       [1] play_hit (res://scenes/components/combat_stage.gd:236)
       [2] _play_juice (res://scenes/screens/combat.gd:357)
       [3] _on_beat_played (res://scenes/screens/combat.gd:274)
       [4] play (res://scenes/components/combat_director.gd:33)
       [5] _play_beats (res://scenes/screens/combat.gd:225)
       [6] _play_round (res://scenes/screens/combat.gd:217)
       [7] _on_attack_pressed (res://scenes/screens/combat.gd:202)
       [8] <anonymous lambda> (res://tests/test_combat_screen.gd:913)
       [9] run_case (res://tests/test_base.gd:34)
       [10] run (res://tests/test_combat_screen.gd:903)
       [11] run_case (res://tests/test_base.gd:38)
       [12] <anonymous lambda> (res://tests/test_combat_screen.gd:669)
  PASS: a_landed_attack_flashes_the_struck_enemys_slot_and_spawns_a_damage_number_at_its_position
ERROR: Unable to start the timer because it's not inside the scene tree. Either add it or set autostart to true.
   at: start (scene/main/timer.cpp:120)
   GDScript backtrace (most recent call first):
       [0] set_idle_animation (res://scenes/components/combat_stage.gd:167)
       [1] _sync_band (res://scenes/components/combat_stage.gd:742)
       [2] sync (res://scenes/components/combat_stage.gd:444)
       [3] _sync_stage (res://scenes/screens/combat.gd:192)
       [4] _sync (res://scenes/screens/combat.gd:138)
       [5] _ready (res://scenes/screens/combat.gd:125)
       [6] <anonymous lambda> (res://tests/test_combat_screen.gd:931)
       [7] run_case (res://tests/test_base.gd:34)
       [8] run (res://tests/test_combat_screen.gd:925)
       [9] run_case (res://tests/test_base.gd:38)
       [10] <anonymous lambda> (res://tests/test_combat_screen.gd:669)
ERROR: Unable to start the timer because it's not inside the scene tree. Either add it or set autostart to true.
   at: start (scene/main/timer.cpp:120)
   GDScript backtrace (most recent call first):
       [0] set_idle_animation (res://scenes/components/combat_stage.gd:167)
       [1] _sync_band (res://scenes/components/combat_stage.gd:742)
       [2] sync (res://scenes/components/combat_stage.gd:447)
       [3] _sync_stage (res://scenes/screens/combat.gd:192)
       [4] _sync (res://scenes/screens/combat.gd:138)
       [5] _ready (res://scenes/screens/combat.gd:125)
       [6] <anonymous lambda> (res://tests/test_combat_screen.gd:931)
       [7] run_case (res://tests/test_base.gd:34)
       [8] run (res://tests/test_combat_screen.gd:925)
       [9] run_case (res://tests/test_base.gd:38)
       [10] <anonymous lambda> (res://tests/test_combat_screen.gd:669)
ERROR: Unable to start the timer because it's not inside the scene tree. Either add it or set autostart to true.
   at: start (scene/main/timer.cpp:120)
   GDScript backtrace (most recent call first):
       [0] set_idle_animation (res://scenes/components/combat_stage.gd:167)
       [1] _sync_band (res://scenes/components/combat_stage.gd:742)
       [2] sync (res://scenes/components/combat_stage.gd:444)
       [3] _sync_stage (res://scenes/screens/combat.gd:192)
       [4] _sync (res://scenes/screens/combat.gd:138)
       [5] player_attack (res://systems/combat.gd:661)
       [6] <anonymous lambda> (res://scenes/screens/combat.gd:202)
       [7] _play_round (res://scenes/screens/combat.gd:216)
       [8] _on_attack_pressed (res://scenes/screens/combat.gd:202)
       [9] <anonymous lambda> (res://tests/test_combat_screen.gd:933)
       [10] run_case (res://tests/test_base.gd:34)
       [11] run (res://tests/test_combat_screen.gd:925)
       [12] run_case (res://tests/test_base.gd:38)
       [13] <anonymous lambda> (res://tests/test_combat_screen.gd:669)
ERROR: Unable to start the timer because it's not inside the scene tree. Either add it or set autostart to true.
   at: start (scene/main/timer.cpp:120)
   GDScript backtrace (most recent call first):
       [0] set_idle_animation (res://scenes/components/combat_stage.gd:167)
       [1] _sync_band (res://scenes/components/combat_stage.gd:742)
       [2] sync (res://scenes/components/combat_stage.gd:447)
       [3] _sync_stage (res://scenes/screens/combat.gd:192)
       [4] _sync (res://scenes/screens/combat.gd:138)
       [5] player_attack (res://systems/combat.gd:661)
       [6] <anonymous lambda> (res://scenes/screens/combat.gd:202)
       [7] _play_round (res://scenes/screens/combat.gd:216)
       [8] _on_attack_pressed (res://scenes/screens/combat.gd:202)
       [9] <anonymous lambda> (res://tests/test_combat_screen.gd:933)
       [10] run_case (res://tests/test_base.gd:34)
       [11] run (res://tests/test_combat_screen.gd:925)
       [12] run_case (res://tests/test_base.gd:38)
       [13] <anonymous lambda> (res://tests/test_combat_screen.gd:669)
ERROR: Unable to start the timer because it's not inside the scene tree. Either add it or set autostart to true.
   at: start (scene/main/timer.cpp:120)
   GDScript backtrace (most recent call first):
       [0] set_idle_animation (res://scenes/components/combat_stage.gd:167)
       [1] _sync_band (res://scenes/components/combat_stage.gd:742)
       [2] sync (res://scenes/components/combat_stage.gd:444)
       [3] _sync_stage (res://scenes/screens/combat.gd:192)
       [4] _sync (res://scenes/screens/combat.gd:138)
       [5] push (res://systems/notify.gd:40)
       [6] _push_revealed_log_line (res://scenes/screens/combat.gd:234)
       [7] _on_beat_played (res://scenes/screens/combat.gd:238)
       [8] play (res://scenes/components/combat_director.gd:33)
       [9] _play_beats (res://scenes/screens/combat.gd:225)
       [10] _play_round (res://scenes/screens/combat.gd:217)
       [11] _on_attack_pressed (res://scenes/screens/combat.gd:202)
       [12] <anonymous lambda> (res://tests/test_combat_screen.gd:933)
       [13] run_case (res://tests/test_base.gd:34)
       [14] run (res://tests/test_combat_screen.gd:925)
       [15] run_case (res://tests/test_base.gd:38)
       [16] <anonymous lambda> (res://tests/test_combat_screen.gd:669)
ERROR: Unable to start the timer because it's not inside the scene tree. Either add it or set autostart to true.
   at: start (scene/main/timer.cpp:120)
   GDScript backtrace (most recent call first):
       [0] set_idle_animation (res://scenes/components/combat_stage.gd:167)
       [1] _sync_band (res://scenes/components/combat_stage.gd:742)
       [2] sync (res://scenes/components/combat_stage.gd:447)
       [3] _sync_stage (res://scenes/screens/combat.gd:192)
       [4] _sync (res://scenes/screens/combat.gd:138)
       [5] push (res://systems/notify.gd:40)
       [6] _push_revealed_log_line (res://scenes/screens/combat.gd:234)
       [7] _on_beat_played (res://scenes/screens/combat.gd:238)
       [8] play (res://scenes/components/combat_director.gd:33)
       [9] _play_beats (res://scenes/screens/combat.gd:225)
       [10] _play_round (res://scenes/screens/combat.gd:217)
       [11] _on_attack_pressed (res://scenes/screens/combat.gd:202)
       [12] <anonymous lambda> (res://tests/test_combat_screen.gd:933)
       [13] run_case (res://tests/test_base.gd:34)
       [14] run (res://tests/test_combat_screen.gd:925)
       [15] run_case (res://tests/test_base.gd:38)
       [16] <anonymous lambda> (res://tests/test_combat_screen.gd:669)
ERROR: Unable to start the timer because it's not inside the scene tree. Either add it or set autostart to true.
   at: start (scene/main/timer.cpp:120)
   GDScript backtrace (most recent call first):
       [0] _start_one_shot (res://scenes/components/combat_stage.gd:366)
       [1] play_attack (res://scenes/components/combat_stage.gd:226)
       [2] _on_beat_played (res://scenes/screens/combat.gd:248)
       [3] play (res://scenes/components/combat_director.gd:33)
       [4] _play_beats (res://scenes/screens/combat.gd:225)
       [5] _play_round (res://scenes/screens/combat.gd:217)
       [6] _on_attack_pressed (res://scenes/screens/combat.gd:202)
       [7] <anonymous lambda> (res://tests/test_combat_screen.gd:933)
       [8] run_case (res://tests/test_base.gd:34)
       [9] run (res://tests/test_combat_screen.gd:925)
       [10] run_case (res://tests/test_base.gd:38)
       [11] <anonymous lambda> (res://tests/test_combat_screen.gd:669)
ERROR: Unable to start the timer because it's not inside the scene tree. Either add it or set autostart to true.
   at: start (scene/main/timer.cpp:120)
   GDScript backtrace (most recent call first):
       [0] _start_one_shot (res://scenes/components/combat_stage.gd:366)
       [1] play_hit (res://scenes/components/combat_stage.gd:236)
       [2] _play_juice (res://scenes/screens/combat.gd:357)
       [3] _on_beat_played (res://scenes/screens/combat.gd:274)
       [4] play (res://scenes/components/combat_director.gd:33)
       [5] _play_beats (res://scenes/screens/combat.gd:225)
       [6] _play_round (res://scenes/screens/combat.gd:217)
       [7] _on_attack_pressed (res://scenes/screens/combat.gd:202)
       [8] <anonymous lambda> (res://tests/test_combat_screen.gd:933)
       [9] run_case (res://tests/test_base.gd:34)
       [10] run (res://tests/test_combat_screen.gd:925)
       [11] run_case (res://tests/test_base.gd:38)
       [12] <anonymous lambda> (res://tests/test_combat_screen.gd:669)
  PASS: attacking_seeds_the_ghost_tracker_and_drains_it_by_the_first_beats_own_damage
ERROR: Unable to start the timer because it's not inside the scene tree. Either add it or set autostart to true.
   at: start (scene/main/timer.cpp:120)
   GDScript backtrace (most recent call first):
       [0] set_idle_animation (res://scenes/components/combat_stage.gd:167)
       [1] _sync_band (res://scenes/components/combat_stage.gd:742)
       [2] sync (res://scenes/components/combat_stage.gd:444)
       [3] _sync_stage (res://scenes/screens/combat.gd:192)
       [4] _sync (res://scenes/screens/combat.gd:138)
       [5] _ready (res://scenes/screens/combat.gd:125)
       [6] <anonymous lambda> (res://tests/test_combat_screen.gd:959)
       [7] run_case (res://tests/test_base.gd:34)
       [8] run (res://tests/test_combat_screen.gd:954)
       [9] run_case (res://tests/test_base.gd:38)
       [10] <anonymous lambda> (res://tests/test_combat_screen.gd:669)
ERROR: Unable to start the timer because it's not inside the scene tree. Either add it or set autostart to true.
   at: start (scene/main/timer.cpp:120)
   GDScript backtrace (most recent call first):
       [0] set_idle_animation (res://scenes/components/combat_stage.gd:167)
       [1] _sync_band (res://scenes/components/combat_stage.gd:742)
       [2] sync (res://scenes/components/combat_stage.gd:447)
       [3] _sync_stage (res://scenes/screens/combat.gd:192)
       [4] _sync (res://scenes/screens/combat.gd:138)
       [5] _ready (res://scenes/screens/combat.gd:125)
       [6] <anonymous lambda> (res://tests/test_combat_screen.gd:959)
       [7] run_case (res://tests/test_base.gd:34)
       [8] run (res://tests/test_combat_screen.gd:954)
       [9] run_case (res://tests/test_base.gd:38)
       [10] <anonymous lambda> (res://tests/test_combat_screen.gd:669)
ERROR: Unable to start the timer because it's not inside the scene tree. Either add it or set autostart to true.
   at: start (scene/main/timer.cpp:120)
   GDScript backtrace (most recent call first):
       [0] set_idle_animation (res://scenes/components/combat_stage.gd:167)
       [1] _sync_band (res://scenes/components/combat_stage.gd:742)
       [2] sync (res://scenes/components/combat_stage.gd:444)
       [3] _sync_stage (res://scenes/screens/combat.gd:192)
       [4] _sync (res://scenes/screens/combat.gd:138)
       [5] cast_complication (res://systems/dial.gd:469)
       [6] cast_complication (res://systems/combat.gd:1216)
       [7] handle_trigger (res://scenes/components/dial_widget.gd:79)
       [8] <anonymous lambda> (res://tests/test_combat_screen.gd:962)
       [9] run_case (res://tests/test_base.gd:34)
       [10] run (res://tests/test_combat_screen.gd:954)
       [11] run_case (res://tests/test_base.gd:38)
       [12] <anonymous lambda> (res://tests/test_combat_screen.gd:669)
ERROR: Unable to start the timer because it's not inside the scene tree. Either add it or set autostart to true.
   at: start (scene/main/timer.cpp:120)
   GDScript backtrace (most recent call first):
       [0] set_idle_animation (res://scenes/components/combat_stage.gd:167)
       [1] _sync_band (res://scenes/components/combat_stage.gd:742)
       [2] sync (res://scenes/components/combat_stage.gd:447)
       [3] _sync_stage (res://scenes/screens/combat.gd:192)
       [4] _sync (res://scenes/screens/combat.gd:138)
       [5] cast_complication (res://systems/dial.gd:469)
       [6] cast_complication (res://systems/combat.gd:1216)
       [7] handle_trigger (res://scenes/components/dial_widget.gd:79)
       [8] <anonymous lambda> (res://tests/test_combat_screen.gd:962)
       [9] run_case (res://tests/test_base.gd:34)
       [10] run (res://tests/test_combat_screen.gd:954)
       [11] run_case (res://tests/test_base.gd:38)
       [12] <anonymous lambda> (res://tests/test_combat_screen.gd:669)
ERROR: Unable to start the timer because it's not inside the scene tree. Either add it or set autostart to true.
   at: start (scene/main/timer.cpp:120)
   GDScript backtrace (most recent call first):
       [0] set_idle_animation (res://scenes/components/combat_stage.gd:167)
       [1] _sync_band (res://scenes/components/combat_stage.gd:742)
       [2] sync (res://scenes/components/combat_stage.gd:444)
       [3] _sync_stage (res://scenes/screens/combat.gd:192)
       [4] _sync (res://scenes/screens/combat.gd:138)
       [5] cast_complication (res://systems/combat.gd:1277)
       [6] handle_trigger (res://scenes/components/dial_widget.gd:79)
       [7] <anonymous lambda> (res://tests/test_combat_screen.gd:962)
       [8] run_case (res://tests/test_base.gd:34)
       [9] run (res://tests/test_combat_screen.gd:954)
       [10] run_case (res://tests/test_base.gd:38)
       [11] <anonymous lambda> (res://tests/test_combat_screen.gd:669)
ERROR: Unable to start the timer because it's not inside the scene tree. Either add it or set autostart to true.
   at: start (scene/main/timer.cpp:120)
   GDScript backtrace (most recent call first):
       [0] set_idle_animation (res://scenes/components/combat_stage.gd:167)
       [1] _sync_band (res://scenes/components/combat_stage.gd:742)
       [2] sync (res://scenes/components/combat_stage.gd:447)
       [3] _sync_stage (res://scenes/screens/combat.gd:192)
       [4] _sync (res://scenes/screens/combat.gd:138)
       [5] cast_complication (res://systems/combat.gd:1277)
       [6] handle_trigger (res://scenes/components/dial_widget.gd:79)
       [7] <anonymous lambda> (res://tests/test_combat_screen.gd:962)
       [8] run_case (res://tests/test_base.gd:34)
       [9] run (res://tests/test_combat_screen.gd:954)
       [10] run_case (res://tests/test_base.gd:38)
       [11] <anonymous lambda> (res://tests/test_combat_screen.gd:669)
ERROR: Unable to start the timer because it's not inside the scene tree. Either add it or set autostart to true.
   at: start (scene/main/timer.cpp:120)
   GDScript backtrace (most recent call first):
       [0] set_idle_animation (res://scenes/components/combat_stage.gd:167)
       [1] _sync_band (res://scenes/components/combat_stage.gd:742)
       [2] sync (res://scenes/components/combat_stage.gd:444)
       [3] _sync_stage (res://scenes/screens/combat.gd:192)
       [4] _sync (res://scenes/screens/combat.gd:138)
       [5] push (res://systems/notify.gd:40)
       [6] _push_revealed_log_line (res://scenes/screens/combat.gd:234)
       [7] _on_beat_played (res://scenes/screens/combat.gd:238)
       [8] play (res://scenes/components/combat_director.gd:33)
       [9] _play_beats (res://scenes/screens/combat.gd:225)
       [10] _on_dial_triggered (res://scenes/screens/combat.gd:210)
       [11] _on_dial_triggered (res://scenes/components/combat_command_dock.gd:97)
       [12] handle_trigger (res://scenes/components/dial_widget.gd:81)
       [13] <anonymous lambda> (res://tests/test_combat_screen.gd:962)
       [14] run_case (res://tests/test_base.gd:34)
       [15] run (res://tests/test_combat_screen.gd:954)
       [16] run_case (res://tests/test_base.gd:38)
       [17] <anonymous lambda> (res://tests/test_combat_screen.gd:669)
ERROR: Unable to start the timer because it's not inside the scene tree. Either add it or set autostart to true.
   at: start (scene/main/timer.cpp:120)
   GDScript backtrace (most recent call first):
       [0] set_idle_animation (res://scenes/components/combat_stage.gd:167)
       [1] _sync_band (res://scenes/components/combat_stage.gd:742)
       [2] sync (res://scenes/components/combat_stage.gd:447)
       [3] _sync_stage (res://scenes/screens/combat.gd:192)
       [4] _sync (res://scenes/screens/combat.gd:138)
       [5] push (res://systems/notify.gd:40)
       [6] _push_revealed_log_line (res://scenes/screens/combat.gd:234)
       [7] _on_beat_played (res://scenes/screens/combat.gd:238)
       [8] play (res://scenes/components/combat_director.gd:33)
       [9] _play_beats (res://scenes/screens/combat.gd:225)
       [10] _on_dial_triggered (res://scenes/screens/combat.gd:210)
       [11] _on_dial_triggered (res://scenes/components/combat_command_dock.gd:97)
       [12] handle_trigger (res://scenes/components/dial_widget.gd:81)
       [13] <anonymous lambda> (res://tests/test_combat_screen.gd:962)
       [14] run_case (res://tests/test_base.gd:34)
       [15] run (res://tests/test_combat_screen.gd:954)
       [16] run_case (res://tests/test_base.gd:38)
       [17] <anonymous lambda> (res://tests/test_combat_screen.gd:669)
  PASS: a_non_damaging_beat_never_calls_into_the_juice_layer
ERROR: Unable to start the timer because it's not inside the scene tree. Either add it or set autostart to true.
   at: start (scene/main/timer.cpp:120)
   GDScript backtrace (most recent call first):
       [0] set_idle_animation (res://scenes/components/combat_stage.gd:167)
       [1] _sync_band (res://scenes/components/combat_stage.gd:742)
       [2] sync (res://scenes/components/combat_stage.gd:444)
       [3] _sync_stage (res://scenes/screens/combat.gd:192)
       [4] _sync (res://scenes/screens/combat.gd:138)
       [5] _ready (res://scenes/screens/combat.gd:125)
       [6] <anonymous lambda> (res://tests/test_combat_screen.gd:975)
       [7] run_case (res://tests/test_base.gd:34)
       [8] run (res://tests/test_combat_screen.gd:971)
       [9] run_case (res://tests/test_base.gd:38)
       [10] <anonymous lambda> (res://tests/test_combat_screen.gd:669)
ERROR: Unable to start the timer because it's not inside the scene tree. Either add it or set autostart to true.
   at: start (scene/main/timer.cpp:120)
   GDScript backtrace (most recent call first):
       [0] set_idle_animation (res://scenes/components/combat_stage.gd:167)
       [1] _sync_band (res://scenes/components/combat_stage.gd:742)
       [2] sync (res://scenes/components/combat_stage.gd:447)
       [3] _sync_stage (res://scenes/screens/combat.gd:192)
       [4] _sync (res://scenes/screens/combat.gd:138)
       [5] _ready (res://scenes/screens/combat.gd:125)
       [6] <anonymous lambda> (res://tests/test_combat_screen.gd:975)
       [7] run_case (res://tests/test_base.gd:34)
       [8] run (res://tests/test_combat_screen.gd:971)
       [9] run_case (res://tests/test_base.gd:38)
       [10] <anonymous lambda> (res://tests/test_combat_screen.gd:669)
  PASS: stage_backdrop_shows_the_palette_fallback_fill_for_a_context_with_no_plate_yet
ERROR: Unable to start the timer because it's not inside the scene tree. Either add it or set autostart to true.
   at: start (scene/main/timer.cpp:120)
   GDScript backtrace (most recent call first):
       [0] set_idle_animation (res://scenes/components/combat_stage.gd:167)
       [1] _sync_band (res://scenes/components/combat_stage.gd:742)
       [2] sync (res://scenes/components/combat_stage.gd:444)
       [3] _sync_stage (res://scenes/screens/combat.gd:192)
       [4] _sync (res://scenes/screens/combat.gd:138)
       [5] _ready (res://scenes/screens/combat.gd:125)
       [6] <anonymous lambda> (res://tests/test_combat_screen.gd:988)
       [7] run_case (res://tests/test_base.gd:34)
       [8] run (res://tests/test_combat_screen.gd:985)
       [9] run_case (res://tests/test_base.gd:38)
       [10] <anonymous lambda> (res://tests/test_combat_screen.gd:669)
ERROR: Unable to start the timer because it's not inside the scene tree. Either add it or set autostart to true.
   at: start (scene/main/timer.cpp:120)
   GDScript backtrace (most recent call first):
       [0] set_idle_animation (res://scenes/components/combat_stage.gd:167)
       [1] _sync_band (res://scenes/components/combat_stage.gd:742)
       [2] sync (res://scenes/components/combat_stage.gd:447)
       [3] _sync_stage (res://scenes/screens/combat.gd:192)
       [4] _sync (res://scenes/screens/combat.gd:138)
       [5] _ready (res://scenes/screens/combat.gd:125)
       [6] <anonymous lambda> (res://tests/test_combat_screen.gd:988)
       [7] run_case (res://tests/test_base.gd:34)
       [8] run (res://tests/test_combat_screen.gd:985)
       [9] run_case (res://tests/test_base.gd:38)
       [10] <anonymous lambda> (res://tests/test_combat_screen.gd:669)
ERROR: Unable to start the timer because it's not inside the scene tree. Either add it or set autostart to true.
   at: start (scene/main/timer.cpp:120)
   GDScript backtrace (most recent call first):
       [0] set_idle_animation (res://scenes/components/combat_stage.gd:167)
       [1] _sync_band (res://scenes/components/combat_stage.gd:742)
       [2] sync (res://scenes/components/combat_stage.gd:444)
       [3] _sync_stage (res://scenes/screens/combat.gd:192)
       [4] _sync (res://scenes/screens/combat.gd:138)
       [5] <anonymous lambda> (res://tests/test_combat_screen.gd:992)
       [6] run_case (res://tests/test_base.gd:34)
       [7] run (res://tests/test_combat_screen.gd:985)
       [8] run_case (res://tests/test_base.gd:38)
       [9] <anonymous lambda> (res://tests/test_combat_screen.gd:669)
ERROR: Unable to start the timer because it's not inside the scene tree. Either add it or set autostart to true.
   at: start (scene/main/timer.cpp:120)
   GDScript backtrace (most recent call first):
       [0] set_idle_animation (res://scenes/components/combat_stage.gd:167)
       [1] _sync_band (res://scenes/components/combat_stage.gd:742)
       [2] sync (res://scenes/components/combat_stage.gd:447)
       [3] _sync_stage (res://scenes/screens/combat.gd:192)
       [4] _sync (res://scenes/screens/combat.gd:138)
       [5] <anonymous lambda> (res://tests/test_combat_screen.gd:992)
       [6] run_case (res://tests/test_base.gd:34)
       [7] run (res://tests/test_combat_screen.gd:985)
       [8] run_case (res://tests/test_base.gd:38)
       [9] <anonymous lambda> (res://tests/test_combat_screen.gd:669)
  PASS: stage_backdrop_follows_context_across_fights
ERROR: Unable to start the timer because it's not inside the scene tree. Either add it or set autostart to true.
   at: start (scene/main/timer.cpp:120)
   GDScript backtrace (most recent call first):
       [0] set_idle_animation (res://scenes/components/combat_stage.gd:167)
       [1] _sync_band (res://scenes/components/combat_stage.gd:742)
       [2] sync (res://scenes/components/combat_stage.gd:444)
       [3] _sync_stage (res://scenes/screens/combat.gd:192)
       [4] _sync (res://scenes/screens/combat.gd:138)
       [5] _ready (res://scenes/screens/combat.gd:125)
       [6] <anonymous lambda> (res://tests/test_combat_screen.gd:1005)
       [7] run_case (res://tests/test_base.gd:34)
       [8] run (res://tests/test_combat_screen.gd:1001)
       [9] run_case (res://tests/test_base.gd:38)
       [10] <anonymous lambda> (res://tests/test_combat_screen.gd:669)
ERROR: Unable to start the timer because it's not inside the scene tree. Either add it or set autostart to true.
   at: start (scene/main/timer.cpp:120)
   GDScript backtrace (most recent call first):
       [0] set_idle_animation (res://scenes/components/combat_stage.gd:167)
       [1] _sync_band (res://scenes/components/combat_stage.gd:742)
       [2] sync (res://scenes/components/combat_stage.gd:447)
       [3] _sync_stage (res://scenes/screens/combat.gd:192)
       [4] _sync (res://scenes/screens/combat.gd:138)
       [5] _ready (res://scenes/screens/combat.gd:125)
       [6] <anonymous lambda> (res://tests/test_combat_screen.gd:1005)
       [7] run_case (res://tests/test_base.gd:34)
       [8] run (res://tests/test_combat_screen.gd:1001)
       [9] run_case (res://tests/test_base.gd:38)
       [10] <anonymous lambda> (res://tests/test_combat_screen.gd:669)
  PASS: stage_backdrop_archie_deal_mugging_reuses_muggings_fallback
  PASS: stage_backdrop_defends_against_an_unrecognised_context_with_a_default_fill_not_a_crash
ERROR: Unable to start the timer because it's not inside the scene tree. Either add it or set autostart to true.
   at: start (scene/main/timer.cpp:120)
   GDScript backtrace (most recent call first):
       [0] set_idle_animation (res://scenes/components/combat_stage.gd:167)
       [1] _sync_band (res://scenes/components/combat_stage.gd:742)
       [2] sync (res://scenes/components/combat_stage.gd:444)
       [3] _sync_stage (res://scenes/screens/combat.gd:192)
       [4] _sync (res://scenes/screens/combat.gd:138)
       [5] _ready (res://scenes/screens/combat.gd:125)
       [6] <anonymous lambda> (res://tests/test_combat_screen.gd:1043)
       [7] run_case (res://tests/test_base.gd:34)
       [8] run (res://tests/test_combat_screen.gd:1036)
       [9] run_case (res://tests/test_base.gd:38)
       [10] <anonymous lambda> (res://tests/test_combat_screen.gd:669)
ERROR: Unable to start the timer because it's not inside the scene tree. Either add it or set autostart to true.
   at: start (scene/main/timer.cpp:120)
   GDScript backtrace (most recent call first):
       [0] set_idle_animation (res://scenes/components/combat_stage.gd:167)
       [1] _sync_band (res://scenes/components/combat_stage.gd:742)
       [2] sync (res://scenes/components/combat_stage.gd:447)
       [3] _sync_stage (res://scenes/screens/combat.gd:192)
       [4] _sync (res://scenes/screens/combat.gd:138)
       [5] _ready (res://scenes/screens/combat.gd:125)
       [6] <anonymous lambda> (res://tests/test_combat_screen.gd:1043)
       [7] run_case (res://tests/test_base.gd:34)
       [8] run (res://tests/test_combat_screen.gd:1036)
       [9] run_case (res://tests/test_base.gd:38)
       [10] <anonymous lambda> (res://tests/test_combat_screen.gd:669)
  PASS: stage_slot_falls_back_to_the_shared_default_idle_when_its_subjects_manifest_entry_has_no_match
  PASS: stage_slot_falls_back_to_the_ticket_01_placeholder_box_only_when_even_the_default_idle_entry_is_missing
ERROR: Unable to start the timer because it's not inside the scene tree. Either add it or set autostart to true.
   at: start (scene/main/timer.cpp:120)
   GDScript backtrace (most recent call first):
       [0] set_idle_animation (res://scenes/components/combat_stage.gd:167)
       [1] _sync_band (res://scenes/components/combat_stage.gd:742)
       [2] sync (res://scenes/components/combat_stage.gd:444)
       [3] _sync_stage (res://scenes/screens/combat.gd:192)
       [4] _sync (res://scenes/screens/combat.gd:138)
       [5] _ready (res://scenes/screens/combat.gd:125)
       [6] <anonymous lambda> (res://tests/test_combat_screen.gd:1076)
       [7] run_case (res://tests/test_base.gd:34)
       [8] run (res://tests/test_combat_screen.gd:1072)
       [9] run_case (res://tests/test_base.gd:38)
       [10] <anonymous lambda> (res://tests/test_combat_screen.gd:669)
ERROR: Unable to start the timer because it's not inside the scene tree. Either add it or set autostart to true.
   at: start (scene/main/timer.cpp:120)
   GDScript backtrace (most recent call first):
       [0] set_idle_animation (res://scenes/components/combat_stage.gd:167)
       [1] _sync_band (res://scenes/components/combat_stage.gd:742)
       [2] sync (res://scenes/components/combat_stage.gd:447)
       [3] _sync_stage (res://scenes/screens/combat.gd:192)
       [4] _sync (res://scenes/screens/combat.gd:138)
       [5] _ready (res://scenes/screens/combat.gd:125)
       [6] <anonymous lambda> (res://tests/test_combat_screen.gd:1076)
       [7] run_case (res://tests/test_base.gd:34)
       [8] run (res://tests/test_combat_screen.gd:1072)
       [9] run_case (res://tests/test_base.gd:38)
       [10] <anonymous lambda> (res://tests/test_combat_screen.gd:669)
  PASS: stage_slot_shows_territorial_scrappers_real_manifest_idle_animation
ERROR: Unable to start the timer because it's not inside the scene tree. Either add it or set autostart to true.
   at: start (scene/main/timer.cpp:120)
   GDScript backtrace (most recent call first):
       [0] set_idle_animation (res://scenes/components/combat_stage.gd:167)
       [1] _sync_band (res://scenes/components/combat_stage.gd:742)
       [2] sync (res://scenes/components/combat_stage.gd:444)
       [3] _sync_stage (res://scenes/screens/combat.gd:192)
       [4] _sync (res://scenes/screens/combat.gd:138)
       [5] _ready (res://scenes/screens/combat.gd:125)
       [6] <anonymous lambda> (res://tests/test_combat_screen.gd:1090)
       [7] run_case (res://tests/test_base.gd:34)
       [8] run (res://tests/test_combat_screen.gd:1086)
       [9] run_case (res://tests/test_base.gd:38)
       [10] <anonymous lambda> (res://tests/test_combat_screen.gd:669)
ERROR: Unable to start the timer because it's not inside the scene tree. Either add it or set autostart to true.
   at: start (scene/main/timer.cpp:120)
   GDScript backtrace (most recent call first):
       [0] set_idle_animation (res://scenes/components/combat_stage.gd:167)
       [1] _sync_band (res://scenes/components/combat_stage.gd:742)
       [2] sync (res://scenes/components/combat_stage.gd:447)
       [3] _sync_stage (res://scenes/screens/combat.gd:192)
       [4] _sync (res://scenes/screens/combat.gd:138)
       [5] _ready (res://scenes/screens/combat.gd:125)
       [6] <anonymous lambda> (res://tests/test_combat_screen.gd:1090)
       [7] run_case (res://tests/test_base.gd:34)
       [8] run (res://tests/test_combat_screen.gd:1086)
       [9] run_case (res://tests/test_base.gd:38)
       [10] <anonymous lambda> (res://tests/test_combat_screen.gd:669)
  PASS: stage_slot_shows_orichalchum_dealers_real_manifest_idle_animation
  PASS: stage_slot_falls_back_to_the_placeholder_box_when_the_manifest_has_no_templates_key_at_all
ERROR: Unable to start the timer because it's not inside the scene tree. Either add it or set autostart to true.
   at: start (scene/main/timer.cpp:120)
   GDScript backtrace (most recent call first):
       [0] set_idle_animation (res://scenes/components/combat_stage.gd:167)
       [1] _sync_band (res://scenes/components/combat_stage.gd:742)
       [2] sync (res://scenes/components/combat_stage.gd:444)
       [3] _sync_stage (res://scenes/screens/combat.gd:192)
       [4] _sync (res://scenes/screens/combat.gd:138)
       [5] _ready (res://scenes/screens/combat.gd:125)
       [6] <anonymous lambda> (res://tests/test_combat_screen.gd:1121)
       [7] run_case (res://tests/test_base.gd:34)
       [8] run (res://tests/test_combat_screen.gd:1116)
       [9] run_case (res://tests/test_base.gd:38)
       [10] <anonymous lambda> (res://tests/test_combat_screen.gd:669)
ERROR: Unable to start the timer because it's not inside the scene tree. Either add it or set autostart to true.
   at: start (scene/main/timer.cpp:120)
   GDScript backtrace (most recent call first):
       [0] set_idle_animation (res://scenes/components/combat_stage.gd:167)
       [1] _sync_band (res://scenes/components/combat_stage.gd:742)
       [2] sync (res://scenes/components/combat_stage.gd:447)
       [3] _sync_stage (res://scenes/screens/combat.gd:192)
       [4] _sync (res://scenes/screens/combat.gd:138)
       [5] _ready (res://scenes/screens/combat.gd:125)
       [6] <anonymous lambda> (res://tests/test_combat_screen.gd:1121)
       [7] run_case (res://tests/test_base.gd:34)
       [8] run (res://tests/test_combat_screen.gd:1116)
       [9] run_case (res://tests/test_base.gd:38)
       [10] <anonymous lambda> (res://tests/test_combat_screen.gd:669)
  PASS: stage_slot_shows_a_subjects_own_idle_animation_once_its_manifest_entry_has_real_art
ERROR: Unable to start the timer because it's not inside the scene tree. Either add it or set autostart to true.
   at: start (scene/main/timer.cpp:120)
   GDScript backtrace (most recent call first):
       [0] set_idle_animation (res://scenes/components/combat_stage.gd:167)
       [1] _sync_band (res://scenes/components/combat_stage.gd:742)
       [2] sync (res://scenes/components/combat_stage.gd:444)
       [3] _sync_stage (res://scenes/screens/combat.gd:192)
       [4] _sync (res://scenes/screens/combat.gd:138)
       [5] _ready (res://scenes/screens/combat.gd:125)
       [6] <anonymous lambda> (res://tests/test_combat_screen.gd:1138)
       [7] run_case (res://tests/test_base.gd:34)
       [8] run (res://tests/test_combat_screen.gd:1133)
       [9] run_case (res://tests/test_base.gd:38)
       [10] <anonymous lambda> (res://tests/test_combat_screen.gd:669)
ERROR: Unable to start the timer because it's not inside the scene tree. Either add it or set autostart to true.
   at: start (scene/main/timer.cpp:120)
   GDScript backtrace (most recent call first):
       [0] set_idle_animation (res://scenes/components/combat_stage.gd:167)
       [1] _sync_band (res://scenes/components/combat_stage.gd:742)
       [2] sync (res://scenes/components/combat_stage.gd:447)
       [3] _sync_stage (res://scenes/screens/combat.gd:192)
       [4] _sync (res://scenes/screens/combat.gd:138)
       [5] _ready (res://scenes/screens/combat.gd:125)
       [6] <anonymous lambda> (res://tests/test_combat_screen.gd:1138)
       [7] run_case (res://tests/test_base.gd:34)
       [8] run (res://tests/test_combat_screen.gd:1133)
       [9] run_case (res://tests/test_base.gd:38)
       [10] <anonymous lambda> (res://tests/test_combat_screen.gd:669)
  PASS: stage_slot_idle_animation_ping_pongs_between_frames
ERROR: Unable to start the timer because it's not inside the scene tree. Either add it or set autostart to true.
   at: start (scene/main/timer.cpp:120)
   GDScript backtrace (most recent call first):
       [0] set_idle_animation (res://scenes/components/combat_stage.gd:167)
       [1] _sync_band (res://scenes/components/combat_stage.gd:742)
       [2] sync (res://scenes/components/combat_stage.gd:444)
       [3] _sync_stage (res://scenes/screens/combat.gd:192)
       [4] _sync (res://scenes/screens/combat.gd:138)
       [5] _ready (res://scenes/screens/combat.gd:125)
       [6] <anonymous lambda> (res://tests/test_combat_screen.gd:1158)
       [7] run_case (res://tests/test_base.gd:34)
       [8] run (res://tests/test_combat_screen.gd:1155)
       [9] run_case (res://tests/test_base.gd:38)
       [10] <anonymous lambda> (res://tests/test_combat_screen.gd:669)
ERROR: Unable to start the timer because it's not inside the scene tree. Either add it or set autostart to true.
   at: start (scene/main/timer.cpp:120)
   GDScript backtrace (most recent call first):
       [0] set_idle_animation (res://scenes/components/combat_stage.gd:167)
       [1] _sync_band (res://scenes/components/combat_stage.gd:742)
       [2] sync (res://scenes/components/combat_stage.gd:447)
       [3] _sync_stage (res://scenes/screens/combat.gd:192)
       [4] _sync (res://scenes/screens/combat.gd:138)
       [5] _ready (res://scenes/screens/combat.gd:125)
       [6] <anonymous lambda> (res://tests/test_combat_screen.gd:1158)
       [7] run_case (res://tests/test_base.gd:34)
       [8] run (res://tests/test_combat_screen.gd:1155)
       [9] run_case (res://tests/test_base.gd:38)
       [10] <anonymous lambda> (res://tests/test_combat_screen.gd:669)
  PASS: enemy_template_key_resolves_mugger_by_the_isMugging_flag_not_by_name
ERROR: Unable to start the timer because it's not inside the scene tree. Either add it or set autostart to true.
   at: start (scene/main/timer.cpp:120)
   GDScript backtrace (most recent call first):
       [0] set_idle_animation (res://scenes/components/combat_stage.gd:167)
       [1] _sync_band (res://scenes/components/combat_stage.gd:742)
       [2] sync (res://scenes/components/combat_stage.gd:444)
       [3] _sync_stage (res://scenes/screens/combat.gd:192)
       [4] _sync (res://scenes/screens/combat.gd:138)
       [5] _ready (res://scenes/screens/combat.gd:125)
       [6] <anonymous lambda> (res://tests/test_combat_screen.gd:1179)
       [7] run_case (res://tests/test_base.gd:34)
       [8] run (res://tests/test_combat_screen.gd:1170)
       [9] run_case (res://tests/test_base.gd:38)
       [10] <anonymous lambda> (res://tests/test_combat_screen.gd:669)
ERROR: Unable to start the timer because it's not inside the scene tree. Either add it or set autostart to true.
   at: start (scene/main/timer.cpp:120)
   GDScript backtrace (most recent call first):
       [0] set_idle_animation (res://scenes/components/combat_stage.gd:167)
       [1] _sync_band (res://scenes/components/combat_stage.gd:742)
       [2] sync (res://scenes/components/combat_stage.gd:447)
       [3] _sync_stage (res://scenes/screens/combat.gd:192)
       [4] _sync (res://scenes/screens/combat.gd:138)
       [5] _ready (res://scenes/screens/combat.gd:125)
       [6] <anonymous lambda> (res://tests/test_combat_screen.gd:1179)
       [7] run_case (res://tests/test_base.gd:34)
       [8] run (res://tests/test_combat_screen.gd:1170)
       [9] run_case (res://tests/test_base.gd:38)
       [10] <anonymous lambda> (res://tests/test_combat_screen.gd:669)
ERROR: Unable to start the timer because it's not inside the scene tree. Either add it or set autostart to true.
   at: start (scene/main/timer.cpp:120)
   GDScript backtrace (most recent call first):
       [0] set_idle_animation (res://scenes/components/combat_stage.gd:167)
       [1] _sync_band (res://scenes/components/combat_stage.gd:742)
       [2] sync (res://scenes/components/combat_stage.gd:447)
       [3] _sync_stage (res://scenes/screens/combat.gd:192)
       [4] _sync (res://scenes/screens/combat.gd:138)
       [5] _ready (res://scenes/screens/combat.gd:125)
       [6] <anonymous lambda> (res://tests/test_combat_screen.gd:1179)
       [7] run_case (res://tests/test_base.gd:34)
       [8] run (res://tests/test_combat_screen.gd:1170)
       [9] run_case (res://tests/test_base.gd:38)
       [10] <anonymous lambda> (res://tests/test_combat_screen.gd:669)
ERROR: Unable to start the timer because it's not inside the scene tree. Either add it or set autostart to true.
   at: start (scene/main/timer.cpp:120)
   GDScript backtrace (most recent call first):
       [0] set_idle_animation (res://scenes/components/combat_stage.gd:167)
       [1] _sync_band (res://scenes/components/combat_stage.gd:742)
       [2] sync (res://scenes/components/combat_stage.gd:447)
       [3] _sync_stage (res://scenes/screens/combat.gd:192)
       [4] _sync (res://scenes/screens/combat.gd:138)
       [5] _ready (res://scenes/screens/combat.gd:125)
       [6] <anonymous lambda> (res://tests/test_combat_screen.gd:1179)
       [7] run_case (res://tests/test_base.gd:34)
       [8] run (res://tests/test_combat_screen.gd:1170)
       [9] run_case (res://tests/test_base.gd:38)
       [10] <anonymous lambda> (res://tests/test_combat_screen.gd:669)
  PASS: concurrent_same_template_enemies_reuse_the_one_sheet_and_alternate_the_extra_mirror
ERROR: Unable to start the timer because it's not inside the scene tree. Either add it or set autostart to true.
   at: start (scene/main/timer.cpp:120)
   GDScript backtrace (most recent call first):
       [0] set_idle_animation (res://scenes/components/combat_stage.gd:167)
       [1] _sync_band (res://scenes/components/combat_stage.gd:742)
       [2] sync (res://scenes/components/combat_stage.gd:444)
       [3] _sync_stage (res://scenes/screens/combat.gd:192)
       [4] _sync (res://scenes/screens/combat.gd:138)
       [5] _ready (res://scenes/screens/combat.gd:125)
       [6] <anonymous lambda> (res://tests/test_combat_screen.gd:1202)
       [7] run_case (res://tests/test_base.gd:34)
       [8] run (res://tests/test_combat_screen.gd:1199)
       [9] run_case (res://tests/test_base.gd:38)
       [10] <anonymous lambda> (res://tests/test_combat_screen.gd:669)
ERROR: Unable to start the timer because it's not inside the scene tree. Either add it or set autostart to true.
   at: start (scene/main/timer.cpp:120)
   GDScript backtrace (most recent call first):
       [0] set_idle_animation (res://scenes/components/combat_stage.gd:167)
       [1] _sync_band (res://scenes/components/combat_stage.gd:742)
       [2] sync (res://scenes/components/combat_stage.gd:447)
       [3] _sync_stage (res://scenes/screens/combat.gd:192)
       [4] _sync (res://scenes/screens/combat.gd:138)
       [5] _ready (res://scenes/screens/combat.gd:125)
       [6] <anonymous lambda> (res://tests/test_combat_screen.gd:1202)
       [7] run_case (res://tests/test_base.gd:34)
       [8] run (res://tests/test_combat_screen.gd:1199)
       [9] run_case (res://tests/test_base.gd:38)
       [10] <anonymous lambda> (res://tests/test_combat_screen.gd:669)
  PASS: stage_slots_load_the_default_attack_hit_and_ko_keyposes_alongside_idle
ERROR: Unable to start the timer because it's not inside the scene tree. Either add it or set autostart to true.
   at: start (scene/main/timer.cpp:120)
   GDScript backtrace (most recent call first):
       [0] set_idle_animation (res://scenes/components/combat_stage.gd:167)
       [1] _sync_band (res://scenes/components/combat_stage.gd:742)
       [2] sync (res://scenes/components/combat_stage.gd:444)
       [3] _sync_stage (res://scenes/screens/combat.gd:192)
       [4] _sync (res://scenes/screens/combat.gd:138)
       [5] _ready (res://scenes/screens/combat.gd:125)
       [6] <anonymous lambda> (res://tests/test_combat_screen.gd:1227)
       [7] run_case (res://tests/test_base.gd:34)
       [8] run (res://tests/test_combat_screen.gd:1219)
       [9] run_case (res://tests/test_base.gd:38)
       [10] <anonymous lambda> (res://tests/test_combat_screen.gd:669)
ERROR: Unable to start the timer because it's not inside the scene tree. Either add it or set autostart to true.
   at: start (scene/main/timer.cpp:120)
   GDScript backtrace (most recent call first):
       [0] set_idle_animation (res://scenes/components/combat_stage.gd:167)
       [1] _sync_band (res://scenes/components/combat_stage.gd:742)
       [2] sync (res://scenes/components/combat_stage.gd:447)
       [3] _sync_stage (res://scenes/screens/combat.gd:192)
       [4] _sync (res://scenes/screens/combat.gd:138)
       [5] _ready (res://scenes/screens/combat.gd:125)
       [6] <anonymous lambda> (res://tests/test_combat_screen.gd:1227)
       [7] run_case (res://tests/test_base.gd:34)
       [8] run (res://tests/test_combat_screen.gd:1219)
       [9] run_case (res://tests/test_base.gd:38)
       [10] <anonymous lambda> (res://tests/test_combat_screen.gd:669)
  PASS: a_real_per_subject_template_overrides_the_shared_default_stand_in
ERROR: Unable to start the timer because it's not inside the scene tree. Either add it or set autostart to true.
   at: start (scene/main/timer.cpp:120)
   GDScript backtrace (most recent call first):
       [0] set_idle_animation (res://scenes/components/combat_stage.gd:167)
       [1] _sync_band (res://scenes/components/combat_stage.gd:742)
       [2] sync (res://scenes/components/combat_stage.gd:444)
       [3] _sync_stage (res://scenes/screens/combat.gd:192)
       [4] _sync (res://scenes/screens/combat.gd:138)
       [5] _ready (res://scenes/screens/combat.gd:125)
       [6] <anonymous lambda> (res://tests/test_combat_screen.gd:1241)
       [7] run_case (res://tests/test_base.gd:34)
       [8] run (res://tests/test_combat_screen.gd:1238)
       [9] run_case (res://tests/test_base.gd:38)
       [10] <anonymous lambda> (res://tests/test_combat_screen.gd:669)
ERROR: Unable to start the timer because it's not inside the scene tree. Either add it or set autostart to true.
   at: start (scene/main/timer.cpp:120)
   GDScript backtrace (most recent call first):
       [0] set_idle_animation (res://scenes/components/combat_stage.gd:167)
       [1] _sync_band (res://scenes/components/combat_stage.gd:742)
       [2] sync (res://scenes/components/combat_stage.gd:447)
       [3] _sync_stage (res://scenes/screens/combat.gd:192)
       [4] _sync (res://scenes/screens/combat.gd:138)
       [5] _ready (res://scenes/screens/combat.gd:125)
       [6] <anonymous lambda> (res://tests/test_combat_screen.gd:1241)
       [7] run_case (res://tests/test_base.gd:34)
       [8] run (res://tests/test_combat_screen.gd:1238)
       [9] run_case (res://tests/test_base.gd:38)
       [10] <anonymous lambda> (res://tests/test_combat_screen.gd:669)
ERROR: Unable to start the timer because it's not inside the scene tree. Either add it or set autostart to true.
   at: start (scene/main/timer.cpp:120)
   GDScript backtrace (most recent call first):
       [0] _start_one_shot (res://scenes/components/combat_stage.gd:366)
       [1] play_attack (res://scenes/components/combat_stage.gd:226)
       [2] <anonymous lambda> (res://tests/test_combat_screen.gd:1245)
       [3] run_case (res://tests/test_base.gd:34)
       [4] run (res://tests/test_combat_screen.gd:1238)
       [5] run_case (res://tests/test_base.gd:38)
       [6] <anonymous lambda> (res://tests/test_combat_screen.gd:669)
ERROR: Unable to start the timer because it's not inside the scene tree. Either add it or set autostart to true.
   at: start (scene/main/timer.cpp:120)
   GDScript backtrace (most recent call first):
       [0] _start_one_shot (res://scenes/components/combat_stage.gd:366)
       [1] play_hit (res://scenes/components/combat_stage.gd:236)
       [2] <anonymous lambda> (res://tests/test_combat_screen.gd:1254)
       [3] run_case (res://tests/test_base.gd:34)
       [4] run (res://tests/test_combat_screen.gd:1238)
       [5] run_case (res://tests/test_base.gd:38)
       [6] <anonymous lambda> (res://tests/test_combat_screen.gd:669)
  PASS: play_attack_and_play_hit_step_through_their_transform_steps_then_hand_the_sprite_back_to_idle
ERROR: Unable to start the timer because it's not inside the scene tree. Either add it or set autostart to true.
   at: start (scene/main/timer.cpp:120)
   GDScript backtrace (most recent call first):
       [0] set_idle_animation (res://scenes/components/combat_stage.gd:167)
       [1] _sync_band (res://scenes/components/combat_stage.gd:742)
       [2] sync (res://scenes/components/combat_stage.gd:444)
       [3] _sync_stage (res://scenes/screens/combat.gd:192)
       [4] _sync (res://scenes/screens/combat.gd:138)
       [5] _ready (res://scenes/screens/combat.gd:125)
       [6] <anonymous lambda> (res://tests/test_combat_screen.gd:1272)
       [7] run_case (res://tests/test_base.gd:34)
       [8] run (res://tests/test_combat_screen.gd:1269)
       [9] run_case (res://tests/test_base.gd:38)
       [10] <anonymous lambda> (res://tests/test_combat_screen.gd:669)
ERROR: Unable to start the timer because it's not inside the scene tree. Either add it or set autostart to true.
   at: start (scene/main/timer.cpp:120)
   GDScript backtrace (most recent call first):
       [0] set_idle_animation (res://scenes/components/combat_stage.gd:167)
       [1] _sync_band (res://scenes/components/combat_stage.gd:742)
       [2] sync (res://scenes/components/combat_stage.gd:447)
       [3] _sync_stage (res://scenes/screens/combat.gd:192)
       [4] _sync (res://scenes/screens/combat.gd:138)
       [5] _ready (res://scenes/screens/combat.gd:125)
       [6] <anonymous lambda> (res://tests/test_combat_screen.gd:1272)
       [7] run_case (res://tests/test_base.gd:34)
       [8] run (res://tests/test_combat_screen.gd:1269)
       [9] run_case (res://tests/test_base.gd:38)
       [10] <anonymous lambda> (res://tests/test_combat_screen.gd:669)
ERROR: Unable to start the timer because it's not inside the scene tree. Either add it or set autostart to true.
   at: start (scene/main/timer.cpp:120)
   GDScript backtrace (most recent call first):
       [0] _start_one_shot (res://scenes/components/combat_stage.gd:366)
       [1] play_ko (res://scenes/components/combat_stage.gd:246)
       [2] <anonymous lambda> (res://tests/test_combat_screen.gd:1275)
       [3] run_case (res://tests/test_base.gd:34)
       [4] run (res://tests/test_combat_screen.gd:1269)
       [5] run_case (res://tests/test_base.gd:38)
       [6] <anonymous lambda> (res://tests/test_combat_screen.gd:669)
  PASS: play_ko_holds_on_its_fallen_faded_pose_instead_of_reverting_to_idle
ERROR: Unable to start the timer because it's not inside the scene tree. Either add it or set autostart to true.
   at: start (scene/main/timer.cpp:120)
   GDScript backtrace (most recent call first):
       [0] set_idle_animation (res://scenes/components/combat_stage.gd:167)
       [1] _sync_band (res://scenes/components/combat_stage.gd:742)
       [2] sync (res://scenes/components/combat_stage.gd:444)
       [3] _sync_stage (res://scenes/screens/combat.gd:192)
       [4] _sync (res://scenes/screens/combat.gd:138)
       [5] _ready (res://scenes/screens/combat.gd:125)
       [6] <anonymous lambda> (res://tests/test_combat_screen.gd:1295)
       [7] run_case (res://tests/test_base.gd:34)
       [8] run (res://tests/test_combat_screen.gd:1286)
       [9] run_case (res://tests/test_base.gd:38)
       [10] <anonymous lambda> (res://tests/test_combat_screen.gd:669)
ERROR: Unable to start the timer because it's not inside the scene tree. Either add it or set autostart to true.
   at: start (scene/main/timer.cpp:120)
   GDScript backtrace (most recent call first):
       [0] set_idle_animation (res://scenes/components/combat_stage.gd:167)
       [1] _sync_band (res://scenes/components/combat_stage.gd:742)
       [2] sync (res://scenes/components/combat_stage.gd:447)
       [3] _sync_stage (res://scenes/screens/combat.gd:192)
       [4] _sync (res://scenes/screens/combat.gd:138)
       [5] _ready (res://scenes/screens/combat.gd:125)
       [6] <anonymous lambda> (res://tests/test_combat_screen.gd:1295)
       [7] run_case (res://tests/test_base.gd:34)
       [8] run (res://tests/test_combat_screen.gd:1286)
       [9] run_case (res://tests/test_base.gd:38)
       [10] <anonymous lambda> (res://tests/test_combat_screen.gd:669)
  PASS: play_attack_play_hit_play_ko_and_play_self_patch_no_op_quietly_with_no_manifest_entry
ERROR: Unable to start the timer because it's not inside the scene tree. Either add it or set autostart to true.
   at: start (scene/main/timer.cpp:120)
   GDScript backtrace (most recent call first):
       [0] set_idle_animation (res://scenes/components/combat_stage.gd:167)
       [1] _sync_band (res://scenes/components/combat_stage.gd:742)
       [2] sync (res://scenes/components/combat_stage.gd:444)
       [3] _sync_stage (res://scenes/screens/combat.gd:192)
       [4] _sync (res://scenes/screens/combat.gd:138)
       [5] _ready (res://scenes/screens/combat.gd:125)
       [6] <anonymous lambda> (res://tests/test_combat_screen.gd:1313)
       [7] run_case (res://tests/test_base.gd:34)
       [8] run (res://tests/test_combat_screen.gd:1310)
       [9] run_case (res://tests/test_base.gd:38)
       [10] <anonymous lambda> (res://tests/test_combat_screen.gd:669)
ERROR: Unable to start the timer because it's not inside the scene tree. Either add it or set autostart to true.
   at: start (scene/main/timer.cpp:120)
   GDScript backtrace (most recent call first):
       [0] set_idle_animation (res://scenes/components/combat_stage.gd:167)
       [1] _sync_band (res://scenes/components/combat_stage.gd:742)
       [2] sync (res://scenes/components/combat_stage.gd:447)
       [3] _sync_stage (res://scenes/screens/combat.gd:192)
       [4] _sync (res://scenes/screens/combat.gd:138)
       [5] _ready (res://scenes/screens/combat.gd:125)
       [6] <anonymous lambda> (res://tests/test_combat_screen.gd:1313)
       [7] run_case (res://tests/test_base.gd:34)
       [8] run (res://tests/test_combat_screen.gd:1310)
       [9] run_case (res://tests/test_base.gd:38)
       [10] <anonymous lambda> (res://tests/test_combat_screen.gd:669)
  PASS: ghost_next_pose_shows_a_translucent_copy_of_the_wind_up_keypose_and_no_ops_with_no_attack_art
ERROR: Unable to start the timer because it's not inside the scene tree. Either add it or set autostart to true.
   at: start (scene/main/timer.cpp:120)
   GDScript backtrace (most recent call first):
       [0] set_idle_animation (res://scenes/components/combat_stage.gd:167)
       [1] _sync_band (res://scenes/components/combat_stage.gd:742)
       [2] sync (res://scenes/components/combat_stage.gd:444)
       [3] _sync_stage (res://scenes/screens/combat.gd:192)
       [4] _sync (res://scenes/screens/combat.gd:138)
       [5] _ready (res://scenes/screens/combat.gd:125)
       [6] <anonymous lambda> (res://tests/test_combat_screen.gd:1336)
       [7] run_case (res://tests/test_base.gd:34)
       [8] run (res://tests/test_combat_screen.gd:1327)
       [9] run_case (res://tests/test_base.gd:38)
       [10] <anonymous lambda> (res://tests/test_combat_screen.gd:669)
ERROR: Unable to start the timer because it's not inside the scene tree. Either add it or set autostart to true.
   at: start (scene/main/timer.cpp:120)
   GDScript backtrace (most recent call first):
       [0] set_idle_animation (res://scenes/components/combat_stage.gd:167)
       [1] _sync_band (res://scenes/components/combat_stage.gd:742)
       [2] sync (res://scenes/components/combat_stage.gd:447)
       [3] _sync_stage (res://scenes/screens/combat.gd:192)
       [4] _sync (res://scenes/screens/combat.gd:138)
       [5] _ready (res://scenes/screens/combat.gd:125)
       [6] <anonymous lambda> (res://tests/test_combat_screen.gd:1336)
       [7] run_case (res://tests/test_base.gd:34)
       [8] run (res://tests/test_combat_screen.gd:1327)
       [9] run_case (res://tests/test_base.gd:38)
       [10] <anonymous lambda> (res://tests/test_combat_screen.gd:669)
ERROR: Unable to start the timer because it's not inside the scene tree. Either add it or set autostart to true.
   at: start (scene/main/timer.cpp:120)
   GDScript backtrace (most recent call first):
       [0] _start_one_shot (res://scenes/components/combat_stage.gd:366)
       [1] play_attack (res://scenes/components/combat_stage.gd:226)
       [2] _on_beat_played (res://scenes/screens/combat.gd:248)
       [3] <anonymous lambda> (res://tests/test_combat_screen.gd:1339)
       [4] run_case (res://tests/test_base.gd:34)
       [5] run (res://tests/test_combat_screen.gd:1327)
       [6] run_case (res://tests/test_base.gd:38)
       [7] <anonymous lambda> (res://tests/test_combat_screen.gd:669)
  PASS: beat_played_ghosts_the_evading_enemys_next_pose_before_a_player_evade_beat
ERROR: Unable to start the timer because it's not inside the scene tree. Either add it or set autostart to true.
   at: start (scene/main/timer.cpp:120)
   GDScript backtrace (most recent call first):
       [0] set_idle_animation (res://scenes/components/combat_stage.gd:167)
       [1] _sync_band (res://scenes/components/combat_stage.gd:742)
       [2] sync (res://scenes/components/combat_stage.gd:444)
       [3] _sync_stage (res://scenes/screens/combat.gd:192)
       [4] _sync (res://scenes/screens/combat.gd:138)
       [5] _ready (res://scenes/screens/combat.gd:125)
       [6] <anonymous lambda> (res://tests/test_combat_screen.gd:1360)
       [7] run_case (res://tests/test_base.gd:34)
       [8] run (res://tests/test_combat_screen.gd:1346)
       [9] run_case (res://tests/test_base.gd:38)
       [10] <anonymous lambda> (res://tests/test_combat_screen.gd:669)
ERROR: Unable to start the timer because it's not inside the scene tree. Either add it or set autostart to true.
   at: start (scene/main/timer.cpp:120)
   GDScript backtrace (most recent call first):
       [0] _start_one_shot (res://scenes/components/combat_stage.gd:366)
       [1] play_self_patch (res://scenes/components/combat_stage.gd:255)
       [2] _on_beat_played (res://scenes/screens/combat.gd:254)
       [3] <anonymous lambda> (res://tests/test_combat_screen.gd:1364)
       [4] run_case (res://tests/test_base.gd:34)
       [5] run (res://tests/test_combat_screen.gd:1346)
       [6] run_case (res://tests/test_base.gd:38)
       [7] <anonymous lambda> (res://tests/test_combat_screen.gd:669)
  PASS: beat_played_plays_the_healing_allys_self_patch_pose_on_a_beat_ally_heal_beat
ERROR: Unable to start the timer because it's not inside the scene tree. Either add it or set autostart to true.
   at: start (scene/main/timer.cpp:120)
   GDScript backtrace (most recent call first):
       [0] set_idle_animation (res://scenes/components/combat_stage.gd:167)
       [1] _sync_band (res://scenes/components/combat_stage.gd:742)
       [2] sync (res://scenes/components/combat_stage.gd:444)
       [3] _sync_stage (res://scenes/screens/combat.gd:192)
       [4] _sync (res://scenes/screens/combat.gd:138)
       [5] _ready (res://scenes/screens/combat.gd:125)
       [6] <anonymous lambda> (res://tests/test_combat_screen.gd:1378)
       [7] run_case (res://tests/test_base.gd:34)
       [8] run (res://tests/test_combat_screen.gd:1372)
       [9] run_case (res://tests/test_base.gd:38)
       [10] <anonymous lambda> (res://tests/test_combat_screen.gd:669)
ERROR: Unable to start the timer because it's not inside the scene tree. Either add it or set autostart to true.
   at: start (scene/main/timer.cpp:120)
   GDScript backtrace (most recent call first):
       [0] set_idle_animation (res://scenes/components/combat_stage.gd:167)
       [1] _sync_band (res://scenes/components/combat_stage.gd:742)
       [2] sync (res://scenes/components/combat_stage.gd:447)
       [3] _sync_stage (res://scenes/screens/combat.gd:192)
       [4] _sync (res://scenes/screens/combat.gd:138)
       [5] _ready (res://scenes/screens/combat.gd:125)
       [6] <anonymous lambda> (res://tests/test_combat_screen.gd:1378)
       [7] run_case (res://tests/test_base.gd:34)
       [8] run (res://tests/test_combat_screen.gd:1372)
       [9] run_case (res://tests/test_base.gd:38)
       [10] <anonymous lambda> (res://tests/test_combat_screen.gd:669)
  PASS: player_and_allies_fan_left_of_the_enemy_column
ERROR: Unable to start the timer because it's not inside the scene tree. Either add it or set autostart to true.
   at: start (scene/main/timer.cpp:120)
   GDScript backtrace (most recent call first):
       [0] set_idle_animation (res://scenes/components/combat_stage.gd:167)
       [1] _sync_band (res://scenes/components/combat_stage.gd:742)
       [2] sync (res://scenes/components/combat_stage.gd:444)
       [3] _sync_stage (res://scenes/screens/combat.gd:192)
       [4] _sync (res://scenes/screens/combat.gd:138)
       [5] _ready (res://scenes/screens/combat.gd:125)
       [6] <anonymous lambda> (res://tests/test_combat_screen.gd:1390)
       [7] run_case (res://tests/test_base.gd:34)
       [8] run (res://tests/test_combat_screen.gd:1387)
       [9] run_case (res://tests/test_base.gd:38)
       [10] <anonymous lambda> (res://tests/test_combat_screen.gd:669)
ERROR: Unable to start the timer because it's not inside the scene tree. Either add it or set autostart to true.
   at: start (scene/main/timer.cpp:120)
   GDScript backtrace (most recent call first):
       [0] set_idle_animation (res://scenes/components/combat_stage.gd:167)
       [1] _sync_band (res://scenes/components/combat_stage.gd:742)
       [2] sync (res://scenes/components/combat_stage.gd:447)
       [3] _sync_stage (res://scenes/screens/combat.gd:192)
       [4] _sync (res://scenes/screens/combat.gd:138)
       [5] _ready (res://scenes/screens/combat.gd:125)
       [6] <anonymous lambda> (res://tests/test_combat_screen.gd:1390)
       [7] run_case (res://tests/test_base.gd:34)
       [8] run (res://tests/test_combat_screen.gd:1387)
       [9] run_case (res://tests/test_base.gd:38)
       [10] <anonymous lambda> (res://tests/test_combat_screen.gd:669)
ERROR: Unable to start the timer because it's not inside the scene tree. Either add it or set autostart to true.
   at: start (scene/main/timer.cpp:120)
   GDScript backtrace (most recent call first):
       [0] set_idle_animation (res://scenes/components/combat_stage.gd:167)
       [1] _sync_band (res://scenes/components/combat_stage.gd:742)
       [2] sync (res://scenes/components/combat_stage.gd:447)
       [3] _sync_stage (res://scenes/screens/combat.gd:192)
       [4] _sync (res://scenes/screens/combat.gd:138)
       [5] _ready (res://scenes/screens/combat.gd:125)
       [6] <anonymous lambda> (res://tests/test_combat_screen.gd:1390)
       [7] run_case (res://tests/test_base.gd:34)
       [8] run (res://tests/test_combat_screen.gd:1387)
       [9] run_case (res://tests/test_base.gd:38)
       [10] <anonymous lambda> (res://tests/test_combat_screen.gd:669)
ERROR: Unable to start the timer because it's not inside the scene tree. Either add it or set autostart to true.
   at: start (scene/main/timer.cpp:120)
   GDScript backtrace (most recent call first):
       [0] set_idle_animation (res://scenes/components/combat_stage.gd:167)
       [1] _sync_band (res://scenes/components/combat_stage.gd:742)
       [2] sync (res://scenes/components/combat_stage.gd:447)
       [3] _sync_stage (res://scenes/screens/combat.gd:192)
       [4] _sync (res://scenes/screens/combat.gd:138)
       [5] _ready (res://scenes/screens/combat.gd:125)
       [6] <anonymous lambda> (res://tests/test_combat_screen.gd:1390)
       [7] run_case (res://tests/test_base.gd:34)
       [8] run (res://tests/test_combat_screen.gd:1387)
       [9] run_case (res://tests/test_base.gd:38)
       [10] <anonymous lambda> (res://tests/test_combat_screen.gd:669)
  PASS: fan_slots_never_spill_past_the_stage_or_into_the_neighbouring_column
ERROR: Unable to start the timer because it's not inside the scene tree. Either add it or set autostart to true.
   at: start (scene/main/timer.cpp:120)
   GDScript backtrace (most recent call first):
       [0] set_idle_animation (res://scenes/components/combat_stage.gd:167)
       [1] _sync_band (res://scenes/components/combat_stage.gd:742)
       [2] sync (res://scenes/components/combat_stage.gd:444)
       [3] _sync_stage (res://scenes/screens/combat.gd:192)
       [4] _sync (res://scenes/screens/combat.gd:138)
       [5] _ready (res://scenes/screens/combat.gd:125)
       [6] <anonymous lambda> (res://tests/test_combat_screen.gd:1409)
       [7] run_case (res://tests/test_base.gd:34)
       [8] run (res://tests/test_combat_screen.gd:1399)
       [9] run_case (res://tests/test_base.gd:38)
       [10] <anonymous lambda> (res://tests/test_combat_screen.gd:669)
ERROR: Unable to start the timer because it's not inside the scene tree. Either add it or set autostart to true.
   at: start (scene/main/timer.cpp:120)
   GDScript backtrace (most recent call first):
       [0] set_idle_animation (res://scenes/components/combat_stage.gd:167)
       [1] _sync_band (res://scenes/components/combat_stage.gd:742)
       [2] sync (res://scenes/components/combat_stage.gd:447)
       [3] _sync_stage (res://scenes/screens/combat.gd:192)
       [4] _sync (res://scenes/screens/combat.gd:138)
       [5] _ready (res://scenes/screens/combat.gd:125)
       [6] <anonymous lambda> (res://tests/test_combat_screen.gd:1409)
       [7] run_case (res://tests/test_base.gd:34)
       [8] run (res://tests/test_combat_screen.gd:1399)
       [9] run_case (res://tests/test_base.gd:38)
       [10] <anonymous lambda> (res://tests/test_combat_screen.gd:669)
ERROR: Unable to start the timer because it's not inside the scene tree. Either add it or set autostart to true.
   at: start (scene/main/timer.cpp:120)
   GDScript backtrace (most recent call first):
       [0] set_idle_animation (res://scenes/components/combat_stage.gd:167)
       [1] _sync_band (res://scenes/components/combat_stage.gd:742)
       [2] sync (res://scenes/components/combat_stage.gd:444)
       [3] _sync_stage (res://scenes/screens/combat.gd:192)
       [4] _sync (res://scenes/screens/combat.gd:138)
       [5] player_attack (res://systems/combat.gd:661)
       [6] <anonymous lambda> (res://scenes/screens/combat.gd:202)
       [7] _play_round (res://scenes/screens/combat.gd:216)
       [8] _on_attack_pressed (res://scenes/screens/combat.gd:202)
       [9] <anonymous lambda> (res://tests/test_combat_screen.gd:1413)
       [10] run_case (res://tests/test_base.gd:34)
       [11] run (res://tests/test_combat_screen.gd:1399)
       [12] run_case (res://tests/test_base.gd:38)
       [13] <anonymous lambda> (res://tests/test_combat_screen.gd:669)
ERROR: Unable to start the timer because it's not inside the scene tree. Either add it or set autostart to true.
   at: start (scene/main/timer.cpp:120)
   GDScript backtrace (most recent call first):
       [0] set_idle_animation (res://scenes/components/combat_stage.gd:167)
       [1] _sync_band (res://scenes/components/combat_stage.gd:742)
       [2] sync (res://scenes/components/combat_stage.gd:447)
       [3] _sync_stage (res://scenes/screens/combat.gd:192)
       [4] _sync (res://scenes/screens/combat.gd:138)
       [5] player_attack (res://systems/combat.gd:661)
       [6] <anonymous lambda> (res://scenes/screens/combat.gd:202)
       [7] _play_round (res://scenes/screens/combat.gd:216)
       [8] _on_attack_pressed (res://scenes/screens/combat.gd:202)
       [9] <anonymous lambda> (res://tests/test_combat_screen.gd:1413)
       [10] run_case (res://tests/test_base.gd:34)
       [11] run (res://tests/test_combat_screen.gd:1399)
       [12] run_case (res://tests/test_base.gd:38)
       [13] <anonymous lambda> (res://tests/test_combat_screen.gd:669)
ERROR: Unable to start the timer because it's not inside the scene tree. Either add it or set autostart to true.
   at: start (scene/main/timer.cpp:120)
   GDScript backtrace (most recent call first):
       [0] set_idle_animation (res://scenes/components/combat_stage.gd:167)
       [1] _sync_band (res://scenes/components/combat_stage.gd:742)
       [2] sync (res://scenes/components/combat_stage.gd:444)
       [3] _sync_stage (res://scenes/screens/combat.gd:192)
       [4] _sync (res://scenes/screens/combat.gd:138)
       [5] push (res://systems/notify.gd:40)
       [6] _push_revealed_log_line (res://scenes/screens/combat.gd:234)
       [7] _on_beat_played (res://scenes/screens/combat.gd:238)
       [8] play (res://scenes/components/combat_director.gd:33)
       [9] _play_beats (res://scenes/screens/combat.gd:225)
       [10] _play_round (res://scenes/screens/combat.gd:217)
       [11] _on_attack_pressed (res://scenes/screens/combat.gd:202)
       [12] <anonymous lambda> (res://tests/test_combat_screen.gd:1413)
       [13] run_case (res://tests/test_base.gd:34)
       [14] run (res://tests/test_combat_screen.gd:1399)
       [15] run_case (res://tests/test_base.gd:38)
       [16] <anonymous lambda> (res://tests/test_combat_screen.gd:669)
ERROR: Unable to start the timer because it's not inside the scene tree. Either add it or set autostart to true.
   at: start (scene/main/timer.cpp:120)
   GDScript backtrace (most recent call first):
       [0] set_idle_animation (res://scenes/components/combat_stage.gd:167)
       [1] _sync_band (res://scenes/components/combat_stage.gd:742)
       [2] sync (res://scenes/components/combat_stage.gd:447)
       [3] _sync_stage (res://scenes/screens/combat.gd:192)
       [4] _sync (res://scenes/screens/combat.gd:138)
       [5] push (res://systems/notify.gd:40)
       [6] _push_revealed_log_line (res://scenes/screens/combat.gd:234)
       [7] _on_beat_played (res://scenes/screens/combat.gd:238)
       [8] play (res://scenes/components/combat_director.gd:33)
       [9] _play_beats (res://scenes/screens/combat.gd:225)
       [10] _play_round (res://scenes/screens/combat.gd:217)
       [11] _on_attack_pressed (res://scenes/screens/combat.gd:202)
       [12] <anonymous lambda> (res://tests/test_combat_screen.gd:1413)
       [13] run_case (res://tests/test_base.gd:34)
       [14] run (res://tests/test_combat_screen.gd:1399)
       [15] run_case (res://tests/test_base.gd:38)
       [16] <anonymous lambda> (res://tests/test_combat_screen.gd:669)
ERROR: Unable to start the timer because it's not inside the scene tree. Either add it or set autostart to true.
   at: start (scene/main/timer.cpp:120)
   GDScript backtrace (most recent call first):
       [0] _start_one_shot (res://scenes/components/combat_stage.gd:366)
       [1] play_attack (res://scenes/components/combat_stage.gd:226)
       [2] _on_beat_played (res://scenes/screens/combat.gd:248)
       [3] play (res://scenes/components/combat_director.gd:33)
       [4] _play_beats (res://scenes/screens/combat.gd:225)
       [5] _play_round (res://scenes/screens/combat.gd:217)
       [6] _on_attack_pressed (res://scenes/screens/combat.gd:202)
       [7] <anonymous lambda> (res://tests/test_combat_screen.gd:1413)
       [8] run_case (res://tests/test_base.gd:34)
       [9] run (res://tests/test_combat_screen.gd:1399)
       [10] run_case (res://tests/test_base.gd:38)
       [11] <anonymous lambda> (res://tests/test_combat_screen.gd:669)
ERROR: Unable to start the timer because it's not inside the scene tree. Either add it or set autostart to true.
   at: start (scene/main/timer.cpp:120)
   GDScript backtrace (most recent call first):
       [0] _start_one_shot (res://scenes/components/combat_stage.gd:366)
       [1] play_ko (res://scenes/components/combat_stage.gd:246)
       [2] _play_juice (res://scenes/screens/combat.gd:355)
       [3] _on_beat_played (res://scenes/screens/combat.gd:274)
       [4] play (res://scenes/components/combat_director.gd:33)
       [5] _play_beats (res://scenes/screens/combat.gd:225)
       [6] _play_round (res://scenes/screens/combat.gd:217)
       [7] _on_attack_pressed (res://scenes/screens/combat.gd:202)
       [8] <anonymous lambda> (res://tests/test_combat_screen.gd:1413)
       [9] run_case (res://tests/test_base.gd:34)
       [10] run (res://tests/test_combat_screen.gd:1399)
       [11] run_case (res://tests/test_base.gd:38)
       [12] <anonymous lambda> (res://tests/test_combat_screen.gd:669)
  PASS: a_killing_blow_holds_its_slot_and_plays_the_ko_pose_instead_of_vanishing_before_playback
ERROR: Unable to start the timer because it's not inside the scene tree. Either add it or set autostart to true.
   at: start (scene/main/timer.cpp:120)
   GDScript backtrace (most recent call first):
       [0] set_idle_animation (res://scenes/components/combat_stage.gd:167)
       [1] _sync_band (res://scenes/components/combat_stage.gd:742)
       [2] sync (res://scenes/components/combat_stage.gd:444)
       [3] _sync_stage (res://scenes/screens/combat.gd:192)
       [4] _sync (res://scenes/screens/combat.gd:138)
       [5] _ready (res://scenes/screens/combat.gd:125)
       [6] <anonymous lambda> (res://tests/test_combat_screen.gd:1437)
       [7] run_case (res://tests/test_base.gd:34)
       [8] run (res://tests/test_combat_screen.gd:1423)
       [9] run_case (res://tests/test_base.gd:38)
       [10] <anonymous lambda> (res://tests/test_combat_screen.gd:669)
ERROR: Unable to start the timer because it's not inside the scene tree. Either add it or set autostart to true.
   at: start (scene/main/timer.cpp:120)
   GDScript backtrace (most recent call first):
       [0] set_idle_animation (res://scenes/components/combat_stage.gd:167)
       [1] _sync_band (res://scenes/components/combat_stage.gd:742)
       [2] sync (res://scenes/components/combat_stage.gd:447)
       [3] _sync_stage (res://scenes/screens/combat.gd:192)
       [4] _sync (res://scenes/screens/combat.gd:138)
       [5] _ready (res://scenes/screens/combat.gd:125)
       [6] <anonymous lambda> (res://tests/test_combat_screen.gd:1437)
       [7] run_case (res://tests/test_base.gd:34)
       [8] run (res://tests/test_combat_screen.gd:1423)
       [9] run_case (res://tests/test_base.gd:38)
       [10] <anonymous lambda> (res://tests/test_combat_screen.gd:669)
ERROR: Unable to start the timer because it's not inside the scene tree. Either add it or set autostart to true.
   at: start (scene/main/timer.cpp:120)
   GDScript backtrace (most recent call first):
       [0] set_idle_animation (res://scenes/components/combat_stage.gd:167)
       [1] _sync_band (res://scenes/components/combat_stage.gd:742)
       [2] sync (res://scenes/components/combat_stage.gd:447)
       [3] _sync_stage (res://scenes/screens/combat.gd:192)
       [4] _sync (res://scenes/screens/combat.gd:138)
       [5] _ready (res://scenes/screens/combat.gd:125)
       [6] <anonymous lambda> (res://tests/test_combat_screen.gd:1437)
       [7] run_case (res://tests/test_base.gd:34)
       [8] run (res://tests/test_combat_screen.gd:1423)
       [9] run_case (res://tests/test_base.gd:38)
       [10] <anonymous lambda> (res://tests/test_combat_screen.gd:669)
ERROR: Unable to start the timer because it's not inside the scene tree. Either add it or set autostart to true.
   at: start (scene/main/timer.cpp:120)
   GDScript backtrace (most recent call first):
       [0] set_idle_animation (res://scenes/components/combat_stage.gd:167)
       [1] _sync_band (res://scenes/components/combat_stage.gd:742)
       [2] sync (res://scenes/components/combat_stage.gd:444)
       [3] _sync_stage (res://scenes/screens/combat.gd:192)
       [4] _sync (res://scenes/screens/combat.gd:138)
       [5] player_attack (res://systems/combat.gd:661)
       [6] <anonymous lambda> (res://scenes/screens/combat.gd:202)
       [7] _play_round (res://scenes/screens/combat.gd:216)
       [8] _on_attack_pressed (res://scenes/screens/combat.gd:202)
       [9] <anonymous lambda> (res://tests/test_combat_screen.gd:1439)
       [10] run_case (res://tests/test_base.gd:34)
       [11] run (res://tests/test_combat_screen.gd:1423)
       [12] run_case (res://tests/test_base.gd:38)
       [13] <anonymous lambda> (res://tests/test_combat_screen.gd:669)
ERROR: Unable to start the timer because it's not inside the scene tree. Either add it or set autostart to true.
   at: start (scene/main/timer.cpp:120)
   GDScript backtrace (most recent call first):
       [0] set_idle_animation (res://scenes/components/combat_stage.gd:167)
       [1] _sync_band (res://scenes/components/combat_stage.gd:742)
       [2] sync (res://scenes/components/combat_stage.gd:447)
       [3] _sync_stage (res://scenes/screens/combat.gd:192)
       [4] _sync (res://scenes/screens/combat.gd:138)
       [5] player_attack (res://systems/combat.gd:661)
       [6] <anonymous lambda> (res://scenes/screens/combat.gd:202)
       [7] _play_round (res://scenes/screens/combat.gd:216)
       [8] _on_attack_pressed (res://scenes/screens/combat.gd:202)
       [9] <anonymous lambda> (res://tests/test_combat_screen.gd:1439)
       [10] run_case (res://tests/test_base.gd:34)
       [11] run (res://tests/test_combat_screen.gd:1423)
       [12] run_case (res://tests/test_base.gd:38)
       [13] <anonymous lambda> (res://tests/test_combat_screen.gd:669)
ERROR: Unable to start the timer because it's not inside the scene tree. Either add it or set autostart to true.
   at: start (scene/main/timer.cpp:120)
   GDScript backtrace (most recent call first):
       [0] set_idle_animation (res://scenes/components/combat_stage.gd:167)
       [1] _sync_band (res://scenes/components/combat_stage.gd:742)
       [2] sync (res://scenes/components/combat_stage.gd:447)
       [3] _sync_stage (res://scenes/screens/combat.gd:192)
       [4] _sync (res://scenes/screens/combat.gd:138)
       [5] player_attack (res://systems/combat.gd:661)
       [6] <anonymous lambda> (res://scenes/screens/combat.gd:202)
       [7] _play_round (res://scenes/screens/combat.gd:216)
       [8] _on_attack_pressed (res://scenes/screens/combat.gd:202)
       [9] <anonymous lambda> (res://tests/test_combat_screen.gd:1439)
       [10] run_case (res://tests/test_base.gd:34)
       [11] run (res://tests/test_combat_screen.gd:1423)
       [12] run_case (res://tests/test_base.gd:38)
       [13] <anonymous lambda> (res://tests/test_combat_screen.gd:669)
ERROR: Unable to start the timer because it's not inside the scene tree. Either add it or set autostart to true.
   at: start (scene/main/timer.cpp:120)
   GDScript backtrace (most recent call first):
       [0] set_idle_animation (res://scenes/components/combat_stage.gd:167)
       [1] _sync_band (res://scenes/components/combat_stage.gd:742)
       [2] sync (res://scenes/components/combat_stage.gd:444)
       [3] _sync_stage (res://scenes/screens/combat.gd:192)
       [4] _sync (res://scenes/screens/combat.gd:138)
       [5] push (res://systems/notify.gd:40)
       [6] _push_revealed_log_line (res://scenes/screens/combat.gd:234)
       [7] _on_beat_played (res://scenes/screens/combat.gd:238)
       [8] play (res://scenes/components/combat_director.gd:33)
       [9] _play_beats (res://scenes/screens/combat.gd:225)
       [10] _play_round (res://scenes/screens/combat.gd:217)
       [11] _on_attack_pressed (res://scenes/screens/combat.gd:202)
       [12] <anonymous lambda> (res://tests/test_combat_screen.gd:1439)
       [13] run_case (res://tests/test_base.gd:34)
       [14] run (res://tests/test_combat_screen.gd:1423)
       [15] run_case (res://tests/test_base.gd:38)
       [16] <anonymous lambda> (res://tests/test_combat_screen.gd:669)
ERROR: Unable to start the timer because it's not inside the scene tree. Either add it or set autostart to true.
   at: start (scene/main/timer.cpp:120)
   GDScript backtrace (most recent call first):
       [0] set_idle_animation (res://scenes/components/combat_stage.gd:167)
       [1] _sync_band (res://scenes/components/combat_stage.gd:742)
       [2] sync (res://scenes/components/combat_stage.gd:447)
       [3] _sync_stage (res://scenes/screens/combat.gd:192)
       [4] _sync (res://scenes/screens/combat.gd:138)
       [5] push (res://systems/notify.gd:40)
       [6] _push_revealed_log_line (res://scenes/screens/combat.gd:234)
       [7] _on_beat_played (res://scenes/screens/combat.gd:238)
       [8] play (res://scenes/components/combat_director.gd:33)
       [9] _play_beats (res://scenes/screens/combat.gd:225)
       [10] _play_round (res://scenes/screens/combat.gd:217)
       [11] _on_attack_pressed (res://scenes/screens/combat.gd:202)
       [12] <anonymous lambda> (res://tests/test_combat_screen.gd:1439)
       [13] run_case (res://tests/test_base.gd:34)
       [14] run (res://tests/test_combat_screen.gd:1423)
       [15] run_case (res://tests/test_base.gd:38)
       [16] <anonymous lambda> (res://tests/test_combat_screen.gd:669)
ERROR: Unable to start the timer because it's not inside the scene tree. Either add it or set autostart to true.
   at: start (scene/main/timer.cpp:120)
   GDScript backtrace (most recent call first):
       [0] set_idle_animation (res://scenes/components/combat_stage.gd:167)
       [1] _sync_band (res://scenes/components/combat_stage.gd:742)
       [2] sync (res://scenes/components/combat_stage.gd:447)
       [3] _sync_stage (res://scenes/screens/combat.gd:192)
       [4] _sync (res://scenes/screens/combat.gd:138)
       [5] push (res://systems/notify.gd:40)
       [6] _push_revealed_log_line (res://scenes/screens/combat.gd:234)
       [7] _on_beat_played (res://scenes/screens/combat.gd:238)
       [8] play (res://scenes/components/combat_director.gd:33)
       [9] _play_beats (res://scenes/screens/combat.gd:225)
       [10] _play_round (res://scenes/screens/combat.gd:217)
       [11] _on_attack_pressed (res://scenes/screens/combat.gd:202)
       [12] <anonymous lambda> (res://tests/test_combat_screen.gd:1439)
       [13] run_case (res://tests/test_base.gd:34)
       [14] run (res://tests/test_combat_screen.gd:1423)
       [15] run_case (res://tests/test_base.gd:38)
       [16] <anonymous lambda> (res://tests/test_combat_screen.gd:669)
ERROR: Unable to start the timer because it's not inside the scene tree. Either add it or set autostart to true.
   at: start (scene/main/timer.cpp:120)
   GDScript backtrace (most recent call first):
       [0] _start_one_shot (res://scenes/components/combat_stage.gd:366)
       [1] play_attack (res://scenes/components/combat_stage.gd:226)
       [2] _on_beat_played (res://scenes/screens/combat.gd:248)
       [3] play (res://scenes/components/combat_director.gd:33)
       [4] _play_beats (res://scenes/screens/combat.gd:225)
       [5] _play_round (res://scenes/screens/combat.gd:217)
       [6] _on_attack_pressed (res://scenes/screens/combat.gd:202)
       [7] <anonymous lambda> (res://tests/test_combat_screen.gd:1439)
       [8] run_case (res://tests/test_base.gd:34)
       [9] run (res://tests/test_combat_screen.gd:1423)
       [10] run_case (res://tests/test_base.gd:38)
       [11] <anonymous lambda> (res://tests/test_combat_screen.gd:669)
ERROR: Unable to start the timer because it's not inside the scene tree. Either add it or set autostart to true.
   at: start (scene/main/timer.cpp:120)
   GDScript backtrace (most recent call first):
       [0] _start_one_shot (res://scenes/components/combat_stage.gd:366)
       [1] play_ko (res://scenes/components/combat_stage.gd:246)
       [2] _play_juice (res://scenes/screens/combat.gd:355)
       [3] _on_beat_played (res://scenes/screens/combat.gd:274)
       [4] play (res://scenes/components/combat_director.gd:33)
       [5] _play_beats (res://scenes/screens/combat.gd:225)
       [6] _play_round (res://scenes/screens/combat.gd:217)
       [7] _on_attack_pressed (res://scenes/screens/combat.gd:202)
       [8] <anonymous lambda> (res://tests/test_combat_screen.gd:1439)
       [9] run_case (res://tests/test_base.gd:34)
       [10] run (res://tests/test_combat_screen.gd:1423)
       [11] run_case (res://tests/test_base.gd:38)
       [12] <anonymous lambda> (res://tests/test_combat_screen.gd:669)
  PASS: frozen_roster_stays_populated_until_the_directors_await_actually_resolves
ERROR: Unable to start the timer because it's not inside the scene tree. Either add it or set autostart to true.
   at: start (scene/main/timer.cpp:120)
   GDScript backtrace (most recent call first):
       [0] set_idle_animation (res://scenes/components/combat_stage.gd:167)
       [1] _sync_band (res://scenes/components/combat_stage.gd:742)
       [2] sync (res://scenes/components/combat_stage.gd:444)
       [3] _sync_stage (res://scenes/screens/combat.gd:192)
       [4] _sync (res://scenes/screens/combat.gd:138)
       [5] _ready (res://scenes/screens/combat.gd:125)
       [6] <anonymous lambda> (res://tests/test_combat_screen.gd:1454)
       [7] run_case (res://tests/test_base.gd:34)
       [8] run (res://tests/test_combat_screen.gd:1450)
       [9] run_case (res://tests/test_base.gd:38)
       [10] <anonymous lambda> (res://tests/test_combat_screen.gd:669)
ERROR: Unable to start the timer because it's not inside the scene tree. Either add it or set autostart to true.
   at: start (scene/main/timer.cpp:120)
   GDScript backtrace (most recent call first):
       [0] set_idle_animation (res://scenes/components/combat_stage.gd:167)
       [1] _sync_band (res://scenes/components/combat_stage.gd:742)
       [2] sync (res://scenes/components/combat_stage.gd:447)
       [3] _sync_stage (res://scenes/screens/combat.gd:192)
       [4] _sync (res://scenes/screens/combat.gd:138)
       [5] _ready (res://scenes/screens/combat.gd:125)
       [6] <anonymous lambda> (res://tests/test_combat_screen.gd:1454)
       [7] run_case (res://tests/test_base.gd:34)
       [8] run (res://tests/test_combat_screen.gd:1450)
       [9] run_case (res://tests/test_base.gd:38)
       [10] <anonymous lambda> (res://tests/test_combat_screen.gd:669)
  PASS: stage_spans_the_full_390_width_with_no_side_margins
  PASS: upper_and_lower_regions_are_roughly_equal_height
  PASS: reserved_detail_band_content_moves_neither_the_stage_nor_the_dial
== test_consumables.gd ==
  PASS: use_healing_salve_sets_days_left_and_daily_amount_from_effect_power
  PASS: use_healing_salve_refreshes_rather_than_stacks
  PASS: use_healing_salve_fails_with_none_in_inventory
  PASS: use_healing_burst_heals_instantly_and_caps_at_hpMax
  PASS: use_healing_burst_fails_with_none_in_inventory
  PASS: use_healing_burst_logs_to_combat_when_a_fight_is_active
  PASS: use_healing_burst_notifies_when_no_fight_is_active
  PASS: use_healing_burst_returns_a_beat_with_effectKey_when_a_fight_is_active
  PASS: use_healing_burst_returns_no_beats_outside_combat
== test_contact_cards.gd ==
  PASS: build_recruit_row_returns_null_for_a_non_recruitable_contact
  PASS: build_recruit_row_is_unchanged_for_archie_and_james
  PASS: build_trade_action_is_locked_before_collectiveLaneUnlocked
  PASS: build_trade_action_opens_sell_menu_routed_to_the_collective_lane_once_unlocked
  PASS: des_nadia_hakim_cards_show_a_relation_heading_and_card_line
  PASS: des_nadia_hakim_cards_never_show_a_recruit_row
  PASS: des_card_surfaces_its_story_actions_same_as_the_conversation_action_bar
  PASS: des_card_surfaces_a_phone_shortcut_for_a_pin_gated_event_and_starts_it_directly
  PASS: des_card_phone_shortcut_moves_on_to_the_seeding_pin_once_prospecting_is_taught
  PASS: build_pin_shortcut_actions_is_generic_not_hardcoded_to_des
  PASS: nadia_card_surfaces_its_story_action_same_as_the_conversation_action_bar
  PASS: hakim_card_surfaces_its_story_action_same_as_the_conversation_action_bar
  PASS: messages_button_opens_the_pressed_contacts_own_thread
  PASS: des_card_surfaces_a_pending_message_as_a_continue_button
  PASS: messages_button_shows_an_unread_dot_and_pressing_it_marks_the_thread_read
  PASS: archie_and_james_cards_get_a_messages_button
  PASS: archie_card_no_longer_surfaces_its_old_bespoke_sms_buttons
  PASS: james_card_no_longer_surfaces_its_old_visit_james_button
  PASS: archie_card_surfaces_a_pending_message_as_a_generic_continue_button
  PASS: james_card_surfaces_a_pending_message_as_a_generic_continue_button
  PASS: archie_card_surfaces_a_deal_offer_as_accept_decline_not_a_generic_continue_button
  PASS: archie_card_shows_the_deal_offer_text_above_accept_decline
  PASS: pressing_accept_on_archie_card_accepts_the_deal
  PASS: pressing_decline_on_archie_card_declines_the_deal
  PASS: apply_phone_os_chrome_fills_the_card_panel_with_the_phone_content_colour
  PASS: apply_phone_os_chrome_paints_the_heading_ink_and_the_card_line_muted
  PASS: apply_phone_os_chrome_fills_an_enabled_button_with_ui_action_red_and_light_text
  PASS: apply_phone_os_chrome_gives_a_disabled_button_an_outline_not_a_second_accent
  PASS: apply_phone_os_chrome_recolours_a_symbol_buttons_own_label_not_just_the_button
== test_contacts.gd ==
  PASS: award_relation_adds_to_the_named_contact
  PASS: can_recruit_requires_unlocked_not_recruited_and_threshold_met
  PASS: can_recruit_is_false_when_recruitable_is_false_even_with_threshold_met
  PASS: recruit_sets_recruited_and_notifies
  PASS: recruit_fails_when_not_eligible
  PASS: room_assignment_is_exclusive_one_contact_per_room
  PASS: assigning_a_different_role_replaces_the_contacts_prior_room_assignment
  PASS: assign_none_vacates_without_assigning_anyone
  PASS: award_contact_xp_levels_up_and_notifies
  PASS: award_contact_xp_levels_up_sales_skill_and_notifies
  PASS: display_name_maps_known_contacts
  PASS: can_join_combat_requires_recruited_and_a_combat_kit
  PASS: can_join_combat_needs_no_relation_threshold_once_recruited
  PASS: can_join_combat_blocks_while_on_ko_cooldown_then_reopens
  PASS: build_combat_ally_snapshots_the_contacts_current_combat_kit
  PASS: knock_out_sets_a_cooldown_relative_to_the_current_day
  PASS: replenish_after_combat_tops_up_hp_and_stash_for_every_ally_that_fought
  PASS: can_assist_raid_requires_relation_at_or_above_the_raid_assist_threshold
  PASS: can_assist_raid_still_requires_can_join_combats_own_gates
  PASS: can_assist_raid_is_false_for_a_contact_with_no_raid_assist_threshold_defined
== test_contacts_screen.gd ==
  PASS: contacts_screen_paints_a_dark_family2_background_not_the_cream_default
  PASS: contacts_screen_heading_and_back_button_are_repainted_for_family2
== test_contracts.gd ==
  PASS: manual_partial_delivery_spends_one_block_and_shared_stock_only
  PASS: priority_order_is_pure_state_and_reorders_active_contracts
  PASS: staffed_sales_closes_a_fully_stocked_delegated_period_immediately
  PASS: daily_sales_allocates_partial_stock_in_priority_order
  PASS: delivery_cannot_draw_below_the_covered_personal_target_reserve
  PASS: shared_stock_is_undivided_when_the_item_is_not_covering_contracts
  PASS: due_oneoff_records_receipt_before_payment_and_cannot_repeat
  PASS: manual_delivery_spans_every_requested_type_in_one_time_block
  PASS: mixed_delivery_caps_each_type_by_its_own_shared_stock_independently
  PASS: delegated_mixed_contract_only_closes_when_every_type_is_fully_covered
  PASS: daily_partial_pass_fills_each_mixed_type_independently
  PASS: mixed_oneoff_settlement_is_quoted_value_weighted
  PASS: settlement_falls_back_to_the_flat_ratio_for_a_pre_ticket32_quote_with_no_lines
  PASS: partial_recurring_settlement_penalises_then_renews_with_new_period_id
== test_crafting.gd ==
  PASS: craft_chance_at_skill_3_with_workshop_bonus
  PASS: calc_cost_floors_at_1
  PASS: calc_cost_at_skill_1_matches_base
  PASS: calc_cost_returns_a_dict_keyed_by_each_ingredient
  PASS: attempt_craft_deducts_ingredient_regardless_of_outcome
  PASS: attempt_craft_multi_ingredient_deducts_all_and_blocks_if_any_insufficient
  PASS: attempt_craft_blocked_without_enough_calc_no_deduction
  PASS: attempt_craft_gets_a_matching_seated_movements_attunement_bonus
  PASS: attempt_craft_attunement_matches_a_multi_ingredient_recipes_second_ore_type_too
  PASS: attempt_craft_mismatched_attunement_never_changes_the_outcome
  PASS: attempt_craft_success_grants_item_and_full_xp
  PASS: attempt_craft_success_increments_craftedCounts_failure_does_not
  PASS: attempt_craft_failure_grants_partial_xp
  PASS: award_crafting_xp_never_pushes_a_notification
  PASS: effect_power_at_refine_tier_zero_matches_the_plain_skill_indexed_value
  PASS: effect_power_at_refine_tier_gt_zero_adds_the_refine_bonus_on_top_of_the_skill_indexed_value
  PASS: get_craft_qty_defaults_to_one_and_adjust_craft_qty_increments
  PASS: adjust_craft_qty_clamps_between_one_and_max_batch_qty
  PASS: attempt_craft_batch_rolls_each_attempt_independently_not_a_pooled_chance
  PASS: attempt_craft_batch_stops_early_when_ingredients_run_out_partway_through
  PASS: attempt_craft_batch_opens_a_batch_result_modal_with_the_full_breakdown
  PASS: attempt_craft_at_a_refined_tier_grants_the_refined_potency_not_the_base_value
  PASS: crafting_at_different_skill_levels_files_into_different_tier_buckets
  PASS: quality_tier_at_a_refined_tier_reports_the_refine_tier_not_the_skill
== test_cultivating.gd ==
  PASS: xp_thresholds_level_the_skill_at_exactly_80
  PASS: growth_band_matches_the_table_at_every_boundary
  PASS: level_cap_by_terroir_matches_the_spec_table
  PASS: level_cap_reads_a_veins_own_hospitability_tier
  PASS: fresh_vein_seeds_at_level_1_for_every_terroir_tier
  PASS: drift_magnitude_stays_within_level_plus_1_to_level_plus_5
  PASS: drift_magnitude_level_offset_is_exact_given_the_same_random_draw
  PASS: vein_at_exactly_neutral_never_drifts_regardless_of_level_or_elapsed_ticks
  PASS: drift_is_symmetric_and_sided
  PASS: drift_direction_and_magnitude_bounds_hold_at_several_levels
  PASS: soak_56_to_ceiling_lands_within_the_level_1_bound
  PASS: soak_44_to_zero_lands_within_the_level_1_bound
  PASS: cultivate_min_and_max_gain_match_the_skill_dependent_offsets
  PASS: skill_1_minimum_cultivate_gain_covers_every_possible_level_1_drift_roll
  PASS: cultivate_gain_rolls_uniformly_within_skill_bounds_when_the_ceiling_is_not_a_factor
  PASS: cultivate_gain_clamps_to_ceiling_headroom_even_below_the_nominal_minimum
  PASS: cultivate_always_raises_growth_awards_flat_xp_and_opens_the_result_modal
  PASS: cultivate_ceiling_clamped_gain_still_reports_a_normal_success_not_a_failure
  PASS: cultivate_clamps_at_the_ceiling_across_every_possible_roll
  PASS: cultivate_in_a_different_district_costs_the_same_1_block_no_travel_surcharge
  PASS: cultivate_blocked_when_time_exhausted
  PASS: cultivate_refuses_unknown_vein
  PASS: cultivate_gain_gets_a_matching_seated_movements_attunement_bonus
  PASS: cultivate_mismatched_attunement_never_changes_the_gain
  PASS: prune_yield_is_zero_at_or_below_neutral
  PASS: prune_gate_is_not_disabled_by_a_zero_yield_projection
  PASS: prune_gate_still_disables_when_no_blocks_remain_regardless_of_yield
  PASS: pruning_a_zero_yield_vein_succeeds_and_yields_no_ore
  PASS: hard_prune_from_just_above_neutral_yields_only_the_above_neutral_points
  PASS: light_prune_yields_less_per_point_than_hard_when_both_land_fully_above_neutral
  PASS: level_yield_mult_matches_the_spec_curve_1x_to_1_8x
  PASS: hard_prune_yield_scales_by_level_on_top_of_terroir_and_hard_bonus
  PASS: prune_resulting_growth_previews_the_real_post_harvest_condition_without_mutating
  PASS: prune_resulting_growth_clamps_at_zero
  PASS: prune_that_drops_condition_below_90_clears_the_development_streak
  PASS: prune_that_leaves_condition_at_or_above_90_preserves_the_development_streak
  PASS: fresh_vein_seeds_with_a_zero_development_streak
  PASS: is_development_eligible_requires_condition_at_90_plus_headroom_below_the_terroir_cap
SCRIPT ERROR: Invalid access to property or key 'developmentStreak' on a base object of type 'Dictionary'.
   at: <anonymous lambda> (res://tests/test_cultivating.gd:430)
   GDScript backtrace (most recent call first):
       [0] <anonymous lambda> (res://tests/test_cultivating.gd:430)
       [1] run_case (res://tests/test_base.gd:34)
       [2] run (res://tests/test_cultivating.gd:424)
       [3] _initialize (res://tests/test_runner.gd:66)
       [4] run (res://tests/test_combat_screen.gd:1494)
       [5] run_case (res://tests/test_base.gd:38)
       [6] <anonymous lambda> (res://tests/test_combat_screen.gd:1531)
  PASS: drift_veins_checks_eligibility_on_the_pre_drift_condition_not_the_post_drift_result
  PASS: consecutive_eligible_nights_accumulate_the_development_streak
SCRIPT ERROR: Invalid access to property or key 'developmentStreak' on a base object of type 'Dictionary'.
   at: <anonymous lambda> (res://tests/test_cultivating.gd:449)
   GDScript backtrace (most recent call first):
       [0] <anonymous lambda> (res://tests/test_cultivating.gd:449)
       [1] run_case (res://tests/test_base.gd:34)
       [2] run (res://tests/test_cultivating.gd:443)
       [3] _initialize (res://tests/test_runner.gd:66)
       [4] run (res://tests/test_combat_screen.gd:1494)
       [5] run_case (res://tests/test_base.gd:38)
       [6] <anonymous lambda> (res://tests/test_combat_screen.gd:1531)
  PASS: veins_at_their_terroir_cap_never_accumulate_a_development_streak
  PASS: a_same_day_dip_below_90_clears_the_streak_even_after_cultivating_back_above_it
  PASS: level_up_never_succeeds_on_day_one_of_eligibility_regardless_of_seed
  PASS: level_up_chance_on_a_middle_day_matches_10_percent_times_streak_minus_one
  PASS: level_up_chance_saturates_at_100_percent_from_the_eleventh_eligible_night_onward
  PASS: a_successful_level_up_increments_once_and_applies_no_further_drift_that_night
  PASS: a_vein_at_its_terroir_cap_never_rolls_for_a_level_up
  PASS: prune_moves_growth_down_by_depth_clamped_at_zero_and_credits_ore
  PASS: prune_clamps_at_zero_not_negative
  PASS: prune_in_a_different_district_costs_the_same_1_block_no_travel_surcharge
  PASS: prune_refuses_unknown_vein
  PASS: bottoming_out_is_survivable_pins_at_zero_stays_cultivable_at_full_gain
  PASS: collapse_roll_fires_at_the_stated_rate_and_not_before
  PASS: collapse_reverts_the_site_to_unclaimed_and_notifies
  PASS: a_faction_vein_at_zero_deletes_its_site_outright_not_revert
  PASS: depletion_above_level_1_loses_one_level_and_resets_to_50_without_disappearing_or_cascading
  PASS: a_faction_vein_held_at_streak_10_levels_up_per_the_same_100pct_schedule_as_a_player_vein
  PASS: a_faction_vein_above_level_1_depletes_to_50_and_loses_a_level_identically_to_a_player_vein
  PASS: level_1_vein_at_zero_keeps_the_15pct_collapse_roll_and_a_pre_roll_cultivate_rescue_holds
  PASS: collapse_vein_faction_branch_releases_the_deleted_sites_slot_for_reuse
  PASS: collapse_vein_player_branch_releases_the_veins_own_slot_when_it_has_one
  PASS: collapse_vein_player_branch_frees_nothing_extra_when_the_vein_reuses_its_sites_slot
  PASS: faction_vein_decays_monotonically_toward_zero_with_no_independent_death_roll
  PASS: faction_vein_pinned_at_zero_still_eventually_collapses_absent_abandonment
  PASS: growth_clamps_at_the_ceiling_and_does_not_drift_further
  PASS: rampantDays_increments_each_tick_at_the_ceiling_and_resets_below_it
  PASS: drift_fires_a_charge_burst_the_tick_a_vein_drifts_into_wild
  PASS: drift_fires_a_charge_burst_reaching_the_ceiling_even_from_within_wild_already
  PASS: drift_does_not_refire_a_charge_burst_while_a_vein_merely_sits_in_wild
  PASS: prune_fires_a_drain_when_it_pulls_growth_down_through_neutral
  PASS: prune_fires_a_drain_when_growth_starts_exactly_at_neutral
  PASS: prune_does_not_fire_a_drain_when_growth_stays_above_neutral
  PASS: cultivate_fires_a_charge_burst_when_growth_is_pushed_into_wild
  PASS: cultivate_never_fires_a_drain_even_when_growth_crosses_neutral_upward
  PASS: self_seed_fires_at_exactly_5_rampant_days_and_claims_an_unclaimed_site_in_district
  PASS: self_seed_does_not_breach_siteCap_because_it_claims_an_existing_site
  PASS: self_seed_no_ops_and_keeps_its_counter_when_no_unclaimed_site_exists
  PASS: faction_veins_never_self_seed_even_at_5_rampant_days
  PASS: wildCeiling_vein_cultivate_clamps_at_120_not_100
  PASS: fresh_vein_starts_at_seedGrowth
  PASS: skill_1_player_can_climb_a_seeded_vein_to_neutral_within_a_handful_of_blocks
  PASS: value_tier_boundaries
  PASS: combined_magnitude_matches_value_tier_exactly_at_level_1
  PASS: combined_magnitude_adds_level_minus_one_above_value_tier
  PASS: combined_magnitude_defaults_missing_level_field_to_1
  PASS: terroir_spread_saturated_wildCeiling_total_extraction_at_least_5x_poor
  PASS: ceiling_is_100_by_default_120_with_wildCeiling
  PASS: days_to_wall_returns_minus_one_at_neutral
  PASS: days_to_wall_matches_a_manual_simulation_using_the_expected_drift_magnitude
  PASS: days_to_wall_shrinks_as_earned_level_increases
  PASS: apply_yield_bonus_guarantees_at_least_plus_1_over_the_base_roll
  PASS: next_security_tier_id_walks_the_ladder_and_tops_out_at_guarded
  PASS: upgrade_vein_security_deducts_cash_and_advances_one_tier
  PASS: upgrade_vein_security_refuses_without_enough_cash
  PASS: extra_guard_cost_escalates_continuing_the_ladders_own_delta_progression
  PASS: vein_raid_resist_adds_a_flat_bonus_per_extra_guard_with_no_ceiling
  PASS: vein_raid_resist_defaults_extraGuards_to_zero_for_older_vein_dicts
  PASS: upgrade_vein_security_past_guarded_buys_an_escalating_stack_of_guards_instead_of_refusing
  PASS: upgrade_vein_security_still_refuses_a_guard_stack_purchase_without_enough_cash
  PASS: security_label_appends_extra_guard_count_only_once_stacking_has_started
  PASS: upgrade_vein_security_is_not_districted_no_block_or_travel_spent
  PASS: fresh_vein_has_no_alarm_upgrade_by_default
  PASS: add_alarm_deducts_cash_and_records_the_upgrade
  PASS: add_alarm_refuses_without_enough_cash
  PASS: add_alarm_is_idempotent_re_purchasing_is_blocked
  PASS: add_alarm_is_not_districted_no_block_or_travel_spent
  PASS: add_alarm_refuses_for_unknown_vein
  PASS: location_name_uses_the_verbatim_street_and_suffix_arrays
== test_debug_start.gd ==
SCRIPT ERROR: Invalid operands 'int' and 'bool' in operator '=='.
   at: <anonymous lambda> (res://tests/test_debug_start.gd:47)
   GDScript backtrace (most recent call first):
       [0] <anonymous lambda> (res://tests/test_debug_start.gd:47)
       [1] run_case (res://tests/test_base.gd:34)
       [2] run (res://tests/test_debug_start.gd:5)
       [3] _initialize (res://tests/test_runner.gd:66)
       [4] run (res://tests/test_combat_screen.gd:1494)
       [5] run_case (res://tests/test_base.gd:38)
       [6] <anonymous lambda> (res://tests/test_combat_screen.gd:1531)
  PASS: debug_start_matches_R5
== test_debug_tools.gd ==
  PASS: add_cash_adds_the_given_amount_to_player_cash
  PASS: add_cash_can_take_a_negative_amount
  PASS: add_calc_adds_the_given_amount_to_the_chosen_ore_type
  PASS: add_calc_works_from_an_unseeded_ore_type
== test_dial.gd ==
  PASS: attempt_seed_refuses_with_no_gift_flag
  PASS: attempt_seed_refuses_without_enough_calc
  PASS: attempt_seed_refuses_an_unknown_haft
  PASS: attempt_seed_consumes_the_full_mixed_cost_on_success
  PASS: attempt_seed_consumes_the_full_mixed_cost_on_failure_with_no_partial_dial
  PASS: attempt_seed_success_produces_an_inert_no_movement_dial
  PASS: attempt_seed_refuses_outright_once_a_dial_already_exists
  PASS: set_haft_swaps_freely_with_no_validation_beyond_haft_exists
  PASS: set_haft_refuses_with_no_dial
  PASS: attempt_craft_movement_refuses_an_unknown_archetype
  PASS: attempt_craft_movement_refuses_an_unknown_ore_type
  PASS: attempt_craft_movement_refuses_without_enough_calc
  PASS: attempt_craft_movement_deducts_ingredient_regardless_of_outcome
  PASS: attempt_craft_movement_success_records_the_chosen_ore_type_as_attunement_and_tier_from_skill
  PASS: attempt_craft_movement_failure_leaves_no_partial_movement
  PASS: seat_movement_refuses_with_no_dial
  PASS: seat_movement_refuses_an_out_of_range_index
  PASS: seat_movement_moves_it_out_of_inventory_and_into_the_dial
  PASS: seat_movement_swaps_the_previously_seated_movement_back_into_inventory
  PASS: unseat_movement_refuses_with_no_dial
  PASS: unseat_movement_refuses_with_nothing_seated
  PASS: unseat_movement_returns_it_to_inventory_intact
  PASS: attunement_bonus_is_zero_with_no_dial
  PASS: attunement_bonus_is_zero_with_a_dial_but_no_movement_seated
  PASS: attunement_bonus_is_zero_on_a_mismatched_ore_type
  PASS: attunement_bonus_matches_the_tier_indexed_curve_on_a_matching_ore_type
  PASS: attunement_bonus_changes_immediately_when_a_different_movement_is_seated
  PASS: attunement_bonus_disappears_once_unseated
  PASS: attunement_bonus_is_unaffected_by_loadedComplications
  PASS: capacity_max_reads_the_dial_level_lookup_table
  PASS: capacity_max_curve_matches_the_flat_one_slot_per_level_shape
  PASS: capacityMax_is_unaffected_by_seating_or_unseating_a_movement
  PASS: attempt_seed_success_populates_capacityMax_from_the_level_1_lookup
  PASS: load_complication_refuses_with_no_dial
  PASS: load_complication_refuses_an_unknown_recipe
  PASS: load_complication_refuses_with_nothing_in_that_tier_bucket
  PASS: load_complication_decrements_inventory_and_appends_at_a_flat_one_slot_cost
  PASS: load_complication_slot_cost_is_flat_regardless_of_recipe_or_crafted_tier
  PASS: load_complication_refuses_once_it_would_exceed_capacityMax
  PASS: load_unload_complication_works_identically_with_no_movement_seated
  PASS: unload_complication_refuses_with_no_dial
  PASS: unload_complication_refuses_an_out_of_range_index
  PASS: unload_complication_reverses_load_exactly_returning_the_unit_to_its_original_tier_bucket
  PASS: unload_complication_frees_capacity_for_a_subsequent_load
  PASS: seat_movement_activates_the_charge_pool_sized_by_archetype_and_tier
  PASS: seat_movement_biases_capacitor_toward_maxCharge_over_rechargeRate
  PASS: tier_5_capacitor_movement_sets_natural_rechargeRate_to_zero
  PASS: unseat_movement_deactivates_the_charge_pool
  PASS: reseating_a_different_movement_starts_the_charge_pool_fresh_not_inheriting_the_previous_reserve
  PASS: wind_refuses_with_no_dial
  PASS: wind_refuses_with_no_movement_seated
  PASS: wind_adds_charge_and_spends_the_seated_movements_attuned_ore_type
  PASS: wind_refuses_without_enough_calc
  PASS: wind_refuses_when_charge_is_already_full
  PASS: wind_has_no_time_block_cost
  PASS: winding_cost_per_charge_is_independent_of_dial_level_and_maxCharge
  PASS: daily_regen_adds_rechargeRate_once_per_day_capped_at_maxCharge
  PASS: daily_regen_is_a_no_op_with_no_dial
  PASS: cast_complication_refuses_with_no_dial
  PASS: cast_complication_refuses_an_out_of_range_index
  PASS: cast_complication_refuses_with_currentCharge_at_zero
  PASS: cast_complication_spends_exactly_one_charge_and_does_not_touch_inventory
  PASS: cast_complication_effect_is_effect_power_at_the_loaded_tier_with_no_movement_seated
  PASS: cast_complication_ignores_the_players_current_crafting_skill_and_uses_the_loaded_tier_instead
  PASS: cast_complication_impact_movement_amplifies_power_by_its_tier_bonus
  PASS: cast_complication_spread_movement_hits_every_target_at_full_power_no_dilution
  PASS: cast_complication_recharge_or_capacitor_seated_leaves_the_cast_unamplified
  PASS: direct_throw_of_an_unloaded_consumable_still_destroys_the_unit_and_applies_no_amplification
  PASS: combat_turn_tick_is_a_no_op_with_no_dial
  PASS: combat_turn_tick_is_a_no_op_with_no_movement_seated
  PASS: combat_turn_tick_is_a_no_op_for_a_below_tier_5_recharge_movement
  PASS: combat_turn_tick_is_a_no_op_for_a_tier_5_non_recharge_movement
  PASS: combat_turn_tick_regenerates_charge_every_n_turns_for_a_tier_5_recharge_movement
  PASS: combat_turn_tick_caps_at_maxCharge
  PASS: cast_complication_awards_dial_xp_mirroring_the_old_device_activation_award
  PASS: dial_level_2_at_50_xp_updates_capacityMax_and_maxCharge_from_the_level_2_lookup
  PASS: leveling_up_never_changes_the_seated_movement_or_its_attunement
  PASS: dial_xp_ladder_grows_maxCharge_and_capacityMax_on_the_primary_curve_and_rechargeRate_on_a_sparser_curve
  PASS: leveling_up_with_no_movement_seated_still_grows_capacityMax_but_stays_inert_on_charge
== test_dial_widget.gd ==
  PASS: widget_size_fully_contains_the_rendered_umbrella_with_no_cropping
  PASS: configure_clamps_a_stale_selected_index_to_the_current_list_size
  PASS: handle_select_reports_the_tapped_index_via_the_callback
  PASS: handle_select_reports_regardless_of_which_screw_it_is_relative_to_the_current_one
  PASS: handle_select_is_a_no_op_past_the_end_of_the_loaded_list
  PASS: handle_select_is_a_no_op_for_a_negative_index
  PASS: handle_trigger_casts_the_selected_complication_via_Combat_cast_complication
  PASS: handle_trigger_is_refused_without_enough_charge_same_as_the_old_bag_drawer_button
  PASS: handle_trigger_reports_the_cast_result_through_on_triggered
  PASS: handle_trigger_reports_even_a_refused_cast_through_on_triggered
  PASS: handle_trigger_with_no_on_triggered_callback_still_casts_normally
== test_district_bubble.gd ==
  PASS: district_options_disables_prospect_with_a_reason_when_siteCap_is_zero
  PASS: district_options_disables_prospect_before_the_cultivation_tutorial_is_seen
  PASS: district_options_disables_prospect_when_no_blocks_remain_today
  PASS: district_options_enables_prospect_once_the_tutorial_is_seen_and_blocks_remain
  PASS: district_options_always_offers_view_veins_enabled_regardless_of_prospect_gating
  PASS: district_options_always_offers_list_view_enabled_regardless_of_prospect_gating
  PASS: apply_option_prospect_forwards_to_Sites_prospect_and_reports_ok_true_on_success
  PASS: apply_option_prospect_reports_ok_false_when_prospect_itself_is_blocked
  PASS: apply_option_view_veins_selects_the_district_via_MapNav
  PASS: apply_option_ignores_an_unknown_option_id
  PASS: apply_option_list_view_opens_the_vein_list_scoped_to_the_district_via_VeinListNav
== test_district_deck.gd ==
  PASS: eligible_entries_matches_own_district_and_any
  PASS: eligible_entries_carries_weight_through_from_the_deck_def
  PASS: eligible_entries_defaults_weight_to_1_when_omitted
  PASS: eligible_entries_ignores_events_with_no_deck_field
  PASS: excludeIfFlag_drops_the_entry_once_the_flag_is_true
  PASS: excludeIfFlag_null_never_excludes
  PASS: barometerState_filter_gates_on_the_current_section_state
  PASS: requireUnclaimedSiteInDistrict_excludes_the_entry_with_nothing_unclaimed
  PASS: requireUnclaimedSiteInDistrict_includes_the_entry_once_an_unclaimed_site_exists
  PASS: requireUnclaimedSiteInDistrict_defaults_false_when_omitted
  PASS: no_repeat_excludes_an_event_drawn_within_the_last_5_days
  PASS: no_repeat_window_reopens_exactly_at_5_days
  PASS: no_repeat_only_excludes_its_own_id_not_other_entries
  PASS: draw_itself_is_side_effect_free
  PASS: weighted_pick_never_returns_an_id_outside_the_pool
  PASS: weighted_pick_favours_higher_weight_entries_over_many_draws
  PASS: weighted_pick_single_entry_always_wins
  PASS: maybe_trigger_starts_an_event_on_a_hit_with_an_eligible_pool
  PASS: maybe_trigger_prunes_stale_recentEvents_entries_when_it_records
  PASS: maybe_trigger_is_a_no_op_with_an_empty_pool_even_on_a_hit
  PASS: districtdeck_firing_mid_prospect_abandons_a_still_playing_map_animation_queue
== test_district_events.gd ==
  PASS: chance_op_takes_on_success_branch_when_p_is_1
  PASS: chance_op_takes_on_fail_branch_when_p_is_0
  PASS: start_street_mugging_op_launches_event_mugging_combat
  PASS: exit_combat_routes_event_mugging_back_to_the_event_screen_regardless_of_outcome
  PASS: npc_claim_best_unclaimed_site_op_claims_the_best_site_in_the_current_district
  PASS: npc_claim_best_unclaimed_site_op_is_a_no_op_with_nothing_unclaimed
  PASS: lose_time_block_op_advances_exactly_one_block
  PASS: lose_time_block_op_is_a_no_op_once_the_day_is_exhausted
  PASS: greenwich_tip_off_is_only_consumed_by_a_greenwich_roll
  PASS: greenwich_tip_off_meaningfully_raises_rich_frequency
  PASS: lucky_omen_consumed_on_next_sale_and_can_apply_a_10pct_bump
  PASS: lucky_omen_consumed_even_when_the_coin_flip_misses
  PASS: busker_greenwich_give_20_pays_grants_ore_tip_off_and_stays_redrawable
  PASS: busker_greenwich_walk_away_costs_nothing
  PASS: city_suit_trade_always_costs_200_and_can_succeed_for_8_fate_ore
  PASS: city_suit_trade_can_also_fail_for_nothing
  PASS: city_suit_pass_spends_nothing
  PASS: camden_shakedown_pay_deducts_50_and_never_starts_combat
  PASS: camden_shakedown_refuse_can_trigger_a_street_mugging
  PASS: camden_shakedown_refuse_can_also_walk_away_clean
  PASS: heath_dogwalker_grants_2_life_ore
  PASS: whitechapel_grief_grants_1_emotion_ore
  PASS: kx_delay_wait_it_out_burns_an_extra_time_block
  PASS: kx_delay_cab_costs_30_and_no_extra_block
  PASS: soho_tout_is_flavour_only
  PASS: battersea_hum_grants_1_physics_ore
  PASS: shoreditch_archie_grants_relation_2
  PASS: conclave_watch_sets_conclaveNoticed_and_then_excludes_itself
  PASS: pigeon_omen_sets_luckyOmen
  PASS: busker_and_pigeon_remain_drawable_after_their_one_shot_flag_fires
  PASS: rain_is_flavour_only
  PASS: rival_prospector_pay_off_costs_100_and_touches_no_sites
  PASS: rival_prospector_let_them_have_it_faction_claims_the_best_unclaimed_site
  PASS: rival_prospector_only_draws_in_a_district_with_an_unclaimed_site
  PASS: foxes_is_flavour_only
  PASS: roman_brick_increments_oddities_on_repeat_draws
== test_districts.gd ==
  PASS: price_indicator_matches_the_D4_worked_example
  PASS: price_indicator_negative_mod_keeps_the_minus_sign_only
  PASS: price_indicator_empty_at_zero_mod
  PASS: danger_indicator_rough_for_positive_dangerMod
  PASS: danger_indicator_safe_for_negative_dangerMod
  PASS: danger_indicator_empty_at_zero_mod
  PASS: derived_indicators_combines_both_and_skips_empties
  PASS: ownership_summary_no_sites_discovered_yet
  PASS: ownership_summary_counts_claimed_against_all_discovered_sites
== test_dot_matrix_board.gd ==
  PASS: line_builds_the_text_dot_size_dictionary_shape_set_lines_expects
  PASS: the_first_set_lines_call_lands_directly_on_the_given_text_with_nothing_to_scramble
  PASS: a_later_set_lines_call_scrambles_only_the_cells_that_actually_changed
  PASS: re_setting_the_exact_same_text_scrambles_nothing
  PASS: advancing_scramble_past_its_full_duration_settles_every_cell_on_the_target_character
  PASS: bugfixes_ticket_01_re_setting_the_same_target_text_mid_scramble_does_not_freeze_the_cell
  PASS: required_size_grows_with_character_count_dot_size_and_line_count
  PASS: render_draws_a_full_bleed_background_rect_plus_one_call_per_character_cell
  PASS: bugfixes_ticket_01_render_withholds_characters_that_would_intrude_into_reserved_right
== test_dot_matrix_font.gd ==
  PASS: every_glyph_is_a_5_wide_by_7_tall_grid
  PASS: rows_for_is_case_insensitive
  PASS: rows_for_falls_back_to_a_blank_cell_for_an_uncovered_character
  PASS: rows_for_an_empty_string_is_also_a_blank_cell
  PASS: random_scramble_char_always_returns_one_lit_glyph_and_never_space
  PASS: draw_char_draws_exactly_35_dots_split_lit_vs_dim_by_the_glyphs_own_1s_and_0s
  PASS: text_width_grows_with_character_count_and_dot_size
== test_economy.gd ==
  PASS: sale_rejects_empty_item_list
  PASS: gross_math_basic_ore_sale
  PASS: sale_via_archie_awards_the_flat_gain_and_feeds_tradeProgress
  PASS: a_single_sale_crossing_the_1000_rate_still_prices_its_own_cut_at_the_relation_after_the_flat_award_only
  PASS: mugged_sale_via_archie_still_awards_the_flat_gain_and_feeds_tradeProgress
  PASS: mugged_sale_via_archie_closes_the_sell_menu_modal_so_combat_is_reachable
  PASS: gross_math_applies_barometer_premiums
  PASS: gross_math_applies_district_priceMod
  PASS: consumable_price_also_gets_district_priceMod
  PASS: dangerMod_can_tip_a_non_mugging_roll_into_a_mugging
  PASS: consumable_sale_flips_archieMotionPending_exactly_once
  PASS: consumable_sale_does_not_flip_pending_once_archieMotionEventSeen
  PASS: mugged_path_defers_payout_to_pendingSaleCut
  PASS: complete_mugged_sale_pays_out_and_clears_pendingSaleCut
  PASS: adjust_sell_qty_clamps_between_0_and_max
  PASS: clear_sell_state_empties_it
  PASS: toggle_sell_vein_flips_between_0_and_1
  PASS: toggle_buy_vein_flips_between_0_and_1_under_its_own_key
  PASS: get_marketplace_qty_defaults_to_one
  PASS: adjust_marketplace_qty_clamps_between_1_and_max
  PASS: adjust_marketplace_qty_keys_are_scoped_per_faction_kind_and_item
  PASS: adjust_marketplace_qty_reclamps_a_stale_stored_value_before_applying_delta
  PASS: get_faction_buy_max_qty_floors_cash_over_price
  PASS: get_faction_buy_max_qty_is_zero_when_cash_cant_cover_even_one
  PASS: sell_from_sell_state_builds_items_and_clears_afterward
  PASS: quality_price_multiplier_matches_the_confirmed_curve
  PASS: selling_different_tiers_of_the_same_consumable_yields_different_prices
  PASS: execute_sale_removes_stock_from_the_exact_tier_sold_leaving_other_tiers_untouched
  PASS: sell_from_sell_state_offers_each_tier_of_a_consumable_as_its_own_sellable_line
  PASS: guild_buy_price_above_ticker_base_at_full_spread
  PASS: guild_sell_price_below_ticker_base_at_full_spread
  PASS: guild_spread_clamps_at_max_below_join_threshold
  PASS: guild_spread_narrows_as_relation_increases_then_flattens_at_zero
  PASS: guild_purchase_rejects_insufficient_cash
  PASS: guild_purchase_deducts_cash_and_adds_inventory
  PASS: guild_sale_credits_cash_and_removes_inventory
  PASS: collective_sell_spread_matches_the_authoritative_curve_at_25_50_80
  PASS: collective_sell_spread_anchors_at_relation_zero_not_joinRelation
  PASS: collective_sell_spread_floors_at_005_not_zero
  PASS: collective_buy_spread_is_decoupled_from_sell_spread
  PASS: collective_lane_ignores_district_priceMod
  PASS: collective_purchase_and_sale_round_trip_at_its_own_spread
  PASS: execute_faction_sale_also_feeds_the_named_vendors_own_personal_relation_lane
  PASS: execute_faction_sale_leaves_every_personal_relation_lane_untouched_when_no_contact_id_is_given
  PASS: get_faction_buy_max_qty_caps_by_collective_stock_not_just_cash
  PASS: get_faction_buy_max_qty_is_unaffected_by_stock_for_guild
  PASS: collective_purchase_rejected_outright_when_qty_exceeds_stock
  PASS: collective_purchase_decrements_stock_on_success
  PASS: collective_purchase_price_still_matches_get_faction_buy_price_unchanged
  PASS: collective_sale_to_faction_is_unaffected_by_stock
  PASS: guild_purchase_unaffected_by_any_stock_cap
  PASS: sell_to_faction_from_sell_state_prices_via_the_faction_lane_and_clears_afterward
  PASS: sell_to_faction_from_sell_state_passes_its_own_contact_id_through_to_every_leg
  PASS: sell_to_faction_from_sell_state_rejects_an_empty_cart
  PASS: sell_to_faction_from_sell_state_buys_ore_from_stock_and_debits_earned
  PASS: sell_to_faction_from_sell_state_skips_an_ore_purchase_that_exceeds_stock
  PASS: sell_to_faction_from_sell_state_sells_a_toggled_vein_at_its_quote_price
  PASS: sell_to_faction_from_sell_state_batches_ore_and_a_vein_into_one_earned_total
  PASS: sell_to_faction_from_sell_state_ignores_an_untoggled_vein
  PASS: sell_to_faction_from_sell_state_buys_a_toggled_faction_vein_at_its_quote_price
  PASS: sell_to_faction_from_sell_state_nets_a_sell_and_a_buy_into_one_earned_total
  PASS: sell_to_faction_from_sell_state_ignores_an_untoggled_buyable_faction_vein
  PASS: sell_to_faction_from_sell_state_ignores_a_toggled_buy_vein_belonging_to_a_different_faction
  PASS: archie_cut_ratio_matches_the_confirmed_curve_at_10_40_80
  PASS: archie_cut_ratio_is_flat_outside_the_10_to_80_range
  PASS: archie_sale_cut_uses_the_relation_scaled_ratio_not_a_flat_50_percent
  PASS: get_archie_vein_price_marks_up_the_plain_quote_before_any_cut
  PASS: execute_sale_with_a_vein_item_transfers_it_immediately_and_folds_its_marked_up_price_into_gross
  PASS: mugged_vein_sale_transfers_the_vein_but_defers_its_marked_up_cut_to_pendingSaleCut
  PASS: a_vein_in_the_trade_rolls_the_lower_vein_lane_base_mugging_chance_not_the_plain_rate
  PASS: a_mugged_vein_sale_starts_the_harder_mugger_roster
== test_equipment.gd ==
  PASS: equip_weapon_requires_an_owned_item
  PASS: equip_and_unequip_weapon
== test_event_screen.gd ==
  PASS: evening_choice_labels_only_the_time_consuming_option
  PASS: no_private_amber_or_danger_colour_constants_remain_in_the_script
  PASS: narration_card_keeps_the_plain_theme_panel_with_no_override
  PASS: speaker_card_renders_a_heading_above_the_body
  PASS: tension_card_border_wires_to_the_shared_map_style_danger_colour
  PASS: craft_card_uses_the_named_calc_gold_palette_entries
  PASS: choice_card_with_a_speaker_field_renders_the_speaker_name
  PASS: choice_card_without_a_speaker_field_renders_no_heading
  PASS: resolution_card_after_a_choice_reads_like_narration_with_no_marker
  PASS: continue_button_is_recoloured_to_ui_action_red
  PASS: continue_button_has_a_visible_fill_and_border_at_rest
  PASS: choice_buttons_are_recoloured_to_ui_action_red
  PASS: rewind_button_is_recoloured_to_ui_action_red_when_available
  PASS: image_slot_stays_hidden_for_a_genuinely_non_vn_event_since_it_can_never_receive_an_image
  PASS: a_non_vn_event_still_builds_the_small_slot_and_scrolling_stack_path_unchanged
  PASS: an_event_with_an_image_on_any_card_switches_the_screen_into_vn_mode
  PASS: vn_mode_uses_the_fixed_non_overlapping_image_and_text_split
  PASS: vn_mode_text_frame_height_is_content_independent_and_prose_scrolls_inside
  PASS: vn_mode_shows_exactly_one_cards_content_and_replaces_it_on_advance
  PASS: vn_mode_text_box_accent_follows_the_current_cards_type_same_as_style_card
  PASS: vn_mode_shows_the_latest_revealed_card_including_a_resolution_after_a_choice
  PASS: vn_mode_builds_no_separate_action_bar_at_all
  PASS: vn_mode_continue_renders_as_a_right_aligned_arrow_glyph_inside_the_box
  PASS: vn_mode_choice_buttons_render_attached_to_the_box_not_a_separate_bar
  PASS: vn_mode_rewind_renders_attached_to_the_box_when_available
  PASS: vn_mode_box_accent_still_reads_correctly_with_controls_docked_in_it
  PASS: non_vn_events_action_bar_and_its_buttons_are_completely_unaffected
== test_eventbus.gd ==
  PASS: screen_changed_carries_the_screen_name
  PASS: day_ticked_carries_the_day_number
== test_events.gd ==
  PASS: schema_all_event_files_validate
  PASS: schema_validation_flags_an_event_whose_on_complete_never_navigates_away
  PASS: schema_validation_accepts_an_on_complete_ending_in_set_screen
  PASS: schema_validation_accepts_an_on_complete_that_only_launches_home_raid_combat
  PASS: start_event_sets_state_and_screen
  PASS: advance_reveals_next_card_and_pushes_a_snapshot
  PASS: revealed_cards_grows_with_cardIndex
  PASS: apply_effects_covers_every_op
  PASS: set_screen_to_phone_also_resets_phoneNav_to_home
  PASS: set_screen_to_a_non_phone_target_leaves_phoneNav_untouched
  PASS: grant_vein_is_no_longer_a_valid_effect_op
  PASS: grant_vein_with_site_creates_a_matching_claimed_site_and_links_it
  PASS: grant_vein_with_site_derives_site_tier_and_bonuses_from_hospitability
  PASS: tutorial_cultivate_adds_gain_to_the_whitechapel_time_vein
  PASS: tutorial_cultivate_can_push_growth_up_from_any_starting_point
  PASS: tutorial_cultivate_is_a_no_op_with_no_matching_vein
  PASS: is_awaiting_choice_true_only_on_an_unresolved_choice_card
  PASS: advance_is_a_no_op_while_awaiting_a_choice
  PASS: choose_applies_effects_and_records_result_text
  PASS: choosing_the_other_option_applies_its_own_effects_and_text
  PASS: current_image_path_is_null_when_nothing_has_specified_one
  PASS: current_image_path_carries_through_a_picked_choices_image_via_the_resolution_card
  PASS: current_image_path_stays_sticky_then_clears_on_an_explicit_null
  PASS: current_image_path_ignores_the_unpicked_choice_option
  PASS: is_vn_mode_false_when_no_card_in_the_event_has_an_image
  PASS: is_vn_mode_true_for_an_image_buried_deep_in_the_array_not_just_the_first_card
  PASS: is_vn_mode_is_computed_from_the_full_static_definition_not_revealed_so_far_cards
  PASS: is_vn_mode_true_when_only_a_choice_options_nested_image_is_set_no_top_level_card_has_one
  PASS: is_vn_mode_ignores_a_choice_option_that_carries_no_image_when_no_other_option_has_one_either
  PASS: is_vn_mode_treats_an_explicit_null_image_as_not_counting
  PASS: intro_pilot_images_swap_at_their_wired_cards_and_resolve_to_real_files
  PASS: event_card_images_are_discovered_by_event_id_and_one_based_card_index
  PASS: continue_after_choosing_proceeds_to_the_next_card_and_on_complete_still_runs
  PASS: rewind_undoes_a_choice_pick
  PASS: stealth_check_op_branches_into_on_success_with_a_saturated_bonus
  PASS: stealth_check_op_branches_into_on_caught_with_a_floored_bonus
  PASS: start_raid_combat_op_launches_combat_with_event_raid_context
  PASS: claim_raid_vein_op_transfers_ownership
  PASS: loot_raid_vein_op_grants_ore_without_transferring_ownership
  PASS: start_home_raid_combat_op_launches_home_raid_combat
  PASS: home_raid_debrief_loss_unlocks_hq_and_fires_workbench_notification
  PASS: rewind_restores_full_state_without_corruption
  PASS: rewind_pops_one_frame_at_a_time
  PASS: rewind_blocked_with_no_snapshots_or_no_resource
  PASS: full_tutorial_playthrough_lands_every_r311_change
== test_factions.gd ==
  PASS: can_join_requires_relation_and_not_already_joined
  PASS: join_sets_joined_true
  PASS: join_fails_when_not_eligible
  PASS: adjust_player_relation_moves_the_player_facing_relation_field
  PASS: pick_claimant_heavily_favours_the_presence_faction
  PASS: pick_claimant_rival_encroachment_never_picks_the_presence_faction_itself
  PASS: pick_claimant_no_presence_district_falls_back_to_a_varied_uniform_pick
  PASS: create_faction_vein_populates_an_instant_vein_with_a_security_tier
  PASS: roll_security_tier_skews_cheap_for_a_low_opulence_faction_and_ore
  PASS: roll_security_tier_skews_expensive_for_a_high_opulence_faction_and_ore
  PASS: apply_passive_income_increases_every_factions_balance
  PASS: apply_passive_income_differs_across_factions_per_industries
  PASS: apply_passive_income_applies_regardless_of_vein_count
  PASS: apply_vein_income_zero_veins_earns_zero
  PASS: apply_vein_income_high_value_ore_out_earns_low_value_ore
  PASS: apply_vein_income_matches_the_documented_basePrice_times_level_formula
  PASS: apply_vein_income_scales_with_vein_level
  PASS: apply_vein_income_scales_with_combined_magnitude_earned_level
  PASS: apply_vein_income_more_veins_out_earns_fewer_veins
  PASS: apply_vein_income_skips_a_vein_claimed_this_same_tick
  PASS: roll_security_tier_responds_to_current_balance_not_static_resourceLevel
  PASS: apply_security_upgrades_upgrades_an_affordable_eligible_vein_and_charges_its_cost
  PASS: apply_security_upgrades_is_a_no_op_when_balance_cant_afford_the_upgrade
  PASS: apply_security_upgrades_never_targets_a_vein_already_at_guarded
  PASS: apply_security_upgrades_prioritises_the_highest_value_eligible_vein
  PASS: faction_relations_seeded_neutral_for_every_ordered_pair
  PASS: get_relation_self_vs_self_is_a_documented_no_op
  PASS: adjust_relation_round_trips_and_is_directional
  PASS: faction_relations_survive_deep_copy_and_save_load_round_trip
  PASS: roll_rivalry_attempts_raiding_faction_initiates_markedly_more_often
  PASS: roll_rivalry_attempts_faction_with_no_eligible_target_never_initiates
  PASS: roll_rivalry_attempts_records_only_reference_real_rival_owned_veins
  PASS: roll_rivalry_attempts_is_a_pure_computation_no_state_mutation
  PASS: rivalry_success_chance_increases_with_attacker_resource_advantage
  PASS: rivalry_success_chance_decreases_with_defender_resource_advantage
  PASS: rivalry_success_chance_decreases_with_higher_raidResist
  PASS: rivalry_success_chance_keeps_decreasing_as_extra_guards_stack_past_guarded
  PASS: rivalry_success_chance_increases_with_worse_defender_relation_toward_attacker
  PASS: rivalry_success_chance_is_zero_when_the_target_site_no_longer_exists
  PASS: rivalry_success_chance_clamps_to_the_0_1_range_at_extreme_inputs
  PASS: roll_rivalry_odds_returns_the_attempt_annotated_with_a_success_outcome_matching_the_computed_chance
  PASS: roll_rivalry_odds_is_a_pure_computation_no_state_mutation
  PASS: resolve_rivalry_outcome_success_transfers_ownership_and_worsens_relation
  PASS: resolve_rivalry_outcome_success_queues_a_seed_claim_map_event_for_the_new_owner
  PASS: resolve_rivalry_outcome_failure_queues_no_map_event
  PASS: resolve_rivalry_outcome_failure_changes_nothing
  PASS: resolve_rivalry_outcome_does_not_double_process_a_vein_that_already_changed_hands_this_tick
  PASS: resolve_rivalry_outcome_multiple_distinct_veins_each_queue_their_own_event_in_order
  PASS: apply_rivalry_resolution_transfers_ownership_across_many_ticks
  PASS: seed_day_one_veins_produces_the_exact_per_faction_counts_districts_and_growths
  PASS: seed_day_one_veins_growths_are_identical_across_seeds_but_tier_ore_security_still_vary
  PASS: seed_day_one_veins_bumps_siteCap_by_exactly_the_placed_count_per_district
== test_gamedata.gd ==
  PASS: real_data_loads_and_validates
  PASS: public_fields_match_pre_manifest_load_snapshot
  PASS: manifest_missing_file_reports_a_load_error_naming_the_table
  PASS: manifest_wrong_type_value_reports_table_and_field
  PASS: manifest_int_value_for_a_float_field_is_widened_not_flagged
  PASS: loaded_events_match_data_events_directory
  PASS: corrupt_fixture_event_id_mismatched_with_filename_fails
  PASS: corrupt_fixture_missing_ore_type_fails
  PASS: corrupt_fixture_bad_cross_reference_fails
  PASS: corrupt_fixture_bad_room_min_tier_fails
  PASS: corrupt_fixture_bad_faction_pref_state_fails
  PASS: corrupt_fixture_contact_missing_recruitable_fails
  PASS: corrupt_fixture_missing_collective_bark_vendor_fails
  PASS: corrupt_fixture_collective_bark_pool_too_short_fails
  PASS: corrupt_fixture_missing_faction_trade_lane_fails
  PASS: corrupt_fixture_dial_capacityByLevel_wrong_size_fails
  PASS: corrupt_fixture_objective_unknown_type_fails
  PASS: corrupt_fixture_objective_missing_param_fails
  PASS: corrupt_fixture_objective_unknown_faction_fails
  PASS: corrupt_fixture_objective_missing_questline_fails
  PASS: corrupt_fixture_objective_null_activateFlag_is_allowed
  PASS: corrupt_fixture_objective_faction_vein_seeded_count_unknown_faction_fails
  PASS: corrupt_fixture_objective_items_crafted_set_unknown_recipe_fails
  PASS: corrupt_fixture_objective_items_crafted_set_empty_recipeKeys_fails
  PASS: corrupt_fixture_objective_alarm_defend_wins_missing_minCount_fails
  PASS: corrupt_fixture_missing_district_fails
  PASS: corrupt_fixture_bad_district_oreBias_fails
  PASS: corrupt_fixture_bad_site_tier_order_fails
  PASS: corrupt_fixture_seedTierMod_with_barren_fails
  PASS: corrupt_fixture_missing_map_layout_district_fails
  PASS: corrupt_fixture_map_layout_too_few_stop_slots_fails
  PASS: corrupt_fixture_bad_event_pin_district_fails
  PASS: corrupt_fixture_vein_growth_band_gap_fails
  PASS: corrupt_fixture_vein_growth_bands_not_covering_100_fails
  PASS: corrupt_fixture_combat_prototype_missing_encounter_fails
  PASS: corrupt_fixture_combat_prototype_unknown_script_action_fails
  PASS: corrupt_fixture_combat_visuals_missing_canonical_context_fails
  PASS: corrupt_fixture_combat_visuals_no_image_and_no_fallback_fails
  PASS: corrupt_fixture_combat_visuals_unknown_fallback_color_fails
  PASS: corrupt_fixture_combat_visuals_archie_deal_mugging_diverging_from_mugging_fails
  PASS: corrupt_fixture_hq_visuals_no_image_and_no_fallback_fails
  PASS: corrupt_fixture_hq_visuals_unknown_fallback_color_fails
  PASS: corrupt_fixture_hq_visuals_undersized_region_fails
  PASS: corrupt_fixture_hq_visuals_overlapping_regions_fail
  PASS: corrupt_fixture_hq_visuals_missing_region_key_fails
  PASS: real_hq_visuals_bedsit_room_has_every_v1_zone
  PASS: real_hq_visuals_lab_bench_has_both_notebook_regions
  PASS: corrupt_fixture_hq_visuals_lab_bench_no_image_and_no_fallback_fails
  PASS: corrupt_fixture_hq_visuals_lab_bench_overlapping_notebook_regions_fail
  PASS: spot_check_values
== test_gamestate.gd ==
  PASS: new_game_state_matches_schema_defaults
  PASS: read_path_reads_nested_values
  PASS: deep_copy_is_independent_of_original
  PASS: round_epsilon_guards_against_float_boundary_error
  PASS: faction_resources_seed_with_differentiated_baselines_per_flavour_text
  PASS: faction_resources_round_trip_through_save_load
  PASS: faction_resources_round_trip_through_snapshot_restore
  PASS: reset_produces_a_fresh_independent_tree
== test_guild_marketplace_screen.gd ==
  PASS: guild_marketplace_shows_locked_state_for_non_members
  PASS: guild_marketplace_shows_trading_ui_for_members
  PASS: guild_marketplace_consumables_stay_behind_the_same_tutorial_gate_as_the_sell_menu
  PASS: guild_marketplace_price_labels_match_economy_formula
  PASS: guild_marketplace_buy_button_updates_cash_and_inventory
  PASS: guild_marketplace_sell_button_updates_cash_and_inventory
  PASS: guild_marketplace_buy_button_disabled_when_cash_cant_cover_it
  PASS: guild_marketplace_sell_button_disabled_with_nothing_held
  PASS: guild_marketplace_qty_stepper_starts_at_one
  PASS: guild_marketplace_qty_stepper_increments_and_updates_buy_sell_totals
  PASS: guild_marketplace_qty_stepper_cannot_go_below_one
  PASS: guild_marketplace_qty_stepper_clamps_buy_side_at_affordability
  PASS: guild_marketplace_qty_stepper_clamps_sell_side_at_stock
  PASS: guild_marketplace_buy_disables_past_affordability_even_while_sell_side_allows_higher_qty
  PASS: guild_marketplace_qty_stepper_responds_immediately_after_a_sale_shrinks_the_ceiling
  PASS: guild_marketplace_lists_all_fourteen_craftable_recipes_as_goods_rows
  PASS: guild_marketplace_back_button_routes_to_phone_home
== test_haptics.gd ==
  PASS: supported_platform_list_is_exactly_android_ios_web
  PASS: headless_test_host_reports_unsupported_and_buzz_is_a_safe_no_op
== test_home.gd ==
  PASS: raid_chance_floors_at_0_002
  PASS: raid_chance_uses_tier_base_security_and_carried_ore
  PASS: get_raid_chance_for_tier_previews_a_tier_the_player_has_not_moved_into_yet
  PASS: raid_spacing_skips_within_3_days
  PASS: raid_with_no_carried_ore_updates_lastRaidDay_but_loots_nothing
  PASS: raid_loss_ratio_is_halved_by_safeRoom
  PASS: raid_loss_ratio_is_full_without_safeRoom
  PASS: alarmed_hq_raid_queues_instead_of_resolving_immediately
  PASS: unalarmed_hq_raid_still_auto_resolves_with_no_pending_raid_queued
  PASS: missed_defend_window_resolves_the_pending_raid_as_a_loss_on_the_next_tick
  PASS: guard_repel_chance_scales_15_percent_per_guard_capped_at_75
  PASS: missed_defend_window_with_guards_present_can_be_repelled_with_no_loss
  PASS: missed_defend_window_with_guards_present_can_still_lose_on_a_failed_repel_roll
  PASS: has_pending_raid_and_is_pending_raid_notification_reflect_the_queued_flag
  PASS: trigger_defend_pops_the_pending_flag_and_starts_home_raid_combat
  PASS: trigger_defend_is_a_no_op_when_nothing_is_pending
  PASS: get_next_tier_id_walks_the_ladder_and_returns_empty_at_the_top
  PASS: upgrade_tier_enforces_cash_and_advances_the_ladder
  PASS: add_security_enforces_minTier
  PASS: add_security_no_count_cap_at_top_tier
  PASS: guard_purchases_stack_as_a_count_not_a_boolean_flag
  PASS: guard_purchase_still_enforces_minTier_and_cash
  PASS: guard_raidReduction_scales_flat_per_guard_like_vein_extraGuards
  PASS: add_security_applies_securityContactUnlocked_discount
  PASS: add_room_enforces_minTier
  PASS: add_room_enforces_minTier_even_with_a_free_slot
  PASS: add_room_body_bonus_applies_immediately
  PASS: workshop_bonus_sums_installed_crafting_rooms
  PASS: known_approaches_always_include_start_approaches_with_no_rooms
  PASS: known_approaches_unlock_via_room_ownership
  PASS: is_known_matches_get_known
== test_hq_dial.gd ==
  PASS: hq_dial_screen_shows_seeding_ui_when_no_dial_is_seeded_and_the_gift_has_been_granted
  PASS: hq_dial_screen_shows_a_waiting_message_when_no_dial_is_seeded_and_no_gift_has_been_granted
  PASS: hq_dial_screen_seed_button_seeds_via_dial_system
  PASS: hq_dial_screen_shows_level_charge_and_capacity_readouts_once_a_dial_is_seeded
  PASS: hq_dial_screen_craft_new_movement_hands_off_to_the_craft_components_menu_modal
  PASS: hq_dial_screen_swap_button_disabled_with_an_empty_movement_inventory
  PASS: hq_dial_screen_swap_opens_the_movement_swap_picker_which_seats_via_dial_system
  PASS: hq_dial_screen_unseat_matches_dial_system
  PASS: hq_dial_screen_tapping_an_empty_housing_opens_the_load_complication_modal
  PASS: hq_dial_screen_tapping_a_loaded_housing_unloads_it_via_dial_system
  PASS: hq_dial_screen_loaded_complication_shows_in_a_socket_tile_and_the_rest_stay_empty
  PASS: hq_dial_screen_renders_exactly_capacity_max_housings_no_separate_display_cap
  PASS: hq_dial_screen_craft_components_opens_the_lab_bench_recipe_book_modal
  PASS: hq_dial_screen_needle_rotation_reflects_current_charge_fraction
  PASS: hq_dial_screen_back_button_returns_to_hq
== test_hq_diorama.gd ==
  PASS: build_sizes_the_control_to_the_plates_width_and_height
  PASS: region_rects_returns_every_region_generically_no_hardcoded_roster
  PASS: empty_image_region_draws_a_labelled_placeholder_box
  PASS: region_with_no_art_produced_yet_gets_a_placeholder_not_a_blank_space
  PASS: placeholder_false_suppresses_the_box_even_with_no_image
  PASS: placeholder_defaults_to_true_when_the_field_is_absent
  PASS: notebook_regions_in_the_real_manifest_opt_out_of_the_placeholder
  PASS: notebook_regions_stay_in_region_rects_for_tap_hit_testing
  PASS: debug_overlay_toggle_controls_whether_debug_region_draws
  PASS: empty_fallback_color_falls_back_to_the_manifest_palette_fallback_fill
  PASS: real_room_image_uses_the_texture_layer_not_the_fallback_fill
== test_hq_door.gd ==
  PASS: hq_door_shows_a_buy_button_for_an_available_uninstalled_security_option
  PASS: hq_door_buy_button_installs_security_same_as_the_old_direct_row
  PASS: hq_door_installed_security_shows_installed_not_a_buy_button
  PASS: hq_door_locked_security_option_shows_locked_not_a_buy_button
  PASS: hq_door_back_button_returns_to_hq
== test_hq_floorplan.gd ==
  PASS: hq_floorplan_bedsit_tier_shows_an_empty_plan_with_every_room_locked
  PASS: hq_floorplan_buy_button_installs_a_room_same_as_the_old_direct_row
  PASS: hq_floorplan_installed_vein_station_exposes_a_view_all_veins_button_that_opens_the_list
  PASS: hq_floorplan_installed_lab_room_exposes_a_contact_assignment_row
  PASS: hq_floorplan_installed_ops_room_exposes_a_contact_assignment_row
  PASS: hq_floorplan_unassign_button_vacates_the_room
  PASS: hq_floorplan_unpaid_role_exposes_a_pay_now_button_that_clears_it
  PASS: hq_floorplan_back_button_returns_to_hq
== test_hq_lab_bench.gd ==
  PASS: hq_lab_bench_back_button_returns_to_hq
  PASS: hq_lab_bench_opens_on_the_books_ore_stop_with_the_left_arrow_disabled
  PASS: hq_lab_bench_right_arrow_steps_to_the_apparatus_stop
  PASS: hq_lab_bench_right_arrow_is_disabled_on_the_apparatus_stop
  PASS: hq_lab_bench_left_arrow_steps_back_from_the_apparatus_stop
  PASS: hq_lab_bench_right_arrow_tweens_the_diorama_pan_when_in_a_live_tree
  PASS: hq_lab_bench_an_unrelated_refresh_mid_pan_resumes_toward_the_same_target_instead_of_snapping_there
  PASS: hq_lab_bench_tapping_the_recipes_notebook_sets_the_mode_and_opens_the_recipe_book
  PASS: hq_lab_bench_tapping_the_experiments_notebook_sets_the_mode_and_opens_the_notebook
  PASS: hq_lab_bench_held_notebook_region_label_reads_open
  PASS: hq_lab_bench_tapping_the_held_notebook_again_returns_to_the_fork_and_opens_no_modal
  PASS: hq_lab_bench_switches_modes_freely_with_no_confirmation
  PASS: hq_lab_bench_ore_containers_exist_for_all_five_types
  PASS: hq_lab_bench_ore_container_label_reads_empty_at_zero_count
  PASS: hq_lab_bench_ore_container_label_reads_some_at_a_middling_count
  PASS: hq_lab_bench_ore_container_label_reads_plenty_at_a_high_count
  PASS: hq_lab_bench_tapping_an_ore_container_selects_it
  PASS: hq_lab_bench_selected_ore_container_label_shows_selected
  PASS: hq_lab_bench_selected_ore_container_shows_a_cost_range_when_multiple_known_recipes_match
  PASS: hq_lab_bench_selected_ore_container_shows_the_probe_cost_in_experiments_mode
  PASS: hq_lab_bench_apparatus_regions_only_exist_for_known_approaches
  PASS: hq_lab_bench_apparatus_region_appears_once_its_room_is_built
  PASS: hq_lab_bench_experiments_mode_apparatus_is_inert_with_no_selection
  PASS: hq_lab_bench_experiments_mode_apparatus_probes_once_ore_is_selected
  PASS: hq_lab_bench_experiments_mode_apparatus_never_names_the_recipe_in_its_label
  PASS: hq_lab_bench_recipes_manual_path_crafts_qty_1_at_the_matching_apparatus
  PASS: hq_lab_bench_recipes_manual_path_apparatus_names_the_armed_recipe
  PASS: hq_lab_bench_recipes_manual_path_apparatus_is_inert_for_an_unknown_combination
  PASS: hq_lab_bench_dragging_ore_onto_an_apparatus_selects_and_runs_it_same_as_two_taps
  PASS: hq_lab_bench_a_press_and_release_in_the_same_ore_container_is_a_plain_tap_not_a_drag
== test_hq_screen.gd ==
  PASS: hq_ready_starts_home_raid_intro_and_never_builds_the_normal_ui_when_pending_and_unseen
  PASS: hq_ready_does_not_retrigger_once_the_event_has_been_seen
  PASS: hq_ready_does_not_trigger_when_no_raid_is_pending
  PASS: hq_locked_view_shows_the_bedsit_background_and_no_room_plate
  PASS: hq_rest_action_is_reachable_even_while_hq_is_locked
  PASS: hq_locked_view_shows_a_defend_button_while_a_raid_is_pending
  PASS: hq_locked_view_has_no_defend_button_when_nothing_is_pending
  PASS: hq_room_view_has_no_defend_shortcut_even_while_a_raid_is_pending
  PASS: hq_room_view_builds_a_diorama_sized_to_the_bedsit_plate
  PASS: hq_room_view_falls_back_to_the_bedsit_plate_for_a_tier_with_no_manifest_entry_yet
  PASS: hq_dial_zone_tap_navigates_to_the_hq_dial_screen
  PASS: hq_lab_zone_tap_navigates_to_the_hq_lab_bench_screen
  PASS: hq_security_zone_tap_navigates_to_the_hq_door_screen
  PASS: hq_security_zone_tap_opens_defend_instead_of_the_door_screen_while_a_raid_is_pending
  PASS: hq_room_plate_shows_a_hostile_security_label_while_a_raid_is_pending
  PASS: hq_room_plate_shows_the_normal_security_label_when_no_raid_is_pending
  PASS: hq_room_plate_shows_the_installed_lock_image_once_the_lock_is_bought
  PASS: hq_room_plate_shows_the_empty_lock_image_before_the_lock_is_bought
  PASS: hq_rooms_zone_tap_navigates_to_the_hq_floorplan_screen
  PASS: hq_ore_store_zone_tap_opens_the_hq_ore_readout_modal
  PASS: hq_rest_zone_tap_performs_the_rest_action_directly_with_no_intermediate_view
  PASS: hq_tapping_outside_every_region_opens_nothing
  PASS: hq_non_press_input_on_the_diorama_does_nothing
  PASS: hq_gym_zone_tap_opens_the_hq_gym_modal
  PASS: hq_debug_regions_button_toggles_the_diorama_overlay_and_survives_a_refresh
== test_icons.gd ==
  PASS: kinds_match_n6s_8_icons_plus_ticket_13s_hamburger
  PASS: is_valid_kind_matches_kinds_only
  PASS: draw_padlock_draws_one_body_rect_and_one_shackle_arc
  PASS: draw_pin_draws_a_triangular_point_and_a_circular_head_returning_the_heads_own_centre
== test_jobs.gd ==
  PASS: job_qty_bands_by_trust
  PASS: recipe_pool_excludes_enhancementPowder_until_unlocked
  PASS: pay_per_item_matches_consumable_prices
  PASS: generate_james_job_sets_byDay_deadline_two_days_per_qty
  PASS: generate_flat_pay_job_shape
  PASS: offer_job_is_no_longer_a_player_invocable_method
  PASS: roll_daily_offer_always_offers_flat_pay_when_cash_at_or_below_threshold
  PASS: roll_daily_offer_skips_entirely_when_a_job_is_already_active
  PASS: roll_daily_offer_baseline_chance_eventually_offers_something_above_the_cash_threshold
  PASS: roll_daily_offer_never_fires_before_jamesMotionEventSeen
  PASS: decline_job_clears_job_and_active_flags_with_no_relation_change
  PASS: accept_job_sets_accepted_flag_and_notifies
  PASS: fulfil_flat_pay_job_consumes_a_time_block_pays_and_awards_relation
  PASS: fulfil_flat_pay_job_fails_when_no_time_blocks_left
  PASS: fulfil_craft_job_deducts_pays_and_clears
  PASS: fulfil_craft_job_fails_with_insufficient_inventory
  PASS: fulfil_job_fails_with_no_active_job
  PASS: expire_overdue_job_clears_and_docks_relation_past_byDay
  PASS: expire_overdue_job_leaves_job_untouched_before_byDay
  PASS: expire_overdue_job_ignores_flatPay_jobs
== test_lab_bench_nav.gd ==
  PASS: open_lands_on_the_books_ore_stop_and_emits
  PASS: open_does_not_disturb_an_already_held_mode
  PASS: step_advances_one_stop_at_a_time_in_stop_order
  PASS: step_clamps_at_the_last_stop_rather_than_wrapping
  PASS: step_clamps_at_the_first_stop_rather_than_wrapping
  PASS: tap_notebook_sets_the_mode_when_none_is_held
  PASS: tap_notebook_on_the_held_notebook_returns_to_the_fork
  PASS: tap_notebook_switches_modes_freely
  PASS: select_ore_adds_up_to_two_types
  PASS: select_ore_on_a_third_type_replaces_the_oldest_selection
  PASS: select_ore_on_an_already_selected_type_deselects_it
  PASS: select_ore_emits_state_changed
  PASS: open_resets_selected_ore_but_leaves_mode_untouched
== test_map_bubble.gd ==
  PASS: open_renders_one_row_per_option_and_shows_the_panel
  PASS: tapping_an_option_emits_option_selected_with_its_id_and_closes_the_popup
  PASS: tapping_outside_the_popup_closes_it_without_selecting_anything
  PASS: a_release_event_on_the_dim_does_not_close_the_popup
  PASS: a_disabled_option_is_shown_disabled_with_its_reason_rather_than_hidden
  PASS: an_enabled_option_has_no_reason_row
  PASS: an_option_with_an_icon_callable_renders_a_glyph_alongside_its_label
  PASS: tapping_an_icon_option_still_identifies_which_option_was_tapped
  PASS: closing_an_already_closed_popup_does_not_re_emit_closed
  PASS: reopening_with_a_new_option_list_replaces_the_old_rows
  PASS: the_popup_panel_is_positioned_via_bubble_layout_and_never_off_screen
== test_map_canvas.gd ==
  PASS: vein_ring_style_matches_MapStyle_directly_in_ownership_mode
  PASS: vein_ring_style_matches_MapStyle_directly_in_type_and_growth_modes
  PASS: vein_ring_style_works_with_a_faction_owner_colour_and_the_faction_base_width
  PASS: unclaimed_ring_style_recolours_by_ore_type_in_type_mode_but_stays_muted_and_fixed_width_otherwise
  PASS: draw_vein_stop_helpers_draw_a_fill_at_its_radius_and_a_glyph_centred_on_the_stops_position
  PASS: draw_faction_stop_helpers_draw_a_fill_at_its_radius_and_a_glyph_centred_on_the_stops_position
  PASS: ore_glyphs_are_always_vector_drawn_in_charcoal_independent_of_ore_type
  PASS: draw_fullness_ring_draws_white_centre_neutral_track_and_partial_progress_arc
  FAIL: white_centre_overlaps_the_fullness_ring_so_route_lines_cannot_show_between_them
        assert_true: condition was false. white centre must overlap the antialiased ring edge; exact contact can leave a hairline
  PASS: draw_fullness_ring_at_zero_has_track_but_no_progress_arc
  PASS: draw_fullness_ring_at_one_draws_a_complete_progress_circle
  PASS: draw_unclaimed_stop_helpers_draw_a_ring_at_its_radius_and_a_glyph_centred_on_the_stops_position
  PASS: partition_stops_hides_a_pending_join_line_vein_from_the_line_but_not_the_ring
  PASS: fresh_canvas_defaults_to_simultaneous_pacing
  PASS: set_pacing_sequential_switches_the_duration_the_playback_engine_reads
  PASS: set_pacing_ignores_an_unknown_mode
  PASS: set_pacing_persists_to_game_state
  PASS: ready_reads_a_persisted_pacing_mode_back_from_game_state
  PASS: ready_falls_back_to_the_home_anchor_at_default_zoom_when_there_are_no_veins_yet
  PASS: ready_centres_on_the_players_starting_vein_at_default_zoom_on_the_very_first_map_open
  PASS: ready_does_not_zoom_out_to_fit_multiple_widely_spread_veins_on_first_open
  PASS: ready_restores_a_persisted_camera_on_every_later_open_ignoring_auto_focus
  PASS: exit_tree_persists_the_final_zoom_and_scroll
  PASS: fresh_canvas_has_no_faction_selected
  PASS: set_faction_filter_switches_mode_to_faction_and_records_the_selection
  PASS: set_faction_filter_ignores_an_unknown_faction_id
  PASS: set_filter_clears_a_stale_faction_selection
  PASS: re_entering_faction_mode_via_set_filter_clears_the_previous_selection
  PASS: emulated_mouse_event_paired_with_a_real_touch_does_not_swallow_the_tap
  PASS: emulated_mouse_event_paired_with_a_real_touch_does_not_swallow_a_station_tap
  PASS: a_real_desktop_mouse_click_still_works_unpaired_with_any_touch
  PASS: tapping_a_district_at_a_non_default_zoom_preserves_that_zoom
  PASS: step_zoom_in_kicks_off_a_tween_when_not_already_at_max
  PASS: step_zoom_out_kicks_off_a_tween_when_not_already_at_min
  PASS: step_zoom_in_is_a_no_op_already_at_max
  PASS: step_zoom_out_is_a_no_op_already_at_min
  PASS: step_zoom_keeps_the_same_logical_point_centred_in_the_viewport
  PASS: queuing_a_vein_while_the_map_tab_is_already_active_starts_its_playback_immediately
  PASS: a_second_vein_queued_after_the_first_finished_playing_also_gets_its_own_playback
  PASS: simultaneous_pacing_starts_every_queued_event_concurrently_not_one_at_a_time
  PASS: simultaneous_pacing_skips_the_forced_per_event_pan
  PASS: a_batch_of_two_or_more_tweens_actually_finishing_still_advances_the_queue
  PASS: rebuild_pins_includes_a_guild_marketplace_pin_at_the_guilds_district
  PASS: rebuild_pins_nudges_a_shoreditch_contact_pin_clear_of_the_home_pin
  PASS: activating_the_guild_marketplace_pin_opens_the_guild_marketplace_screen
  PASS: contact_pin_draws_a_phone_glyph_not_text_and_in_warded_colour
  PASS: guild_marketplace_pin_draws_a_bag_glyph_in_guarded_colour_distinct_from_home_and_contact
  PASS: apply_crossing_nudges_moves_a_stop_that_survives_both_elbow_orientations
  PASS: apply_crossing_nudges_reconciles_a_nudge_that_crosses_an_earlier_owners_already_checked_line
  PASS: a_two_finger_pinch_gesture_no_longer_changes_zoom_level
== test_map_controls.gd ==
  PASS: fresh_drawer_defaults_to_ownership_with_no_faction_selected_and_picker_closed
  PASS: toggling_the_faction_row_opens_and_closes_the_picker_without_touching_filter_mode
  PASS: selecting_a_faction_sets_faction_mode_and_pushes_it_to_map_canvas
  PASS: the_faction_row_stays_tappable_after_a_faction_is_selected
  PASS: clear_all_returns_to_the_previously_active_top_level_mode_with_no_faction_highlighted
  PASS: clear_all_falls_back_to_ownership_when_no_other_top_level_mode_was_ever_picked
  PASS: ready_mirrors_map_canvas_persisted_pacing_into_the_drawer_label_state
== test_map_events.gd ==
  PASS: queue_discover_appends_a_discover_event_with_district_and_site_id
  PASS: has_pending_false_on_a_fresh_game
  PASS: has_pending_true_once_something_is_queued
  PASS: pending_site_ids_lists_every_queued_site_in_order
  PASS: queue_seed_claim_appends_a_seed_claim_event_with_district_vein_id_and_owner
  PASS: queue_seed_claim_owner_can_be_a_faction_id
  PASS: pending_vein_ids_lists_every_queued_vein_in_order
  PASS: pending_site_ids_and_pending_vein_ids_only_pick_up_their_own_event_type
  PASS: queue_charge_appends_a_charge_event_with_district_and_vein_id
  PASS: pending_vein_ids_does_not_pick_up_charge_events
  PASS: queue_drain_appends_a_drain_event_with_district_and_vein_id
  PASS: pending_vein_ids_does_not_pick_up_drain_events
  PASS: queue_join_line_appends_a_join_line_event_with_district_vein_id_and_owner
  PASS: queue_join_line_owner_can_be_a_faction_id
  PASS: pending_join_line_vein_ids_lists_every_queued_join_line_vein_in_order
  PASS: pending_join_line_vein_ids_does_not_pick_up_seed_claim_charge_or_drain_events
  PASS: pending_vein_ids_does_not_pick_up_join_line_events
  PASS: begin_playback_returns_false_when_the_queue_is_empty
  PASS: begin_playback_starts_a_drain_and_marks_playing
  PASS: begin_playback_is_a_no_op_while_already_playing
  PASS: advance_pops_the_current_event_and_moves_to_the_next_in_order
  PASS: advance_returns_true_while_more_events_remain
  PASS: advance_returns_false_and_clears_playing_once_the_queue_empties
  PASS: skip_advances_to_next_behaves_like_advance
  PASS: a_fresh_visit_after_the_queue_drains_is_a_no_op
  PASS: abandon_playback_pops_the_in_flight_event_so_it_does_not_replay
  PASS: a_visit_after_an_abandoned_drain_moves_on_to_the_next_event_instead_of_replaying
  PASS: abandon_playback_after_the_last_queued_event_leaves_nothing_to_resume
  PASS: abandon_playback_is_a_no_op_when_nothing_was_playing
  PASS: pacing_mode_defaults_to_simultaneous_on_a_fresh_game
  PASS: set_pacing_mode_persists_the_chosen_mode
  PASS: set_pacing_mode_ignores_an_unknown_mode
  PASS: pacing_mode_survives_a_save_load_round_trip
  PASS: queue_snapshot_returns_a_copy_of_the_queue_in_order
  PASS: queue_snapshot_is_a_copy_not_a_live_reference
== test_map_hit_test.gd ==
  PASS: stop_at_returns_the_whole_matched_stop_within_tap_radius
  PASS: stop_at_null_outside_every_stops_radius
  PASS: stop_at_null_for_empty_stops
  PASS: stop_at_picks_the_first_matching_stop_in_order
  PASS: district_at_label_tap_returns_that_district
  PASS: district_at_zone_polygon_tap_returns_that_district
  PASS: district_at_label_wins_over_an_underlying_polygon
  PASS: district_at_null_outside_every_label_and_polygon
== test_map_layout.gd ==
  PASS: build_stop_items_unclaimed_site_is_one_unclaimed_stop
  PASS: build_stop_items_faction_claimed_site_is_one_vein_stop_owned_by_the_faction
  PASS: build_stop_items_claimed_site_with_one_vein_is_one_vein_stop
  PASS: build_stop_items_claimed_site_with_two_veins_is_two_vein_stops
  PASS: build_stop_items_shows_a_surviving_sibling_vein_after_the_sites_other_vein_is_sold_to_a_faction
  PASS: build_stop_items_shows_a_surviving_sibling_vein_after_the_sites_other_vein_collapses_to_unclaimed
  PASS: build_stop_items_ignores_veins_belonging_to_other_sites
  PASS: build_stop_items_preserves_discovery_order_across_mixed_claim_states
  PASS: assign_positions_maps_items_onto_slots_by_their_own_stamped_slotIndex
  PASS: assign_positions_keys_off_slotIndex_not_array_position
  PASS: assign_positions_clamps_overflow_onto_the_last_slot
  PASS: assign_positions_empty_slots_yields_no_stops
  PASS: assign_positions_id_is_vein_id_for_vein_stops_and_site_id_otherwise
  PASS: assign_slots_reads_real_layout_and_state_in_discovery_order
  PASS: assign_slots_rebuild_with_no_state_change_is_byte_identical
  PASS: assign_slots_stop_position_is_stable_when_an_earlier_site_is_removed
  PASS: assign_slots_stop_position_is_stable_when_a_saturated_sites_natural_vein_lands
  PASS: build_line_output_for_unaffected_veins_is_stable_when_an_earlier_site_is_removed
  PASS: district_anchor_and_home_anchor_return_vector2_from_data
  PASS: river_path_converts_every_data_point_to_vector2
  PASS: faction_first_presence_anchor_picks_the_first_matching_district_in_key_order
  PASS: faction_first_presence_anchor_null_when_no_district_has_that_faction
  PASS: group_by_faction_groups_vein_stops_by_owner_in_input_order
  PASS: group_by_faction_excludes_player_owned_and_unclaimed_stops
  PASS: heavy_churn_of_diverging_sibling_veins_never_collides_slots_and_stays_in_sync_with_the_vein_list
  PASS: multiple_sites_diverging_concurrently_needs_the_full_siteCap_times_2_buffer_and_never_collides
== test_map_legend.gd ==
  PASS: lists_one_row_per_faction_in_GameData_order_with_matching_swatch_colour_and_shortName
  PASS: starts_expanded_with_all_rows_visible
  PASS: tapping_the_header_collapses_and_reopens_the_row_list
  PASS: panel_shrink_wraps_to_its_content_instead_of_collapsing_to_zero_size
== test_map_nav.gd ==
  PASS: select_district_sets_selectedDistrict_and_emits
  PASS: select_site_sets_selectedSiteId
  PASS: close_site_sheet_clears_only_the_site
  PASS: back_to_list_clears_both_district_and_site
  PASS: select_vein_detail_sets_selectedVeinId_and_clears_selectedSiteId
  PASS: select_site_clears_selectedVeinId
  PASS: close_vein_detail_clears_only_the_vein
  PASS: back_to_list_also_clears_the_vein_detail_panel
== test_map_pins.gd ==
  PASS: archie_cultivation_pin_hidden_before_archiePartnerSeen
  PASS: archie_cultivation_pin_shows_once_flags_line_up
  PASS: archie_cultivation_pin_hidden_once_tutorial_seen
  PASS: min_relation_absent_defaults_to_no_constraint
  PASS: min_relation_blocks_below_threshold
  PASS: min_relation_passes_at_or_above_threshold
  PASS: min_day_absent_defaults_to_no_constraint
  PASS: min_day_blocks_before_threshold
  PASS: min_day_passes_at_or_after_threshold
  PASS: active_phone_shortcuts_for_returns_nothing_before_the_pin_gate_is_met
  PASS: active_phone_shortcuts_for_finds_the_pin_by_its_declared_contact_once_gated_in
  PASS: min_relation_and_min_day_combine_with_flag_gates
== test_map_routing.gd ==
  PASS: elbow_corner_diag_first_moves_diagonally_by_min_dx_dy
  PASS: elbow_corner_diag_first_handles_negative_direction
  PASS: elbow_corner_diag_last_is_the_mirror_orientation
  PASS: elbow_path_pure_diagonal_when_dx_equals_dy
  PASS: elbow_path_defaults_to_diag_first_with_no_river
  PASS: elbow_path_switches_orientation_to_avoid_the_river
  PASS: elbow_path_picks_diag_last_when_only_diag_first_crosses
  PASS: elbow_path_switches_orientation_to_avoid_another_owners_stop
  PASS: elbow_path_ignores_stops_outside_the_avoidance_radius
  PASS: elbow_path_defaults_to_diag_first_when_no_leg_nears_the_obstacle_stop
  PASS: build_line_routes_around_another_owners_stop
  PASS: elbow_path_switches_orientation_to_keep_clearance_from_another_owners_line
  PASS: elbow_path_ignores_other_owners_lines_when_line_clearance_is_zero
  PASS: crossed_obstacles_finds_the_stop_that_survives_both_elbow_orientations
  PASS: nudge_position_pushes_the_obstacle_just_clear_of_the_crossing_leg
  PASS: nudge_position_clears_both_legs_when_the_obstacle_sits_near_the_corner
  PASS: nudge_position_caps_at_max_offset_when_the_needed_push_would_exceed_it
  PASS: segments_intersect_true_for_crossing_segments
  PASS: segments_intersect_false_for_parallel_segments
  PASS: terminus_stub_is_24px_through_the_point_at_45deg
  PASS: nearest_neighbour_order_walks_closest_first
  PASS: nearest_neighbour_order_is_deterministic_on_exact_ties
  PASS: build_line_empty_stops_returns_empty
  PASS: build_line_single_stop_draws_a_terminus_stub
  PASS: build_line_multi_stop_chains_elbows_without_duplicating_joints
  PASS: common_prefix_length_counts_matching_leading_points
  PASS: common_prefix_length_is_the_shorter_arrays_size_when_it_is_a_prefix_of_the_other
  PASS: common_prefix_length_zero_for_empty_or_wholly_different_arrays
  PASS: grow_segment_returns_the_full_new_line_when_the_owner_has_no_existing_stops
  PASS: grow_segment_is_the_new_tail_when_the_new_stop_is_appended_to_the_existing_walk
  PASS: grow_segment_reconstructs_the_full_new_line_exactly_even_when_the_new_stop_reorders_the_whole_walk
== test_map_screen.gd ==
  PASS: tapping_the_dim_closes_the_site_sheet
  PASS: a_release_event_on_the_dim_does_not_close_the_sheet
  PASS: the_card_sits_above_dim_and_is_not_wired_to_close_the_sheet
  PASS: top_bar_hamburger_and_bag_buttons_carry_no_glyph_text
  PASS: vein_action_row_wraps_instead_of_a_fixed_hbox
  PASS: district_actions_prospect_and_travel_buttons_reserve_visible_text_width
  PASS: prune_buttons_stay_present_and_enabled_even_when_projected_yield_is_zero
  PASS: prune_button_labels_surface_the_projected_yield_and_stay_enabled_above_neutral
  PASS: collapsed_vein_gets_the_danger_warning_and_keeps_cultivate_enabled_as_the_rescue
  PASS: vein_action_card_shows_a_days_to_wall_figure_for_a_drifting_vein
  PASS: vein_action_card_shows_a_procurement_pointer_instead_of_vein_station_controls
  PASS: vein_action_card_omits_the_procurement_pointer_when_the_vein_station_room_is_not_built
  PASS: defend_button_shown_on_a_vein_with_a_pending_defend_raid
  PASS: defend_button_absent_when_no_pending_defend_raid
  PASS: defend_button_ignores_a_pending_raid_queued_for_a_different_vein
  PASS: defend_button_tap_triggers_the_defend_combat_immediately
  PASS: raid_button_present_and_enabled_on_a_faction_vein_site_with_blocks_remaining
  PASS: raid_button_disabled_when_time_exhausted
  PASS: bring_archie_toggle_hidden_when_archie_ineligible
  PASS: bring_archie_toggle_shown_once_eligible_and_flips_the_raid_choice_on_tap
  PASS: raid_button_absent_on_a_site_with_no_factionVein
  PASS: buy_button_present_on_site_sheet_when_vein_sale_unlocked
  PASS: buy_button_absent_on_site_sheet_when_vein_sale_locked
  PASS: buy_button_disabled_when_unaffordable
  PASS: buy_button_tap_on_site_sheet_calls_buy_from_faction
  PASS: buy_button_present_on_district_site_row_alongside_view
  PASS: buy_button_absent_on_district_site_row_when_not_faction_owned
  PASS: buy_button_absent_on_district_site_row_when_sale_locked
  PASS: district_bubble_options_prospect_omits_cost_when_disabled
  PASS: district_bubble_options_prospect_enabled_has_no_reason_and_the_same_cost_label
  PASS: district_bubble_options_view_veins_is_always_enabled_and_labelled
  PASS: district_bubble_options_list_view_is_always_enabled_and_labelled
  PASS: on_bubble_option_selected_list_view_dispatches_through_VeinListNav_and_Nav
  PASS: on_bubble_option_selected_view_veins_dispatches_through_MapNav
  PASS: station_bubble_options_cultivate_keeps_its_cost_label_even_when_no_blocks_remain
  PASS: station_bubble_options_cultivate_label_swaps_to_vein_at_ceiling_at_the_ceiling
  PASS: station_bubble_options_prune_labels_surface_the_projected_yield
  PASS: station_bubble_options_manage_label_shows_band_and_days_to_wall_for_a_player_vein
  PASS: station_bubble_options_manage_label_warns_plainly_for_a_collapsed_vein
  PASS: station_bubble_options_manage_is_always_labelled_manage
  PASS: on_bubble_option_selected_routes_manage_through_StationBubble_when_in_station_mode
  PASS: diagram_layer_scroll_container_hides_scrollbars_but_keeps_scrolling_enabled
  PASS: diagram_layer_carries_a_persistent_faction_legend_listing_every_faction
== test_map_style.gd ==
  PASS: ownership_leaves_everything_at_default
  PASS: type_desaturates_lines_and_recolours_rings_by_ore
  PASS: growth_ramps_fullness_arc_greyscale_without_changing_width
  PASS: growth_fades_everything_outside_the_risk_bands
  PASS: non_growth_filters_never_fade_stops_or_lines
  PASS: is_risk_band_matches_barren_sparse_wild_rampant_collapsed_only
  PASS: security_enlarges_padlocks_and_flags_unsecured_veins
  PASS: is_valid_filter_matches_the_5_canonical_modes_only
  PASS: faction_mode_with_no_selection_isolates_nothing
  PASS: faction_mode_isolates_the_selected_faction_only
  PASS: switching_away_from_faction_mode_restores_normal_styling
  PASS: fullness_fraction_is_zero_at_growth_zero_and_one_at_the_ceiling
  PASS: fullness_fraction_uses_the_veins_own_ceiling
  PASS: fullness_fraction_clamps_rather_than_overflowing_or_going_negative
== test_map_tiling.gd ==
  PASS: neighbouring_districts_share_an_edge_exactly
  PASS: no_two_districts_overlap
  PASS: every_district_keeps_its_expected_stopSlots_count
  PASS: every_stopSlot_sits_inside_its_districts_hexagon
  PASS: old_camden_kingscross_overlap_point_now_resolves_to_exactly_one_district
  PASS: homeAnchor_still_matches_shoreditch_anchor
  PASS: every_labelAnchor_sits_inside_its_own_hexagon_not_a_neighbours
== test_map_view.gd ==
  PASS: fresh_game_state_has_not_opened_the_map_yet
  PASS: mark_opened_flips_has_opened_before
  PASS: save_view_persists_zoom_and_scroll_as_ints
  PASS: save_view_does_not_touch_everOpened
== test_map_zoom.gd ==
  PASS: clamp_zoom_leaves_an_in_range_value_untouched
  PASS: clamp_zoom_floors_at_min
  PASS: clamp_zoom_ceils_at_max
  PASS: max_zoom_gives_real_headroom_above_default_for_reading_clusters
  PASS: to_logical_divides_by_zoom
  PASS: to_logical_is_identity_at_zoom_1
  PASS: default_zoom_is_within_min_and_max
  PASS: default_zoom_moved_well_past_the_old_zoomed_to_fit_value
  PASS: event_zoom_is_within_min_and_max
  PASS: step_is_positive_and_smaller_than_the_full_zoom_range
  PASS: step_crosses_the_full_min_to_max_range_in_roughly_5_to_8_taps
  PASS: step_target_zoom_in_adds_step_to_the_current_zoom
  PASS: step_target_zoom_out_subtracts_step_from_the_current_zoom
  PASS: step_target_zoom_in_clamps_to_max_instead_of_overshooting
  PASS: step_target_zoom_out_clamps_to_min_instead_of_undershooting
  PASS: step_target_zoom_in_already_at_max_stays_at_max
  PASS: step_target_zoom_out_already_at_min_stays_at_min
  PASS: scroll_target_centres_the_point_when_there_is_room_to_spare
  PASS: scroll_target_clamps_to_zero_near_the_top_left_edge
  PASS: scroll_target_clamps_to_max_scroll_near_the_bottom_right_edge
  PASS: scroll_target_applies_zoom_to_the_point_before_centring
  PASS: scroll_target_clamps_to_zero_when_content_is_smaller_than_the_viewport
  PASS: scroll_target_with_no_anchor_still_centres_the_point_exactly_like_before
  PASS: scroll_target_with_an_anchor_places_the_point_there_instead_of_centring
  PASS: scroll_target_anchor_still_applies_zoom_to_the_point_first
  PASS: scroll_target_anchor_away_from_origin_still_clamps_to_zero_near_the_top_left_edge
  PASS: scroll_target_anchor_away_from_origin_still_clamps_to_max_scroll_near_the_bottom_right_edge
  PASS: scroll_target_anchor_keeps_a_pinch_point_stationary_across_a_zoom_change
== test_map_zoom_buttons.gd ==
  PASS: renders_a_plus_and_a_minus_button
  PASS: pressing_plus_steps_the_canvas_zoom_in
  PASS: pressing_minus_steps_the_canvas_zoom_out
  PASS: both_buttons_enabled_at_a_mid_range_zoom
  PASS: zoom_in_button_disables_at_max
  PASS: zoom_out_button_disables_at_min
  PASS: disabled_state_updates_when_map_canvas_reports_a_zoom_change
  PASS: box_shrink_wraps_to_its_content_instead_of_collapsing_to_zero_size
  PASS: neither_zoom_button_is_shrunk_narrower_than_its_own_glyph_needs_to_avoid_clipping
== test_messages.gd ==
  PASS: append_marks_an_incoming_message_unread_and_a_player_message_read
  PASS: has_unread_and_has_any_unread_reflect_read_state
  PASS: mark_read_clears_unread_across_the_whole_conversation
  PASS: append_evicts_from_the_front_once_the_50_message_cap_is_exceeded
  PASS: queue_pending_appends_an_unread_message_and_a_pendingMessages_entry
  PASS: pending_for_filters_to_the_given_contact
  PASS: resolve_pending_removes_only_the_matching_entry
  PASS: push_message_op_appends_an_unread_text_via_Events_apply_effects
  PASS: unlock_contact_op_sets_contacts_id_unlocked_via_Events_apply_effects
== test_modal.gd ==
  PASS: open_and_close_modal
  PASS: open_defaults_data_to_empty_dict
== test_modal_layer.gd ==
  PASS: every_modal_type_is_registered_with_a_content_builder
  PASS: network_reference_modal_renders_its_legend_and_close_button
  PASS: combat_setup_modal_fight_button_starts_a_raid_with_the_chosen_settings
  PASS: evening_train_label_predicts_one_automatic_rollover
  PASS: tap_outside_a_no_side_effect_modal_just_closes_it
  PASS: tap_outside_sell_menu_clears_sell_state_same_as_cancel
  PASS: tap_outside_james_job_offer_declines_the_job_same_as_decline
  PASS: tap_outside_sale_result_navigates_to_phone_home_same_as_back_to_it
  PASS: faction_sell_menu_prices_via_the_faction_lane_not_archies_cut
  PASS: faction_sell_menu_go_button_sells_appends_a_bark_and_opens_sale_result
SCRIPT ERROR: Invalid access to property or key 'recruited' on a base object of type 'Dictionary'.
   at: get_contact_in_room (res://systems/contacts.gd:43)
   GDScript backtrace (most recent call first):
       [0] get_contact_in_room (res://systems/contacts.gd:43)
       [1] has_staffed_sales (res://systems/contracts.gd:48)
       [2] shared_stock_increased (res://systems/contracts.gd:79)
       [3] _on_shared_stock_increased (res://autoload/GameState.gd:22)
       [4] inventory_add (res://systems/crafting.gd:83)
       [5] <anonymous lambda> (res://tests/test_modal_layer.gd:202)
       [6] run_case (res://tests/test_base.gd:34)
       [7] run (res://tests/test_modal_layer.gd:197)
       [8] _initialize (res://tests/test_runner.gd:66)
       [9] run (res://tests/test_map_canvas.gd:1403)
       [10] run_case (res://tests/test_base.gd:38)
       [11] <anonymous lambda> (res://tests/test_map_canvas.gd:1158)
SCRIPT ERROR: Invalid access to property or key 'recruited' on a base object of type 'Dictionary'.
   at: get_contact_in_room (res://systems/contacts.gd:43)
   GDScript backtrace (most recent call first):
       [0] get_contact_in_room (res://systems/contacts.gd:43)
       [1] has_staffed_sales (res://systems/contracts.gd:48)
       [2] shared_stock_increased (res://systems/contracts.gd:79)
       [3] _on_shared_stock_increased (res://autoload/GameState.gd:22)
       [4] inventory_add (res://systems/crafting.gd:83)
       [5] <anonymous lambda> (res://tests/test_modal_layer.gd:202)
       [6] run_case (res://tests/test_base.gd:34)
       [7] run (res://tests/test_modal_layer.gd:197)
       [8] _initialize (res://tests/test_runner.gd:66)
       [9] run (res://tests/test_map_canvas.gd:1403)
       [10] run_case (res://tests/test_base.gd:38)
       [11] <anonymous lambda> (res://tests/test_map_canvas.gd:1158)
SCRIPT ERROR: Invalid access to property or key 'recruited' on a base object of type 'Dictionary'.
   at: get_contact_in_room (res://systems/contacts.gd:43)
   GDScript backtrace (most recent call first):
       [0] get_contact_in_room (res://systems/contacts.gd:43)
       [1] has_staffed_sales (res://systems/contracts.gd:48)
       [2] shared_stock_increased (res://systems/contracts.gd:79)
       [3] _on_shared_stock_increased (res://autoload/GameState.gd:22)
       [4] inventory_add (res://systems/crafting.gd:83)
       [5] <anonymous lambda> (res://tests/test_modal_layer.gd:202)
       [6] run_case (res://tests/test_base.gd:34)
       [7] run (res://tests/test_modal_layer.gd:197)
       [8] _initialize (res://tests/test_runner.gd:66)
       [9] run (res://tests/test_map_canvas.gd:1403)
       [10] run_case (res://tests/test_base.gd:38)
       [11] <anonymous lambda> (res://tests/test_map_canvas.gd:1158)
SCRIPT ERROR: Invalid access to property or key 'recruited' on a base object of type 'Dictionary'.
   at: get_contact_in_room (res://systems/contacts.gd:43)
   GDScript backtrace (most recent call first):
       [0] get_contact_in_room (res://systems/contacts.gd:43)
       [1] has_staffed_sales (res://systems/contracts.gd:48)
       [2] shared_stock_increased (res://systems/contracts.gd:79)
       [3] _on_shared_stock_increased (res://autoload/GameState.gd:22)
       [4] inventory_add (res://systems/crafting.gd:83)
       [5] <anonymous lambda> (res://tests/test_modal_layer.gd:202)
       [6] run_case (res://tests/test_base.gd:34)
       [7] run (res://tests/test_modal_layer.gd:197)
       [8] _initialize (res://tests/test_runner.gd:66)
       [9] run (res://tests/test_map_canvas.gd:1403)
       [10] run_case (res://tests/test_base.gd:38)
       [11] <anonymous lambda> (res://tests/test_map_canvas.gd:1158)
SCRIPT ERROR: Invalid access to property or key 'recruited' on a base object of type 'Dictionary'.
   at: get_contact_in_room (res://systems/contacts.gd:43)
   GDScript backtrace (most recent call first):
       [0] get_contact_in_room (res://systems/contacts.gd:43)
       [1] has_staffed_sales (res://systems/contracts.gd:48)
       [2] shared_stock_increased (res://systems/contracts.gd:79)
       [3] _on_shared_stock_increased (res://autoload/GameState.gd:22)
       [4] inventory_add (res://systems/crafting.gd:83)
       [5] <anonymous lambda> (res://tests/test_modal_layer.gd:202)
       [6] run_case (res://tests/test_base.gd:34)
       [7] run (res://tests/test_modal_layer.gd:197)
       [8] _initialize (res://tests/test_runner.gd:66)
       [9] run (res://tests/test_map_canvas.gd:1403)
       [10] run_case (res://tests/test_base.gd:38)
       [11] <anonymous lambda> (res://tests/test_map_canvas.gd:1158)
SCRIPT ERROR: Invalid access to property or key 'recruited' on a base object of type 'Dictionary'.
   at: get_contact_in_room (res://systems/contacts.gd:43)
   GDScript backtrace (most recent call first):
       [0] get_contact_in_room (res://systems/contacts.gd:43)
       [1] has_staffed_sales (res://systems/contracts.gd:48)
       [2] shared_stock_increased (res://systems/contracts.gd:79)
       [3] _on_shared_stock_increased (res://autoload/GameState.gd:22)
       [4] inventory_add (res://systems/crafting.gd:83)
       [5] <anonymous lambda> (res://tests/test_modal_layer.gd:202)
       [6] run_case (res://tests/test_base.gd:34)
       [7] run (res://tests/test_modal_layer.gd:197)
       [8] _initialize (res://tests/test_runner.gd:66)
       [9] run (res://tests/test_map_canvas.gd:1403)
       [10] run_case (res://tests/test_base.gd:38)
       [11] <anonymous lambda> (res://tests/test_map_canvas.gd:1158)
SCRIPT ERROR: Invalid access to property or key 'recruited' on a base object of type 'Dictionary'.
   at: get_contact_in_room (res://systems/contacts.gd:43)
   GDScript backtrace (most recent call first):
       [0] get_contact_in_room (res://systems/contacts.gd:43)
       [1] has_staffed_sales (res://systems/contracts.gd:48)
       [2] shared_stock_increased (res://systems/contracts.gd:79)
       [3] _on_shared_stock_increased (res://autoload/GameState.gd:22)
       [4] inventory_add (res://systems/crafting.gd:83)
       [5] <anonymous lambda> (res://tests/test_modal_layer.gd:202)
       [6] run_case (res://tests/test_base.gd:34)
       [7] run (res://tests/test_modal_layer.gd:197)
       [8] _initialize (res://tests/test_runner.gd:66)
       [9] run (res://tests/test_map_canvas.gd:1403)
       [10] run_case (res://tests/test_base.gd:38)
       [11] <anonymous lambda> (res://tests/test_map_canvas.gd:1158)
SCRIPT ERROR: Invalid access to property or key 'recruited' on a base object of type 'Dictionary'.
   at: get_contact_in_room (res://systems/contacts.gd:43)
   GDScript backtrace (most recent call first):
       [0] get_contact_in_room (res://systems/contacts.gd:43)
       [1] has_staffed_sales (res://systems/contracts.gd:48)
       [2] shared_stock_increased (res://systems/contracts.gd:79)
       [3] _on_shared_stock_increased (res://autoload/GameState.gd:22)
       [4] inventory_add (res://systems/crafting.gd:83)
       [5] <anonymous lambda> (res://tests/test_modal_layer.gd:202)
       [6] run_case (res://tests/test_base.gd:34)
       [7] run (res://tests/test_modal_layer.gd:197)
       [8] _initialize (res://tests/test_runner.gd:66)
       [9] run (res://tests/test_map_canvas.gd:1403)
       [10] run_case (res://tests/test_base.gd:38)
       [11] <anonymous lambda> (res://tests/test_map_canvas.gd:1158)
SCRIPT ERROR: Invalid access to property or key 'recruited' on a base object of type 'Dictionary'.
   at: get_contact_in_room (res://systems/contacts.gd:43)
   GDScript backtrace (most recent call first):
       [0] get_contact_in_room (res://systems/contacts.gd:43)
       [1] has_staffed_sales (res://systems/contracts.gd:48)
       [2] shared_stock_increased (res://systems/contracts.gd:79)
       [3] _on_shared_stock_increased (res://autoload/GameState.gd:22)
       [4] inventory_add (res://systems/crafting.gd:83)
       [5] <anonymous lambda> (res://tests/test_modal_layer.gd:202)
       [6] run_case (res://tests/test_base.gd:34)
       [7] run (res://tests/test_modal_layer.gd:197)
       [8] _initialize (res://tests/test_runner.gd:66)
       [9] run (res://tests/test_map_canvas.gd:1403)
       [10] run_case (res://tests/test_base.gd:38)
       [11] <anonymous lambda> (res://tests/test_map_canvas.gd:1158)
SCRIPT ERROR: Invalid access to property or key 'recruited' on a base object of type 'Dictionary'.
   at: get_contact_in_room (res://systems/contacts.gd:43)
   GDScript backtrace (most recent call first):
       [0] get_contact_in_room (res://systems/contacts.gd:43)
       [1] has_staffed_sales (res://systems/contracts.gd:48)
       [2] shared_stock_increased (res://systems/contracts.gd:79)
       [3] _on_shared_stock_increased (res://autoload/GameState.gd:22)
       [4] inventory_add (res://systems/crafting.gd:83)
       [5] <anonymous lambda> (res://tests/test_modal_layer.gd:202)
       [6] run_case (res://tests/test_base.gd:34)
       [7] run (res://tests/test_modal_layer.gd:197)
       [8] _initialize (res://tests/test_runner.gd:66)
       [9] run (res://tests/test_map_canvas.gd:1403)
       [10] run_case (res://tests/test_base.gd:38)
       [11] <anonymous lambda> (res://tests/test_map_canvas.gd:1158)
SCRIPT ERROR: Invalid access to property or key 'recruited' on a base object of type 'Dictionary'.
   at: get_contact_in_room (res://systems/contacts.gd:43)
   GDScript backtrace (most recent call first):
       [0] get_contact_in_room (res://systems/contacts.gd:43)
       [1] has_staffed_sales (res://systems/contracts.gd:48)
       [2] shared_stock_increased (res://systems/contracts.gd:79)
       [3] _on_shared_stock_increased (res://autoload/GameState.gd:22)
       [4] inventory_add (res://systems/crafting.gd:83)
       [5] <anonymous lambda> (res://tests/test_modal_layer.gd:202)
       [6] run_case (res://tests/test_base.gd:34)
       [7] run (res://tests/test_modal_layer.gd:197)
       [8] _initialize (res://tests/test_runner.gd:66)
       [9] run (res://tests/test_map_canvas.gd:1403)
       [10] run_case (res://tests/test_base.gd:38)
       [11] <anonymous lambda> (res://tests/test_map_canvas.gd:1158)
SCRIPT ERROR: Invalid access to property or key 'recruited' on a base object of type 'Dictionary'.
   at: get_contact_in_room (res://systems/contacts.gd:43)
   GDScript backtrace (most recent call first):
       [0] get_contact_in_room (res://systems/contacts.gd:43)
       [1] has_staffed_sales (res://systems/contracts.gd:48)
       [2] shared_stock_increased (res://systems/contracts.gd:79)
       [3] _on_shared_stock_increased (res://autoload/GameState.gd:22)
       [4] inventory_add (res://systems/crafting.gd:83)
       [5] <anonymous lambda> (res://tests/test_modal_layer.gd:202)
       [6] run_case (res://tests/test_base.gd:34)
       [7] run (res://tests/test_modal_layer.gd:197)
       [8] _initialize (res://tests/test_runner.gd:66)
       [9] run (res://tests/test_map_canvas.gd:1403)
       [10] run_case (res://tests/test_base.gd:38)
       [11] <anonymous lambda> (res://tests/test_map_canvas.gd:1158)
SCRIPT ERROR: Invalid access to property or key 'recruited' on a base object of type 'Dictionary'.
   at: get_contact_in_room (res://systems/contacts.gd:43)
   GDScript backtrace (most recent call first):
       [0] get_contact_in_room (res://systems/contacts.gd:43)
       [1] has_staffed_sales (res://systems/contracts.gd:48)
       [2] shared_stock_increased (res://systems/contracts.gd:79)
       [3] _on_shared_stock_increased (res://autoload/GameState.gd:22)
       [4] inventory_add (res://systems/crafting.gd:83)
       [5] <anonymous lambda> (res://tests/test_modal_layer.gd:202)
       [6] run_case (res://tests/test_base.gd:34)
       [7] run (res://tests/test_modal_layer.gd:197)
       [8] _initialize (res://tests/test_runner.gd:66)
       [9] run (res://tests/test_map_canvas.gd:1403)
       [10] run_case (res://tests/test_base.gd:38)
       [11] <anonymous lambda> (res://tests/test_map_canvas.gd:1158)
SCRIPT ERROR: Invalid access to property or key 'recruited' on a base object of type 'Dictionary'.
   at: get_contact_in_room (res://systems/contacts.gd:43)
   GDScript backtrace (most recent call first):
       [0] get_contact_in_room (res://systems/contacts.gd:43)
       [1] has_staffed_sales (res://systems/contracts.gd:48)
       [2] shared_stock_increased (res://systems/contracts.gd:79)
       [3] _on_shared_stock_increased (res://autoload/GameState.gd:22)
       [4] inventory_add (res://systems/crafting.gd:83)
       [5] <anonymous lambda> (res://tests/test_modal_layer.gd:202)
       [6] run_case (res://tests/test_base.gd:34)
       [7] run (res://tests/test_modal_layer.gd:197)
       [8] _initialize (res://tests/test_runner.gd:66)
       [9] run (res://tests/test_map_canvas.gd:1403)
       [10] run_case (res://tests/test_base.gd:38)
       [11] <anonymous lambda> (res://tests/test_map_canvas.gd:1158)
  PASS: faction_sell_menu_lists_all_fourteen_craftable_recipes_when_held
  PASS: both_sell_menu_lanes_render_ore_items_and_assets_section_headers_when_unlocked
  PASS: assets_section_is_absent_from_both_lanes_when_vein_sale_is_locked
  PASS: archies_assets_section_lists_every_owned_vein_as_a_toggle_row_priced_with_the_markup
  PASS: toggling_a_vein_in_archies_lane_folds_the_markup_price_into_gross_and_cut
  PASS: selecting_a_vein_in_archies_lane_swaps_the_displayed_mugging_chance_to_the_vein_rate
  PASS: go_on_archies_lane_sells_ore_and_a_toggled_vein_in_one_trade_when_the_roll_does_not_mug
  PASS: archies_lane_transfers_a_mugged_vein_immediately_but_defers_its_cash_to_pendingSaleCut
  PASS: faction_sell_menus_assets_section_lists_every_owned_vein_as_a_toggle_row
  PASS: toggling_a_vein_in_the_faction_lane_updates_the_go_label_and_gross
  PASS: go_on_the_faction_lane_sells_ore_and_a_toggled_vein_in_one_trade
  PASS: faction_sell_menus_assets_section_lists_the_factions_own_veins_as_buyable_rows
  PASS: archies_lane_never_shows_a_buy_vein_row_even_when_a_faction_vein_exists
  PASS: toggling_a_buy_vein_in_the_faction_lane_updates_the_go_label_and_shows_the_net_cost
  PASS: go_on_the_faction_lane_buys_a_toggled_faction_vein
  PASS: go_button_disables_when_a_buy_would_overdraw_cash
  PASS: go_on_the_faction_lane_nets_a_sold_vein_and_a_bought_vein_in_one_trade
  PASS: faction_sell_menu_ore_section_shows_a_buy_row_for_every_ore_type_priced_via_get_faction_buy_price
  PASS: faction_sell_menus_buy_ore_rows_show_sold_out_with_no_stepper_when_stock_is_zero
SCRIPT ERROR: Invalid access to property or key 'recruited' on a base object of type 'Dictionary'.
   at: get_contact_in_room (res://systems/contacts.gd:43)
   GDScript backtrace (most recent call first):
       [0] get_contact_in_room (res://systems/contacts.gd:43)
       [1] has_staffed_sales (res://systems/contracts.gd:48)
       [2] shared_stock_increased (res://systems/contracts.gd:79)
       [3] _on_shared_stock_increased (res://autoload/GameState.gd:22)
       [4] execute_faction_purchase (res://systems/economy.gd:351)
       [5] sell_to_faction_from_sell_state (res://systems/economy.gd:458)
       [6] complete_trade (res://systems/collective.gd:53)
       [7] <anonymous lambda> (res://scenes/modals/sell_menu_modal.gd:193)
       [8] <anonymous lambda> (res://tests/test_modal_layer.gd:604)
       [9] run_case (res://tests/test_base.gd:34)
       [10] run (res://tests/test_modal_layer.gd:589)
       [11] _initialize (res://tests/test_runner.gd:66)
       [12] run (res://tests/test_map_canvas.gd:1403)
       [13] run_case (res://tests/test_base.gd:38)
       [14] <anonymous lambda> (res://tests/test_map_canvas.gd:1158)
  PASS: go_on_the_faction_lane_buys_ore_from_collective_stock_and_debits_the_shared_pool
SCRIPT ERROR: Invalid access to property or key 'recruited' on a base object of type 'Dictionary'.
   at: get_contact_in_room (res://systems/contacts.gd:43)
   GDScript backtrace (most recent call first):
       [0] get_contact_in_room (res://systems/contacts.gd:43)
       [1] has_staffed_sales (res://systems/contracts.gd:48)
       [2] shared_stock_increased (res://systems/contracts.gd:79)
       [3] _on_shared_stock_increased (res://autoload/GameState.gd:22)
       [4] execute_faction_purchase (res://systems/economy.gd:351)
       [5] sell_to_faction_from_sell_state (res://systems/economy.gd:458)
       [6] complete_trade (res://systems/collective.gd:53)
       [7] <anonymous lambda> (res://scenes/modals/sell_menu_modal.gd:193)
       [8] <anonymous lambda> (res://tests/test_modal_layer.gd:625)
       [9] run_case (res://tests/test_base.gd:34)
       [10] run (res://tests/test_modal_layer.gd:614)
       [11] _initialize (res://tests/test_runner.gd:66)
       [12] run (res://tests/test_map_canvas.gd:1403)
       [13] run_case (res://tests/test_base.gd:38)
       [14] <anonymous lambda> (res://tests/test_map_canvas.gd:1158)
  PASS: the_collectives_ore_stock_is_the_same_shared_pool_regardless_of_which_contact_opened_the_modal
  PASS: guild_marketplace_qty_ceiling_is_unaffected_by_the_collectives_stock_or_lack_thereof
  PASS: non_press_input_on_the_dim_does_not_close_the_modal
  PASS: craft_components_menu_lists_every_canonical_archetype_with_its_description_and_a_craft_button
  PASS: craft_components_menus_craft_button_opens_the_movement_craft_modal_for_that_archetype
  PASS: craft_components_menu_close_button_dismisses_the_modal
  PASS: movement_swap_lists_movement_inventory_and_seats_the_chosen_entry_via_dial_system
  PASS: movement_swap_cancel_button_dismisses_the_modal_without_seating_anything
  PASS: dial_load_complication_lists_loadable_complications_and_loads_via_dial_system
  PASS: dial_load_complication_shows_nothing_in_stock_message_when_empty
  PASS: dial_load_complication_cancel_button_dismisses_the_modal_without_loading_anything
  PASS: movement_craft_modal_shows_the_archetypes_description_and_all_5_calc_types_with_cost_and_chance
  PASS: selecting_a_calc_type_in_the_movement_craft_modal_performs_the_same_craft_attempt_the_old_direct_button_did
  PASS: a_successful_movement_craft_via_the_modal_lands_the_movement_in_inventory_same_as_the_old_direct_button_flow
  PASS: a_failed_movement_craft_via_the_modal_gives_the_same_failure_feedback_the_old_direct_button_flow_did
  PASS: hq_ore_readout_modal_shows_stored_ore_quantities_and_a_raid_risk_note
  PASS: hq_ore_readout_modal_shows_none_in_stock_when_no_ore_is_held
  PASS: hq_ore_readout_modal_close_button_dismisses_the_modal
  PASS: hq_ore_readout_modal_renders_ore_totals_and_raid_warning_on_one_shared_slip_panel
  PASS: hq_ore_readout_modal_raid_warning_stamp_uses_ui_action_red
  PASS: hq_ore_readout_modal_shows_no_stash_stock_messages_when_nothing_is_held
  PASS: hq_ore_readout_modal_stash_row_appears_for_shared_only_ore_and_moving_it_debits_shared_credits_stash
  PASS: hq_ore_readout_modal_stash_row_still_appears_for_stashed_only_ore_and_unstashing_reverses_it
  PASS: hq_ore_readout_modal_stash_qty_stepper_adjusts_the_move_qty
  PASS: hq_ore_readout_modal_crafted_item_row_appears_and_moves_preserve_the_total
  PASS: hq_gym_modal_offers_a_train_button_and_a_build_hint_without_a_built_home_gym
  PASS: hq_gym_modal_train_button_awards_the_lower_workout_xp_without_a_built_home_gym
  PASS: hq_gym_modal_train_button_spends_a_block_and_awards_combat_xp
  PASS: hq_gym_modal_train_button_is_disabled_once_the_days_time_blocks_are_exhausted
  PASS: hq_gym_modal_close_button_dismisses_the_modal
  PASS: hq_gym_train_button_uses_ui_action_red_not_the_default_theme_amber
  PASS: hq_gym_disabled_train_button_reads_muted_grey_not_ui_action_red
  PASS: lab_bench_recipe_book_lists_found_recipes_with_a_craft_button
  PASS: lab_bench_recipe_book_shows_nothing_found_yet_when_the_found_list_is_empty
  PASS: lab_bench_recipe_book_craft_button_runs_the_normal_batch_craft_path
  PASS: lab_bench_recipe_book_refine_button_is_disabled_when_not_enough_calc
  PASS: lab_bench_notes_modal_shows_nothing_recorded_yet_when_the_bench_is_untouched
  PASS: lab_bench_notes_modal_lists_a_touched_pairing_never_the_full_15_type_sets
  PASS: lab_bench_notes_modal_shows_a_found_recipes_current_refine_tier
  PASS: lab_bench_notes_modal_found_recipe_row_shows_a_refine_button
  PASS: lab_bench_notes_modal_refine_button_runs_the_experiment_immediately_with_no_picker
  PASS: lab_bench_notes_modal_refine_button_is_disabled_when_not_enough_calc
  PASS: lab_bench_notes_modal_refine_button_is_disabled_when_the_technique_is_unknown
  PASS: lab_bench_probe_result_modal_found_names_the_recipe
  PASS: lab_bench_probe_result_modal_hot_reads_as_a_lure
  PASS: lab_bench_probe_result_modal_inert_lands_flat
  PASS: lab_bench_probe_result_got_it_button_closes_the_modal
== test_morning_accounts.gd ==
  PASS: daily_tick_stores_resulting_day_and_actual_reynards_totals
  PASS: account_uses_actual_bank_entries_for_income_and_expense
  PASS: room_processing_records_stock_production_and_shortfall
  PASS: vein_station_output_and_losses_are_recorded_separately
  PASS: attention_is_current_unresolved_alarms_and_unread_messages
  PASS: attention_lists_live_development_eligible_veins_with_raid_exposure_but_never_capped_ones
  PASS: quiet_operations_are_omitted
  PASS: auto_open_is_once_only_and_load_does_not_duplicate_or_misattribute
== test_nadia_supply_order.gd ==
  PASS: nadia_supply_accepts_partial_and_final_deliveries_at_the_live_collective_price
  PASS: nadia_supply_rejects_insufficient_stock_and_does_not_pay_or_progress
  PASS: nadia_supply_accepts_an_over_delivery_once_and_cannot_settle_twice
  PASS: ordinary_collective_trades_do_not_advance_nadias_order
  PASS: legacy_incomplete_order_credits_only_post_activation_collective_time_sales
  PASS: legacy_completed_order_remains_completed_without_replaying_a_supply
== test_nav.gd ==
  PASS: go_to_sets_current_screen_and_emits
  PASS: go_to_abandons_a_still_playing_map_animation_queue
  PASS: go_to_leaves_an_unstarted_map_queue_untouched
== test_nav_bar.gd ==
  PASS: dock_has_exactly_three_slots_phone_map_hq_in_order
  PASS: bag_and_you_are_not_among_the_dock_slots
  PASS: the_bar_renders_a_background_panel_behind_the_tiles
  PASS: ticket_04_tile_row_has_thin_vertical_dividers_between_the_three_cells
  PASS: ticket_04_each_tab_carries_its_own_new_line_icon_kind
  PASS: ticket_04_icon_and_label_colour_is_ui_action_red_not_blue
  PASS: hq_tile_highlights_active_when_currentScreen_is_hq
  PASS: phone_tile_highlights_active_only_on_the_app_grid_not_inside_an_open_app
  PASS: map_slot_renders_locked_before_archie_is_met
  PASS: map_slot_carries_the_lock_hint_as_a_tooltip_while_locked
  PASS: map_slot_tooltip_clears_once_unlocked
  PASS: map_slot_unlocks_once_archie_is_met
  PASS: locked_map_still_renders_its_padlock_alongside_the_new_bar_chrome
  PASS: tapping_the_locked_map_slot_pushes_a_toast_instead_of_navigating
  PASS: tapping_map_once_unlocked_navigates_normally
  PASS: tapping_hq_navigates_to_hq
  PASS: phone_slot_from_elsewhere_navigates_to_phone_and_resets_to_the_grid
  PASS: phone_slot_from_inside_an_app_returns_to_the_grid_without_a_screen_change
  PASS: phone_slot_while_already_on_the_grid_is_a_true_no_op
  PASS: alarm_arrived_off_tree_pulses_safely_with_no_live_tree_to_tween_against
== test_notify.gd ==
  PASS: push_appends_a_notification_with_id_text_seen_and_day
  PASS: push_defaults_to_info_category_when_omitted
  PASS: push_stores_and_returns_the_given_category
  PASS: push_falls_back_to_info_for_an_unrecognised_category
  PASS: push_emits_notification_pushed_and_state_changed
  PASS: dismiss_marks_seen_but_never_deletes_the_entry
  PASS: dismiss_unknown_id_is_a_no_op
  PASS: log_is_capped_at_50_entries_evicting_the_oldest
  PASS: snapshot_rewind_round_trip_forgets_notifications_for_events_that_no_longer_happened
== test_objectives.gd ==
  PASS: refresh_leaves_an_objective_inactive_until_its_activateFlag_is_true
  PASS: refresh_activates_once_the_flag_is_true_and_stamps_activatedDay
  PASS: sites_discovered_matching_completes_once_every_required_ore_type_has_been_reported
  PASS: sites_discovered_matching_vacuous_with_no_required_ore_types
  PASS: site_matches_discovery_params_checks_ore_type_minTier_and_unclaimed
  PASS: traded_with_faction_requires_both_cumulative_units_and_distinct_transaction_count
  PASS: traded_with_faction_only_counts_trade_since_activation
  PASS: traded_with_faction_different_ore_type_or_faction_does_not_count
  PASS: vein_sold_to_faction_requires_the_soldByPlayer_marker
  PASS: vein_sold_to_faction_ignores_a_sale_that_predates_activation
  PASS: vein_growth_above_reads_the_vein_id_from_the_named_state_path
  PASS: vein_growth_above_missing_vein_is_incomplete_not_a_crash
  PASS: alarm_defend_wins_counts_only_wins_against_the_targeted_vein
  PASS: alarm_defend_wins_ignores_a_win_before_activation
  PASS: faction_vein_seeded_count_only_counts_veins_seeded_since_activation
  PASS: faction_vein_seeded_count_ignores_a_different_faction
  PASS: items_crafted_set_requires_at_least_minEach_of_every_recipe_since_activation
  PASS: items_crafted_set_ignores_crafts_that_predate_activation
  PASS: refresh_is_idempotent
  PASS: refresh_never_awards_cash_relation_or_anything_else
  PASS: a_complete_objective_is_never_re_evaluated
  PASS: prospect_calls_objectives_refresh
  PASS: cultivate_calls_objectives_refresh
  PASS: prune_calls_objectives_refresh
  PASS: archie_sale_completion_calls_objectives_refresh
  PASS: archie_mugged_sale_completion_calls_objectives_refresh
  PASS: faction_sale_completion_calls_objectives_refresh
  PASS: vein_sale_completion_calls_objectives_refresh
  PASS: daily_tick_calls_objectives_refresh
  PASS: crafting_success_calls_objectives_refresh
  PASS: resolve_defend_outcome_calls_objectives_refresh
  PASS: execute_faction_sale_accumulates_oreSold_units_and_transactions
  PASS: execute_faction_sale_does_not_bookkeep_consumables_under_oreSold
== test_offers.gd ==
  PASS: scripted_offer_snapshots_quote_and_acceptance_creates_contract
  PASS: crafted_quote_weights_recipe_ore_modifiers_and_ignores_tier
  PASS: random_offer_roll_is_passive_capped_and_expires
  PASS: recurring_first_due_date_is_strictly_after_acceptance
  PASS: staffed_sales_earns_source_xp_but_declining_or_expiry_adds_none
  PASS: mixed_oneoff_quotes_per_type_bonus_and_extends_deadline
  PASS: mixed_requests_are_rejected_for_recurring_contracts
  PASS: mixed_request_without_authored_qty_rolls_each_type_within_the_2_5_band
== test_ore_glyphs.gd ==
  PASS: shapes_are_exactly_the_five_approved_canonical_silhouettes
  PASS: bundled_font_does_not_cover_any_ore_symbol
  PASS: every_ore_type_has_a_non_empty_symbol
  PASS: draw_time_builds_a_capped_hourglass_with_a_shared_centre_waist
  PASS: draw_physics_builds_one_six_point_lightning_bolt
  PASS: draw_life_builds_two_opposed_leaves_on_a_stem_and_base
  PASS: draw_fate_builds_a_five_pip_die
  PASS: draw_emotion_builds_one_symmetric_heart_with_a_notch_and_point
  PASS: all_five_glyphs_fit_inside_every_map_canvas_marker_size
  PASS: unknown_ore_id_draws_nothing
== test_ore_stock.gd ==
  PASS: restock_ore_rolls_every_canonical_ore_type_within_the_intended_range
  PASS: restock_ore_replaces_remaining_stock_rather_than_adding_to_it
  PASS: restock_ore_produces_varied_quantities_across_seeds_not_a_fixed_value
  PASS: collectiveLaneUnlocked_first_becoming_true_rolls_the_initial_stock
  PASS: collectiveLaneUnlocked_pre_roll_fires_exactly_once_not_on_every_redundant_set_flag
  PASS: set_flag_for_an_unrelated_flag_never_touches_ore_stock
  PASS: restock_ore_never_pushes_a_notification
  PASS: maybe_restock_ore_sometimes_fires_across_many_seeds
  PASS: maybe_restock_ore_does_not_always_fire
  PASS: maybe_restock_ore_fire_rate_lands_roughly_in_the_25_to_35_percent_band
  PASS: maybe_restock_ore_rerolls_all_5_ore_types_together_when_it_fires
  PASS: daily_tick_reaches_the_collective_restock_step
  PASS: relation_never_affects_rolled_stock_quantities
== test_payroll.gd ==
  PASS: wage_for_room_is_100_plus_50_per_skill_level_above_1_for_every_role
  PASS: wage_for_room_is_zero_when_unassigned
  PASS: daily_tick_pays_wages_after_living_costs
  PASS: insufficient_cash_pays_affordable_roles_in_priority_order_and_skips_the_rest
  PASS: an_unpaid_role_is_retried_fresh_next_rollover_with_no_debt
  PASS: unpaid_lab_role_crafts_nothing_that_day_but_resumes_once_paid
  PASS: pay_now_clears_an_unpaid_role_using_cash_that_arrives_later_the_same_day
  PASS: pay_now_refuses_an_unassigned_room
  PASS: unpaid_sales_role_blocks_realtime_delegated_delivery_and_offer_sourcing
== test_phone_app_registry.gd ==
  PASS: every_PhoneNav_app_id_and_debug_has_a_registry_entry
  PASS: every_registry_entry_instantiates_a_PhoneApp_with_build
  PASS: home_is_not_a_registry_entry_the_shell_owns_the_grid
  PASS: shell_instantiates_one_app_per_id_and_reuses_it_across_refreshes
  PASS: messages_conversation_root_is_freed_when_the_shell_rebuilds_for_another_app
== test_phone_apps.gd ==
  PASS: apps_lists_the_twelve_existing_apps_in_a_fixed_order
  PASS: debug_app_is_absent_from_the_roster_on_a_normal_new_game
  PASS: debug_app_appears_unlocked_once_debugStartUsed_is_true
  PASS: todays_roster_is_entirely_unlocked_except_vfl
  PASS: vfl_locked_predicate_mirrors_archiePartnerSeen
  PASS: build_tile_configs_reflects_each_apps_locked_predicate
  PASS: build_tile_configs_wires_the_injected_badge_predicate_per_app_id
  PASS: fixed_slot_order_and_count_survive_a_lock_state_change
== test_phone_bank.gd ==
  PASS: bank_shows_the_current_cash_balance
  PASS: bank_shows_an_empty_state_when_the_log_is_empty
  PASS: bank_shows_the_full_log_newest_first
  PASS: bank_respects_the_50_entry_cap
  PASS: bank_is_reachable_from_the_app_grid_via_the_bank_tile
== test_phone_bizbrief.gd ==
  PASS: bizbrief_tile_opens_the_standalone_app
  PASS: brief_renders_accounts_operations_and_current_attention
  PASS: attention_surfaces_a_live_development_eligible_vein_with_raid_exposure
  PASS: attention_never_lists_a_vein_already_at_its_level_cap
  PASS: quiet_sections_are_not_rendered
  PASS: manage_tab_lists_the_three_future_business_sections
  PASS: production_shows_a_room_gate_message_when_lab_not_installed
  PASS: production_lists_only_unlocked_recipes_and_adjusts_target_and_toggle
  PASS: procurement_shows_a_room_gate_message_when_vein_station_not_installed
  PASS: procurement_lists_an_unassigned_vein_and_assigns_it_on_tap
  PASS: procurement_target_controls_adjust_and_unassign_an_assigned_vein
== test_phone_debug.gd ==
  PASS: debug_tile_is_absent_on_a_normal_new_game
  PASS: debug_tile_is_present_and_reachable_after_debug_start
  PASS: add_money_control_adds_the_entered_amount_to_cash
  PASS: add_calc_control_adds_the_entered_amount_to_the_selected_ore_type
  PASS: spawn_site_control_appends_a_site_with_the_chosen_fields_bypassing_siteCap
  PASS: debug_screen_lists_a_relation_control_for_every_contact_and_faction_regardless_of_lock_state
  PASS: contact_relation_control_calls_award_relation_with_the_entered_delta
  PASS: locked_contact_relation_control_still_calls_award_relation
  PASS: safe_area_card_shows_the_debug_dump_and_refresh_rebuilds_it
  PASS: faction_relation_control_calls_adjust_player_relation_with_the_entered_delta
== test_phone_home_grid.gd ==
  PASS: home_renders_one_fixed_slot_tile_per_registered_app_in_order
  PASS: grid_slot_count_matches_the_registry_exactly
  PASS: none_of_todays_apps_render_locked_except_vfl_before_archies_partner_scene
  PASS: badge_for_reflects_the_real_ticker_rumblings_predicate
  PASS: badge_for_is_false_for_the_wired_app_on_a_fresh_game
  PASS: badge_for_is_false_for_apps_with_no_wired_predicate
  PASS: a_locked_synthetic_app_renders_locked_through_the_real_screen_grid_loop
  PASS: fixed_slot_positions_survive_a_lock_state_change_through_the_real_screen_grid_loop
  PASS: tapping_a_tile_opens_that_app_via_PhoneNav
  PASS: tapping_the_locked_vfl_tile_pushes_the_dock_lock_toast_and_does_not_navigate
  PASS: tapping_the_unlocked_vfl_tile_navigates_straight_to_map_without_touching_phoneNav
  PASS: contacts_tile_is_present_and_unlocked_from_game_start
  PASS: no_home_grid_tiles_icon_bleeds_past_its_own_frame_into_a_neighbouring_tile
  PASS: tapping_the_contacts_tile_navigates_straight_to_the_contacts_screen_without_touching_phoneNav
== test_phone_messages.gd ==
ERROR: Parameter "data.tree" is null.
   at: get_tree (scene/main/node.h:559)
   GDScript backtrace (most recent call first):
       [0] _reveal_remaining (res://scenes/phone_apps/messages_app.gd:74)
       [1] _build_conversation (res://scenes/phone_apps/messages_app.gd:63)
       [2] build (res://scenes/phone_apps/messages_app.gd:17)
       [3] _refresh (res://scenes/screens/phone.gd:54)
       [4] _ready (res://scenes/screens/phone.gd:24)
       [5] <anonymous lambda> (res://tests/test_phone_messages.gd:29)
       [6] run_case (res://tests/test_base.gd:34)
       [7] run (res://tests/test_phone_messages.gd:20)
       [8] _initialize (res://tests/test_runner.gd:66)
       [9] run (res://tests/test_phone_home_grid.gd:309)
       [10] run_case (res://tests/test_base.gd:38)
       [11] <anonymous lambda> (res://tests/test_phone_home_grid.gd:306)
SCRIPT ERROR: Cannot call method 'create_timer' on a null value.
   at: MessagesApp._reveal_remaining (res://scenes/phone_apps/messages_app.gd:74)
   GDScript backtrace (most recent call first):
       [0] _reveal_remaining (res://scenes/phone_apps/messages_app.gd:74)
       [1] _build_conversation (res://scenes/phone_apps/messages_app.gd:63)
       [2] build (res://scenes/phone_apps/messages_app.gd:17)
       [3] _refresh (res://scenes/screens/phone.gd:54)
       [4] _ready (res://scenes/screens/phone.gd:24)
       [5] <anonymous lambda> (res://tests/test_phone_messages.gd:29)
       [6] run_case (res://tests/test_base.gd:34)
       [7] run (res://tests/test_phone_messages.gd:20)
       [8] _initialize (res://tests/test_runner.gd:66)
       [9] run (res://tests/test_phone_home_grid.gd:309)
       [10] run_case (res://tests/test_base.gd:38)
       [11] <anonymous lambda> (res://tests/test_phone_home_grid.gd:306)
  PASS: selecting_a_conversation_marks_it_read_and_renders_its_history_and_trade_button
  PASS: archie_conversation_action_bar_shows_his_own_sell_action_not_the_collective_trade_door
  PASS: james_conversation_action_bar_shows_neither_trade_nor_sell
  PASS: back_from_a_conversation_returns_to_the_phone_home_grid
ERROR: Parameter "data.tree" is null.
   at: get_tree (scene/main/node.h:559)
   GDScript backtrace (most recent call first):
       [0] _reveal_remaining (res://scenes/phone_apps/messages_app.gd:74)
       [1] _build_conversation (res://scenes/phone_apps/messages_app.gd:63)
       [2] build (res://scenes/phone_apps/messages_app.gd:17)
       [3] _refresh (res://scenes/screens/phone.gd:54)
       [4] _ready (res://scenes/screens/phone.gd:24)
       [5] <anonymous lambda> (res://tests/test_phone_messages.gd:106)
       [6] run_case (res://tests/test_base.gd:34)
       [7] run (res://tests/test_phone_messages.gd:99)
       [8] _initialize (res://tests/test_runner.gd:66)
       [9] run (res://tests/test_phone_home_grid.gd:309)
       [10] run_case (res://tests/test_base.gd:38)
       [11] <anonymous lambda> (res://tests/test_phone_home_grid.gd:306)
SCRIPT ERROR: Cannot call method 'create_timer' on a null value.
   at: MessagesApp._reveal_remaining (res://scenes/phone_apps/messages_app.gd:74)
   GDScript backtrace (most recent call first):
       [0] _reveal_remaining (res://scenes/phone_apps/messages_app.gd:74)
       [1] _build_conversation (res://scenes/phone_apps/messages_app.gd:63)
       [2] build (res://scenes/phone_apps/messages_app.gd:17)
       [3] _refresh (res://scenes/screens/phone.gd:54)
       [4] _ready (res://scenes/screens/phone.gd:24)
       [5] <anonymous lambda> (res://tests/test_phone_messages.gd:106)
       [6] run_case (res://tests/test_base.gd:34)
       [7] run (res://tests/test_phone_messages.gd:99)
       [8] _initialize (res://tests/test_runner.gd:66)
       [9] run (res://tests/test_phone_home_grid.gd:309)
       [10] run_case (res://tests/test_base.gd:38)
       [11] <anonymous lambda> (res://tests/test_phone_home_grid.gd:306)
  PASS: a_pending_message_action_button_resolves_the_entry_and_starts_its_event
== test_phone_nav.gd ==
  PASS: new_game_starts_on_the_home_launcher
  PASS: open_app_sets_app_and_emits
  PASS: open_app_clears_any_stale_selected_axis
  PASS: go_home_resets_app_and_axis
  PASS: select_axis_opens_ticker_on_the_given_axis
  PASS: back_to_ticker_clears_axis_but_stays_on_ticker
  PASS: select_conversation_computes_revealFromIndex_from_unread_count_before_marking_read
  PASS: select_conversation_sets_revealFromIndex_to_the_full_thread_when_nothing_is_unread
  PASS: route_home_navigates_to_phone_and_resets_phoneNav_to_home
== test_phone_notifications.gd ==
  PASS: notifications_shows_the_full_log_newest_first
  PASS: notifications_respects_the_50_entry_cap
  PASS: notifications_shows_entries_regardless_of_seen_state
  PASS: notifications_entries_are_read_only_with_no_action_buttons
  PASS: notifications_shows_an_empty_state_when_the_log_is_empty
  PASS: notifications_is_reachable_from_the_app_grid_via_the_notifications_tile
  PASS: notification_with_a_pending_defend_raid_shows_its_own_defend_button
  PASS: notification_defend_button_absent_once_the_raid_is_no_longer_pending
  PASS: notification_defend_button_tap_triggers_the_defend_combat_immediately
  PASS: hq_raid_notification_with_a_pending_defend_raid_shows_its_own_defend_button
  PASS: hq_raid_notification_defend_button_absent_once_the_raid_is_no_longer_pending
  PASS: hq_raid_notification_defend_button_tap_triggers_home_raid_combat_immediately
  PASS: old_resolved_hq_raid_notification_does_not_show_defend_once_hq_is_raided_again
  PASS: old_resolved_notification_for_a_vein_does_not_show_defend_once_the_same_vein_is_raided_again
== test_phone_profile.gd ==
  PASS: profile_shows_hp_and_hp_bar_for_a_fresh_game
  PASS: profile_shows_attack_range_from_combat_get_attack_range
  PASS: profile_shows_all_three_skills_with_xp_for_a_fresh_game
  PASS: profile_shows_a_zero_progress_bar_per_skill_for_a_fresh_game
  PASS: profile_skill_bar_fills_toward_next_level_not_from_zero_xp
  PASS: profile_skill_bar_shows_full_at_max_level_instead_of_erroring
  PASS: profile_shows_none_equipped_for_a_fresh_game_with_no_weapon_or_dial
  PASS: profile_shows_the_equipped_weapon_read_only
  PASS: profile_shows_the_seated_dial_read_only
  PASS: profile_does_not_show_cash_or_day_time_block
  PASS: profile_does_not_show_veins_held_or_ore_in_stock
  PASS: profile_is_reachable_from_the_app_grid_via_the_profile_tile
== test_phone_property.gd ==
  PASS: property_shows_the_current_tiers_stats
  PASS: property_shows_the_next_tier_up_with_its_own_stats_and_upgrade_cost
  PASS: property_upgrade_button_is_disabled_without_enough_cash_and_calls_upgrade_tier_when_enabled
  PASS: property_shows_a_max_tier_message_and_no_upgrade_button_at_the_top_tier
  PASS: property_is_reachable_from_the_app_grid_via_the_harrows_tile
== test_phone_saveload.gd ==
  PASS: saveload_is_reachable_from_the_app_grid_via_the_saveload_tile
  PASS: saveload_shows_all_three_slots
  PASS: empty_slot_shows_no_load_or_delete_button
  PASS: save_then_load_button_round_trips_state_identically_to_SaveManager
  PASS: delete_button_removes_the_slot
  PASS: export_button_fills_the_export_box_with_SaveManagers_export_string
  PASS: import_button_calls_through_to_SaveManager_import_string
  PASS: new_game_button_alone_does_not_reset_state_or_navigate
  PASS: new_game_button_swaps_to_confirm_cancel_pair_once_armed
  PASS: cancel_disarms_the_confirm_gate_without_resetting
  PASS: confirm_resets_state_and_navigates_to_intro
  PASS: opening_a_different_app_disarms_a_pending_new_game_confirm
== test_playthrough.gd ==
  PASS: full_playthrough_tutorial_economy_ticks_and_save_roundtrip
  PASS: m1_loop_prospect_seed_cultivate_harvest_sell_across_three_districts
  PASS: m1_20_seed_soak_no_permanent_district_lockout_and_event_draws_dont_crash
  PASS: district_event_driver_resolves_choice_cards_and_mid_event_combat
  PASS: collective_act1_full_playthrough_joins_the_collective_and_every_flag_lands
  PASS: collective_act1_declining_at_S14_defers_membership_until_the_deferred_join_follow_up
== test_raid_alarms.gd ==
  PASS: simultaneous_pending_raids_have_stable_grouped_summary_rows
  PASS: deferral_and_phone_back_leave_pending_alarm_unchanged
  PASS: defend_revalidates_and_stale_situation_cannot_start_combat
  PASS: leave_undefended_consumes_only_the_confirmed_raid_once
  PASS: leave_undefended_stale_response_and_cancel_leave_raid_actionable
  PASS: pending_alarm_survives_save_load_then_leave_undefended_resolves_once
  PASS: alarm_app_badge_and_rows_survive_screen_refresh
== test_raiding.gd ==
  PASS: stealth_success_chance_increases_with_stealthSkill
  PASS: stealth_success_chance_decreases_with_raidResist
  PASS: stealth_success_chance_keeps_decreasing_as_extra_guards_stack_past_guarded
  PASS: stealth_success_chance_decreases_with_vein_value
  PASS: stealth_success_chance_decreases_with_vein_level_at_the_same_growth
  PASS: stealth_success_chance_increases_with_consumable_bonus
  PASS: stealth_success_chance_clamped_to_0_1
  PASS: resolve_stealth_check_awards_full_xp_on_a_guaranteed_success
  PASS: resolve_stealth_check_awards_reduced_xp_on_a_guaranteed_catch
  PASS: resolve_stealth_check_levels_up_stealthSkill_once_xp_crosses_the_threshold
  PASS: claim_vein_transfers_ownership_carrying_oreType_growth_security
  PASS: claim_vein_always_applies_the_severe_relation_hit
  PASS: claim_vein_is_a_no_op_when_the_site_has_no_factionVein
  PASS: claim_vein_queues_a_seed_claim_map_event_owned_by_the_player
  PASS: claim_vein_no_op_does_not_queue_a_map_event
  PASS: loot_vein_grants_ore_and_leaves_ownership_with_the_faction
  PASS: loot_vein_applies_the_moderate_relation_hit_only_when_caught
  PASS: loot_vein_is_a_no_op_when_the_site_has_no_factionVein
  PASS: begin_raid_spends_a_time_block_and_starts_the_raid_event_with_the_site_id_in_context
  PASS: begin_raid_blocked_when_time_exhausted
  PASS: begin_raid_carries_ally_ids_into_the_event_context
  PASS: begin_raid_defaults_to_no_allies
  PASS: raid_event_clean_stealth_success_reaches_the_claim_loot_choice
  PASS: raid_event_caught_then_combat_win_reaches_the_claim_loot_choice
  PASS: raid_event_caught_with_archie_brought_along_joins_him_in_the_resulting_combat
  PASS: raid_event_caught_then_combat_loss_fails_the_raid_with_no_claim_loot_offered
  PASS: raid_event_loot_after_a_caught_win_applies_the_moderate_relation_hit
  PASS: raid_event_clean_stealth_and_loot_leaves_relation_untouched
  PASS: raid_event_claim_transfers_ownership_via_the_event's_site_id_context
  PASS: raid_success_chance_increases_as_relation_worsens
  PASS: raid_success_chance_decreases_with_higher_raidResist
  PASS: raid_success_chance_keeps_decreasing_as_extra_guards_stack_past_guarded
  PASS: raid_success_chance_increases_with_higher_dangerMod
  PASS: raid_success_chance_increases_with_higher_growth
  PASS: raid_success_chance_clamps_to_the_0_1_range_at_extreme_inputs
  PASS: roll_raid_attempts_excludes_veins_whose_site_no_longer_exists
  PASS: roll_raid_attempts_skips_a_legacy_free_floating_vein_with_a_null_siteId_instead_of_crashing
  PASS: roll_raid_attempts_uses_the_districts_presence_faction_as_attacker
SCRIPT ERROR: Out of bounds get index '0' (on base: 'Array')
   at: <anonymous lambda> (res://tests/test_raiding.gd:566)
   GDScript backtrace (most recent call first):
       [0] <anonymous lambda> (res://tests/test_raiding.gd:566)
       [1] run_case (res://tests/test_base.gd:34)
       [2] run (res://tests/test_raiding.gd:547)
       [3] _initialize (res://tests/test_runner.gd:66)
       [4] run (res://tests/test_phone_home_grid.gd:309)
       [5] run_case (res://tests/test_base.gd:38)
       [6] <anonymous lambda> (res://tests/test_phone_home_grid.gd:306)
  PASS: roll_raid_attempts_falls_back_to_the_worst_relation_faction_when_the_district_has_no_presence
  PASS: roll_raid_attempts_is_a_pure_computation_no_state_mutation
  PASS: roll_raid_attempts_produces_zero_attempts_for_a_faction_at_or_above_its_raid_threshold
  PASS: roll_raid_attempts_produces_an_attempt_for_a_faction_below_its_raid_threshold
  PASS: each_factions_own_raid_threshold_gates_its_attempts_independently
  PASS: roll_raid_odds_forces_loot_when_the_attacker_has_not_cleared_its_conquer_threshold
  PASS: roll_raid_odds_allows_claims_once_the_attacker_clears_its_conquer_threshold
  PASS: roll_raid_odds_is_a_pure_computation_no_state_mutation
  PASS: roll_raid_odds_success_is_false_when_the_target_vein_no_longer_exists
  PASS: resolve_raid_outcome_success_transfers_the_vein_from_player_to_the_attacking_faction
  PASS: resolve_raid_outcome_claim_releases_the_veins_own_slot_when_it_has_one
  PASS: resolve_raid_outcome_claim_frees_nothing_extra_when_the_vein_reuses_its_sites_slot
  PASS: claim_chance_increases_monotonically_with_terroir_tier
  PASS: roll_raid_odds_only_rolls_outcomeType_on_a_successful_attempt
  PASS: roll_raid_odds_claim_frequency_trends_with_terroir_tier
  PASS: resolve_raid_outcome_success_queues_a_seed_claim_map_event_for_the_attacker
  PASS: resolve_raid_outcome_failure_queues_no_map_event
  PASS: resolve_defend_outcome_loss_queues_the_same_seed_claim_map_event_as_the_off_screen_path
  PASS: resolve_defend_outcome_win_queues_no_map_event
  PASS: resolve_defend_outcome_win_records_an_alarm_defend_win_only_for_the_targeted_vein
  PASS: resolve_defend_outcome_loss_does_not_record_an_alarm_defend_win
  PASS: resolve_raid_outcome_pushes_a_notification_only_on_success
  PASS: resolve_raid_outcome_failure_changes_nothing
  PASS: resolve_raid_outcome_success_is_a_no_op_when_the_vein_already_vanished
  PASS: resolve_raid_outcome_loot_leaves_the_vein_with_the_player_pruned_and_ore_docked
  PASS: resolve_raid_outcome_loot_clamps_the_ore_theft_to_what_the_player_actually_has
  PASS: resolve_raid_outcome_loot_prune_floors_at_0_growth
  PASS: resolve_raid_outcome_claim_and_loot_push_distinctly_worded_notifications
  PASS: resolve_raid_outcome_missed_defend_loot_reads_differently_from_missed_defend_claim
  PASS: resolve_raid_outcome_missing_outcomeType_defaults_to_claim
  PASS: faction_stealth_chance_increases_with_the_factions_own_raidStealth_stat
  PASS: faction_stealth_chance_decreases_with_the_target_veins_raidResist
  PASS: faction_stealth_chance_clamped_to_the_0_1_range
  PASS: roll_raid_odds_only_rolls_caught_on_a_successful_attempt
  PASS: roll_raid_odds_caught_frequency_trends_with_the_attackers_raidStealth_stat
  PASS: resolve_raid_outcome_claim_always_names_the_faction_regardless_of_caught
  PASS: resolve_raid_outcome_loot_names_the_faction_when_caught_and_anonymizes_when_clean
  PASS: resolve_raid_outcome_missed_defend_loot_anonymizes_when_clean_too
  PASS: resolve_raid_outcome_loot_missing_caught_key_defaults_to_named_unchanged_behaviour
  PASS: neither_claim_nor_loot_branch_touches_relation_regardless_of_caught
  PASS: queue_defend_raid_warning_anonymizes_when_the_queued_outcome_will_resolve_as_a_clean_loot
  PASS: queue_defend_raid_warning_names_the_faction_when_bound_for_a_claim_or_a_caught_loot
  PASS: apply_raid_resolution_queues_an_alarmed_vein_instead_of_resolving_immediately
  PASS: apply_raid_resolution_still_resolves_a_non_alarmed_vein_immediately
  PASS: apply_raid_resolution_expires_a_pending_defend_raid_that_missed_its_window
  PASS: expired_defend_window_notification_reads_differently_from_a_plain_no_alarm_loss
  PASS: guard_repel_chance_scales_15_percent_per_guard_capped_at_75
  PASS: missed_defend_window_with_extra_guards_present_can_be_repelled_with_no_loss
  PASS: missed_defend_window_with_extra_guards_present_can_still_lose_on_a_failed_repel_roll
  PASS: maybe_trigger_defend_starts_combat_and_pops_the_matching_pending_entry
  PASS: maybe_trigger_defend_abandons_a_still_playing_map_animation_queue
  PASS: maybe_trigger_defend_is_a_no_op_for_a_district_with_no_matching_pending_raid
  PASS: maybe_trigger_defend_is_a_no_op_with_no_pending_raids_at_all
  PASS: travel_to_triggers_the_defend_encounter_for_a_pending_alarmed_vein
  PASS: travel_to_with_no_pending_defend_raid_behaves_exactly_as_before
  PASS: prospect_on_the_days_last_block_still_triggers_the_defend_encounter_instead_of_losing_the_race_to_daily_ticks_own_expiry
  PASS: has_pending_defend_true_for_a_vein_with_a_queued_raid
  PASS: has_pending_defend_false_with_no_matching_or_no_pending_raids
  PASS: trigger_defend_starts_combat_immediately_regardless_of_current_district
  PASS: trigger_defend_is_a_no_op_for_a_vein_with_no_pending_raid
  PASS: trigger_defend_leaves_other_pending_raids_queued
  PASS: queue_defend_raid_notification_carries_the_veinId_for_the_notifications_app_defend_button
  PASS: is_defend_notification_pending_false_once_the_raid_resolves
  PASS: is_defend_notification_pending_does_not_reactivate_an_old_resolved_warning_when_the_same_vein_is_raided_again
== test_relation_accrual.gd ==
  PASS: collective_accrues_one_relation_point_per_350_traded
  PASS: collective_tradeProgress_carries_its_remainder_across_trades
  PASS: collective_relation_award_is_capped_at_5_per_day_but_tradeProgress_keeps_the_rest
  PASS: archie_accrues_one_relation_point_per_1000_sold
  PASS: archie_relation_award_is_capped_at_2_per_day
  PASS: reset_daily_caps_clears_the_award_counter_but_not_tradeProgress
  PASS: daily_tick_resets_the_relation_accrual_cap
  PASS: vein_sale_price_counts_toward_the_selling_factions_tradeProgress
  PASS: an_unconfigured_lane_id_is_a_no_op
  PASS: des_nadia_and_hakim_each_have_their_own_configured_personal_accrual_lane
  PASS: accrue_contact_trade_moves_only_the_named_vendors_own_relation
  PASS: accrue_contact_trade_awards_a_relation_point_once_the_rate_is_crossed
== test_rooms.gd ==
  PASS: process_lab_is_a_no_op_without_an_assigned_contact
  PASS: process_lab_stops_exactly_when_ore_runs_out
  PASS: process_lab_crafts_to_threshold_using_the_contacts_skill
  PASS: process_lab_skips_recipes_not_yet_unlocked
  PASS: effective_lab_target_adds_contract_need_only_when_covering
  PASS: production_reserved_qty_protects_only_the_personal_target_while_covering
  PASS: process_lab_ignores_contract_need_when_toggle_is_off
  PASS: process_lab_crafts_toward_the_combined_personal_target_and_contract_need
  PASS: process_lab_orders_scarce_shared_ore_by_contract_priority_then_by_personal_target
  PASS: veinStation_prunes_a_vein_above_target
  PASS: veinStation_prune_below_90_clears_the_development_streak_same_as_manual_prune
  PASS: veinStation_cultivates_a_vein_below_target
  PASS: veinStation_leaves_a_vein_at_target_alone
  PASS: veinStation_is_a_no_op_without_an_assigned_contact
  PASS: adjust_lab_threshold_floors_at_0
  PASS: toggle_vein_station_vein_adds_and_removes
  PASS: set_vein_station_target_clamps_to_the_vein_ceiling
  PASS: lab_room_lookup_by_id_still_resolves_after_display_name_rename
== test_run_case_autoload_protection.gd ==
  PASS: run_case_teardown_never_frees_the_live_gamestate_autoload_even_if_its_ready_time_connection_looks_new
== test_savemanager.gd ==
  PASS: save_mutate_load_round_trips_exactly
  PASS: save_mutate_load_round_trips_factionRelations_as_ints
  PASS: save_mutate_load_round_trips_vein_level_as_an_int
  PASS: save_mutate_load_round_trips_bankLog_with_int_fields_intact
  PASS: save_mutate_load_round_trips_payroll_lastSummary_with_int_fields_intact
  PASS: save_mutate_load_round_trips_messages_with_day_int_intact
  PASS: save_mutate_load_round_trips_sites_with_int_fields_intact
  PASS: save_mutate_load_round_trips_mapSlotFreePool_with_int_fields_intact
  PASS: save_mutate_load_round_trips_a_mixed_offer_quotes_lines_and_extraTypeDeadlineDays_as_ints
  PASS: save_mutate_load_round_trips_stealth_skill_for_player_and_contact
  PASS: save_mutate_load_round_trips_player_bench
  PASS: save_mutate_load_round_trips_mapView_with_scroll_as_ints_and_zoom_as_float
  PASS: save_mutate_load_round_trips_home_guardCount_as_int
  PASS: loading_a_pre_107_save_backfills_home_guardCount_to_0
  PASS: loading_a_pre_21_save_backfills_salesSkill_and_salesXP_on_an_existing_contact
  PASS: save_mutate_load_round_trips_contact_salesSkill_and_salesXP_as_int
  PASS: loading_a_pre_ticket_64_save_migrates_flat_int_inventory_into_the_0_bucket
  PASS: loading_a_save_already_in_the_tiered_inventory_shape_leaves_it_untouched_besides_int_ifying
  PASS: slot_exists_and_delete_slot
  PASS: slot_summary_is_non_destructive
  PASS: load_from_empty_slot_fails_cleanly
  PASS: export_string_reimports_to_an_equal_state
ERROR: Parse JSON failed. Error at line 0: Expected 'true', 'false', or 'null', got 'not'
   at: parse_string (core/io/json.cpp:629)
   GDScript backtrace (most recent call first):
       [0] import_string (res://autoload/SaveManager.gd:88)
       [1] <anonymous lambda> (res://tests/test_savemanager.gd:522)
       [2] run_case (res://tests/test_base.gd:34)
       [3] run (res://tests/test_savemanager.gd:521)
       [4] _initialize (res://tests/test_runner.gd:66)
       [5] run (res://tests/test_phone_home_grid.gd:309)
       [6] run_case (res://tests/test_base.gd:38)
       [7] <anonymous lambda> (res://tests/test_phone_home_grid.gd:306)
  PASS: import_string_rejects_garbage
  PASS: loading_a_v1_save_is_rejected_with_a_clear_message
  PASS: loading_a_save_with_no_meta_saveVersion_is_treated_as_current_and_succeeds
  PASS: loading_a_save_at_the_current_version_succeeds
  PASS: backfill_fills_missing_top_level_keys_from_defaults
  PASS: backfill_seeds_new_contact_ids_into_an_old_saves_existing_contacts_dict
  PASS: backfill_seeds_mapSlotFreePool_into_an_old_saves_existing_world_dict
  PASS: backfill_seeds_dial_into_an_old_saves_existing_player_dict
  PASS: loading_a_pre_dial_save_migrates_into_a_null_dial_state_with_old_unlocks_intact
  PASS: backfill_seeds_an_empty_stash_into_an_old_saves_existing_player_dict
  PASS: loading_a_pre_stash_save_migrates_into_an_empty_stash_with_existing_pools_intact
  PASS: loading_a_save_with_stash_stock_restores_ints_and_migrates_legacy_tier_shape
  PASS: loading_a_save_with_a_retired_currentScreen_lands_on_phone_home
  PASS: loading_a_save_with_a_live_currentScreen_leaves_it_untouched
  PASS: autosave_rotates_across_3_slots_then_overwrites_the_oldest
== test_screen_manager.gd ==
  PASS: retired_ids_resolve_to_phone
  PASS: unknown_ids_still_fall_back_to_title
  PASS: valid_ids_resolve_to_themselves
  PASS: hq_subviews_keep_the_bottom_navigation_dock
== test_sites.gd ==
  PASS: compute_tier_weights_matches_base_table_at_skill_1_and_zero_mod
  PASS: compute_tier_weights_siteQualityMod_shifts_rich_and_poor
  PASS: compute_tier_weights_poor_floors_at_zero_not_negative
  PASS: compute_tier_weights_skill_shifts_rich_saturated_and_barren
  PASS: compute_tier_weights_barren_floors_at_5_not_negative
  PASS: roll_tier_from_weights_picks_the_only_nonzero_tier
  PASS: compute_at_cap_tier_weights_matches_the_atCapTierWeights_table
  PASS: roll_tier_at_cap_rolls_poor_or_barren_markedly_more_often_than_below_cap
  PASS: roll_tier_at_cap_can_still_occasionally_roll_a_better_tier
  PASS: compute_ore_probs_uniform_bias_splits_evenly
  PASS: compute_ore_probs_biased_type_gets_listed_weight_remainder_uniform
  PASS: roll_ore_type_from_probs_picks_the_only_nonzero_type
  PASS: roll_discovery_bonuses_poor_and_fair_get_nothing
  PASS: roll_discovery_bonuses_rich_gets_exactly_one_bonus_uniformly
  PASS: roll_discovery_bonuses_saturated_gets_all_three
  PASS: roll_discovery_bonuses_saturated_natural_vein_at_5_percent
  PASS: seed_success_chance_applies_tier_mod_table
  PASS: seed_success_chance_clamps_at_0_95
  PASS: prospect_creates_a_new_site_below_siteCap
  PASS: prospect_in_a_different_district_costs_the_same_1_block_no_travel_surcharge
  PASS: prospect_in_a_different_district_succeeds_with_only_1_block_left
  PASS: prospect_in_a_different_district_blocked_when_time_exhausted
  PASS: prospect_refuses_soho_which_has_no_siteCap
  PASS: prospect_at_siteCap_rerolls_the_worst_unclaimed_site_only
  PASS: prospect_reroll_prefers_worse_tier_over_unclaimed_better_tier
  PASS: prospect_reroll_oldest_breaks_ties_on_equal_tier
  PASS: prospect_at_cap_rolls_poor_or_barren_markedly_more_often_than_below_cap_same_district_skill
  PASS: prospect_reroll_no_op_when_every_site_is_claimed_or_faction_claimed
  PASS: prospect_below_siteCap_queues_a_discover_event_for_the_new_site
  PASS: prospect_reroll_at_siteCap_queues_a_discover_event_for_the_rerolled_site
  PASS: prospect_refused_outright_queues_nothing
  PASS: next_slot_index_mints_sequentially_when_nothing_has_been_freed
  PASS: next_slot_index_hands_back_a_released_slot_before_minting_a_new_one
  PASS: next_slot_index_free_pools_are_kept_separate_per_district
  PASS: next_slot_index_recycles_freed_slots_so_heavy_churn_never_exceeds_the_old_fixed_buffer
  PASS: prospect_reroll_releases_the_deleted_sites_slot_for_reuse
  PASS: attempt_seed_fails_for_unknown_site
  PASS: attempt_seed_refuses_a_claimed_site
  PASS: attempt_seed_refuses_an_npc_claimed_site
  PASS: attempt_seed_refuses_a_barren_site
  PASS: attempt_seed_refuses_below_40_ore_of_the_sites_ore_type
  PASS: attempt_seed_success_claims_site_and_creates_a_vein_with_hospitability
  PASS: attempt_seed_failure_leaves_site_unclaimed_but_still_spends_ore
  PASS: attempt_seed_in_a_different_district_costs_the_same_1_block_no_travel_surcharge
  PASS: attempt_seed_natural_vein_grants_a_second_free_lv1_vein
  PASS: attempt_seed_hospitability_is_not_aliased_across_site_and_veins
  PASS: attempt_seed_gets_a_matching_seated_movements_attunement_bonus
  PASS: attempt_seed_mismatched_attunement_never_changes_the_outcome
  PASS: npc_claim_chance_tier_index_and_age_curve
  PASS: npc_claim_chance_caps_at_0_15
  PASS: roll_npc_claims_never_claims_a_barren_site
  PASS: roll_npc_claims_skips_already_claimed_or_faction_claimed_sites
  PASS: roll_npc_claims_hit_names_a_faction_and_seeds_an_instant_vein
  PASS: roll_faction_vein_growth_never_fires_below_the_85_threshold
  PASS: roll_faction_vein_growth_prunes_a_growth_85_plus_vein_back_to_40_when_it_fires
  PASS: roll_faction_vein_growth_fires_at_roughly_40_percent_of_the_time_once_eligible
  PASS: roll_faction_vein_growth_ignores_unclaimed_sites
  PASS: soak_mixed_player_and_npc_claims_never_permanently_lock_a_maxed_district
  PASS: spawn_unclaimed_site_appends_a_site_with_the_chosen_fields
  PASS: spawn_unclaimed_site_works_for_every_district_ore_and_terroir_combination
  PASS: spawn_unclaimed_site_ignores_siteCap_and_never_evicts_or_rerolls_existing_sites
  PASS: find_faction_vein_returns_the_vein_owning_site_regardless_of_faction
  PASS: find_faction_vein_returns_null_for_an_unknown_vein_id
== test_snapshots.gd ==
  PASS: push_respects_the_stack_ids_bound
  PASS: push_deep_copies_so_later_mutation_does_not_leak_back
  PASS: oldest_returns_the_first_entry_or_null_when_empty
  PASS: clear_empties_the_stack
  PASS: unbounded_stack_id_keeps_everything
  PASS: player_bench_round_trips_through_a_snapshot_unchanged
== test_stash.gd ==
  PASS: move_ore_to_stash_subtracts_from_shared_and_credits_stash
  PASS: move_ore_to_shared_reverses_it
  PASS: move_ore_to_stash_clamps_to_available_shared_qty
  PASS: move_ore_to_shared_clamps_to_available_stash_qty
  PASS: move_ore_ignores_nonpositive_qty_and_does_not_emit
  PASS: move_ore_to_stash_emits_state_changed
  PASS: move_item_to_stash_preserves_tier
  PASS: move_item_to_shared_restores_exact_tier
  PASS: move_item_to_stash_clamps_to_available_and_prunes_empty_source_recipe
  PASS: move_item_zero_qty_or_empty_source_is_a_noop_and_does_not_emit
  PASS: stashed_stock_is_invisible_to_can_craft_and_can_still_be_spent_by_crafting
  PASS: ore_move_qty_defaults_to_1_and_steps_clamp_to_1_and_max
  PASS: item_move_qty_defaults_to_1_and_steps_clamp_to_1_and_max
  PASS: ore_and_item_move_qty_keys_are_independent
  PASS: new_game_starts_with_an_empty_stash
== test_station_bubble.gd ==
  PASS: station_options_always_offers_cultivate_both_prune_actions_and_manage
  PASS: station_options_keeps_both_prune_actions_enabled_when_projected_yield_is_zero
  PASS: station_options_enables_both_prune_actions_when_projected_yield_is_positive
  PASS: station_options_disables_cultivate_with_a_reason_at_the_ceiling
  PASS: station_options_disables_cultivate_when_no_blocks_remain_today
  PASS: station_options_disables_both_prune_actions_with_a_no_blocks_reason_when_yield_would_be_positive
  PASS: station_options_manage_is_always_enabled_regardless_of_gating
  PASS: station_options_offers_only_manage_for_a_faction_owned_vein
  PASS: station_options_offers_only_manage_for_an_unclaimed_site
  PASS: apply_option_cultivate_reports_ok_and_advances_growth
  PASS: apply_option_cultivate_reports_not_ok_when_blocked
  PASS: apply_option_prune_light_forwards_to_Cultivating_prune_light
  PASS: apply_option_prune_hard_forwards_to_Cultivating_prune_hard
  PASS: apply_option_manage_selects_the_site_via_MapNav_and_always_reports_ok
  PASS: apply_option_ignores_an_unknown_option_id
== test_symbol_glyph.gd ==
  PASS: covers_is_true_for_a_glyph_the_bundled_font_actually_has
  PASS: covers_is_false_for_an_ore_symbol_the_bundled_font_lacks
  PASS: covers_is_false_for_an_empty_symbol
  PASS: draw_symbol_draws_real_text_when_the_font_covers_the_symbol_and_never_calls_the_fallback
  PASS: draw_symbol_calls_the_fallback_and_draws_no_text_when_the_font_lacks_the_symbol
  PASS: ore_fallback_returns_a_callable_that_delegates_to_ore_glyphs_draw_for_the_bound_ore_type
  PASS: ore_fallback_binds_the_ore_type_it_was_built_with_not_whatever_is_passed_later
  PASS: draw_symbol_through_ore_fallback_end_to_end_falls_back_to_the_correct_ore_shape
  PASS: generic_fallback_draws_a_single_diamond_polygon
  PASS: generic_fallback_diamond_is_centred_and_sized_from_the_given_radius
  PASS: draw_symbol_through_generic_fallback_end_to_end_draws_the_diamond_when_the_font_lacks_the_symbol
== test_time_system.gd ==
  PASS: three_blocks_tick_a_day
  PASS: is_time_exhausted_tracks_blocks_done
  PASS: rest_heals_20_percent_of_hp_max
  PASS: rest_heal_is_capped_at_hp_max
  PASS: rest_rolls_to_next_day_and_runs_daily_tick
  PASS: daily_cost_applies_inflation_multiplier
  PASS: daily_cost_notification_flags_flat_broke
  PASS: buyer_event_tutorial_trigger_fires_on_day_2
  PASS: buyer_event_tutorial_trigger_does_not_fire_once_seen
  PASS: buyer_event_day_trigger_queues_the_archie_2_sms_content_exactly_once
  PASS: day_rollover_resets_currentDistrict_to_shoreditch
  PASS: rest_resets_currentDistrict_to_shoreditch
  PASS: daily_tick_wires_in_npc_claim_step
  PASS: daily_tick_drifts_a_faction_vein_at_step_4_and_still_reaches_step_5c_without_crashing
  PASS: daily_tick_wires_in_faction_passive_income_step_right_after_vein_growth_step
  PASS: daily_tick_wires_in_faction_vein_income_step_right_after_passive_income_step
  PASS: daily_tick_wires_in_faction_security_upgrade_step_right_after_vein_income_step
  PASS: daily_tick_wires_in_rivalry_resolution_step_right_after_security_upgrade_step
  PASS: daily_tick_wires_in_direction_b_raid_resolution_step_right_after_rivalry_resolution_step
  PASS: daily_tick_wires_in_hakim_intel_step_right_after_raid_resolution_step
  PASS: daily_tick_wires_in_the_collective_ore_stock_restock_step_right_after_hakim_intel_step
  PASS: daily_tick_wires_in_james_job_offer_roll_step
  PASS: daily_tick_wires_in_james_job_expiry_step_before_the_offer_roll
  PASS: healing_salve_ticks_daily_amount_and_decrements_days_left
  PASS: healing_salve_stops_once_days_left_hits_zero
  PASS: healing_salve_heal_is_capped_at_hpMax
  PASS: passive_regen_heals_5_percent_of_hp_max_unconditionally
  PASS: passive_regen_caps_at_hp_max
  PASS: passive_regen_skips_notification_when_already_at_full_hp
  PASS: passive_regen_stacks_with_an_active_healing_salve_tick_on_the_same_day
  PASS: daily_tick_wires_in_dial_daily_regen_step
  PASS: stub_daily_tick_steps_do_not_crash
== test_time_transition.gd ==
  PASS: paid_train_captures_once_and_notifies_before_overlay_without_replaying_effects
  PASS: event_combat_result_and_bag_boundaries_hold_the_queue
  PASS: rollover_and_rest_each_capture_one_transition_and_one_daily_tick
  PASS: free_and_blocked_actions_do_not_queue
  PASS: reduced_motion_holds_destination_frame_and_preference_survives_load
  PASS: atlas_ranges_fit_and_preserve_authored_frame_dimensions
  PASS: live_overlay_blocks_press_and_held_release_then_returns_input
== test_title.gd ==
  PASS: load_game_button_is_present_alongside_new_game_and_debug_start
  PASS: load_game_button_is_disabled_when_no_save_slots_exist
  PASS: load_game_button_is_enabled_once_a_slot_exists
  PASS: tapping_load_game_reveals_the_slot_summary
  PASS: loading_a_slot_restores_state_and_navigates_into_the_session
== test_todo.gd ==
  PASS: fresh_game_shows_only_the_first_tutorial_item_undone
  PASS: buyer_wait_text_depends_on_day
  PASS: only_the_last_4_tutorial_items_are_shown
  PASS: final_tutorial_item_shows_checked_then_the_whole_section_hides_on_cultivationTutorialSeen
  PASS: archie_partner_line_renders_checked_immediately_after_the_real_debrief_event_not_stale
  PASS: sections_group_by_questline_and_the_whole_section_hides_on_its_gate_flag
  PASS: collective_ledger_is_empty_until_colA2Stage_reaches_hardening
  PASS: collective_ledger_lists_only_collective_owned_faction_veins
== test_top_bar.gd ==
  PASS: clock_tracks_public_time_actions_rollover_and_save_import
  PASS: the_status_line_reports_day_time_block_progress_and_cash
  PASS: the_status_board_reserves_the_bag_buttons_footprint_and_the_status_text_fits_before_it
  PASS: the_status_board_updates_on_state_changed
  PASS: safe_area_offsets_are_reapplied_on_every_refresh_not_just_ready
  PASS: the_bag_button_opens_the_bag_and_never_navigates
  PASS: with_no_notifications_the_board_is_just_the_status_line
  PASS: notifications_render_as_ranked_rows_below_the_status_line
  PASS: a_third_notification_displaces_the_oldest_instead_of_queuing
  PASS: unresolved_raid_alarm_stays_pinned_ahead_of_routine_notifications
  PASS: a_notification_stays_visible_across_refreshes_until_displaced_by_a_newer_one
  PASS: dismissing_a_notification_does_not_remove_it_from_view
  PASS: no_separate_row_controls_are_created_for_notifications
  PASS: notifications_are_fully_suppressed_while_combat_is_active
  PASS: held_notifications_appear_once_combat_ends
  PASS: combat_log_sourced_notifications_render_live_during_combat
  PASS: non_combat_log_notifications_still_hold_during_combat_alongside_a_live_combat_log_entry
  PASS: combat_log_entries_still_respect_max_visible_during_combat
  PASS: the_bag_icon_renders_the_boards_lit_amber_not_the_theme_default
== test_touch_scroll_container.gd ==
  PASS: a_single_finger_touch_down_starts_a_drag
  PASS: a_second_finger_landing_ends_the_drag_so_the_pinch_is_left_to_mapcanvas
  PASS: drag_events_during_a_two_finger_touch_cannot_move_the_drag_index_finger
  PASS: lifting_the_second_finger_of_a_pinch_resumes_drag_from_the_remaining_finger
  PASS: lifting_the_original_drag_finger_of_a_pinch_still_resumes_with_the_other_finger
  PASS: lifting_the_only_finger_of_a_plain_single_finger_drag_just_ends_it
  PASS: mouse_drag_is_unaffected_by_touch_tracking
== test_travel.gd ==
  PASS: blocks_needed_zero_for_current_district
  PASS: blocks_needed_zero_for_a_different_district
  PASS: ensure_district_same_district_spends_no_block
  PASS: ensure_district_cross_district_updates_currentDistrict_and_spends_no_extra_block
  PASS: ensure_district_cross_district_succeeds_with_only_1_block_remaining
  PASS: ensure_district_cross_district_blocked_when_time_exhausted
  PASS: ensure_district_same_district_blocked_when_time_exhausted
  PASS: can_afford_true_with_a_full_day_for_a_different_district
  PASS: can_afford_true_with_only_1_block_left_for_a_different_district
  PASS: can_afford_false_with_no_blocks_left
  PASS: travel_to_a_different_district_is_free
  PASS: travel_to_the_current_district_refuses_as_a_no_op
  PASS: travel_to_succeeds_even_with_no_blocks_remaining
  PASS: travel_via_wormhole_moves_districts_and_consumes_one
  PASS: travel_via_wormhole_fails_with_none_in_inventory
  PASS: travel_via_wormhole_refuses_a_no_op_trip_to_the_current_district
  PASS: travel_via_wormhole_succeeds_even_with_no_blocks_remaining
  PASS: travel_via_wormhole_skips_the_district_deck_roll_even_on_a_seed_that_would_otherwise_trigger
  PASS: travel_via_wormhole_skips_a_pending_defend_raid_arrival_the_same_district_would_otherwise_trigger
== test_trivial.gd ==
  PASS: arithmetic_sanity
  PASS: rng_seeded_repeatable
  PASS: rng_chance_bounds
== test_turn_order_strip.gd ==
  PASS: build_entries_orders_by_turn_queue_interleaving_both_sides
  PASS: build_entries_gives_every_motion_extra_queue_entry_its_own_occurrence_card
  PASS: build_entries_excludes_koed_allies_and_enemies
  PASS: build_entries_player_carries_combatSkill_as_level_enemies_and_allies_carry_none
  PASS: faction_colour_reveals_the_real_faction_for_a_raid_context
  PASS: faction_colour_reveals_the_real_faction_for_an_event_raid_context_too
  PASS: faction_colour_is_unknown_grey_for_defend_vein_and_home_raid
  PASS: faction_colour_is_unknown_grey_for_both_mugging_contexts
  PASS: player_and_ally_cards_never_carry_a_faction_colour_even_during_a_raid
  PASS: collapsed_card_hides_the_exact_hp_number_and_status_lines
  PASS: focused_enemy_card_shows_exact_hp_frozen_and_ability_locked_status_and_the_telegraph_slot
  PASS: telegraph_text_shows_the_abilitys_id_when_present_and_not_locked
  PASS: telegraph_text_is_a_generic_attacking_indicator_when_the_ability_is_locked
  PASS: telegraph_text_is_a_generic_attacking_indicator_with_no_ability_at_all_not_a_blank_slot
  PASS: tell_image_is_null_with_no_manifest_tell_entry_so_the_text_label_still_renders
  PASS: tell_image_replaces_the_text_label_with_a_pulsing_pose_once_manifest_art_exists
  PASS: telegraph_text_is_shown_for_an_enemy_focused_by_swipe_ahead_of_its_own_turn_not_only_the_next_actor
  PASS: focused_player_card_shows_shielded_and_motion_status_never_a_telegraph_slot
  PASS: damage_tier_and_pulse_follow_hp_fraction_thresholds
  PASS: card_widths_shrink_to_fit_available_width_for_a_full_six_combatant_roster
  PASS: handle_tap_reports_the_tapped_cards_key_via_the_callback
  PASS: handle_tap_outside_any_card_is_a_no_op
SCRIPT ERROR: Out of bounds get index '0' (on base: 'Array')
   at: <anonymous lambda> (res://tests/test_turn_order_strip.gd:434)
   GDScript backtrace (most recent call first):
       [0] <anonymous lambda> (res://tests/test_turn_order_strip.gd:434)
       [1] run_case (res://tests/test_base.gd:34)
       [2] run (res://tests/test_turn_order_strip.gd:422)
       [3] _initialize (res://tests/test_runner.gd:66)
       [4] run (res://tests/test_time_transition.gd:131)
       [5] run_case (res://tests/test_base.gd:38)
       [6] <anonymous lambda> (res://tests/test_time_transition.gd:172)
  PASS: handle_tap_to_a_non_enemy_entry_still_reports_its_key
  PASS: handle_drag_never_reports_a_selection_or_touches_GameState
  PASS: build_entries_re_sorts_after_a_kill_mid_fight
  PASS: build_entries_re_sorts_after_a_motion_boosted_extra_turn_appears
  PASS: card_key_string_matches_player_ally_and_enemy_entry_keys
  PASS: set_initial_ghost_sets_the_named_cards_ghost_hp_with_no_tween_needed
  PASS: set_initial_ghost_on_an_unknown_key_is_a_silent_no_op
  PASS: drain_ghost_to_without_a_live_tree_jumps_straight_to_the_target_value
  PASS: ghost_bar_only_draws_the_overlay_once_ghost_hp_is_above_the_real_hp
== test_ui.gd ==
  PASS: last_block_warning_only_for_available_paid_actions
  PASS: ore_cost_label_matches_D4_4_example
  PASS: cash_cost_label_matches_D4_4_example
  PASS: missing_holding_defaults_to_zero
  PASS: empty_label_omits_the_dash
  PASS: block_cost_suffix_singular_block
  PASS: block_cost_suffix_plural_blocks
  PASS: format_block_cost_label_matches_the_action_cost_with_no_travel_suffix
  PASS: format_block_cost_label_default_action_blocks_is_one
  PASS: button_clips_text_instead_of_growing_its_minimum_size
  PASS: button_reserves_real_width_for_its_text_not_just_padding
  PASS: button_text_width_reservation_is_capped_for_long_labels
  PASS: short_button_label_is_not_needlessly_capped
  PASS: label_reserves_real_width_for_its_text_not_just_a_sliver
  PASS: label_text_width_reservation_is_capped_for_long_labels
  PASS: short_label_is_not_needlessly_capped
  PASS: label_width_reservation_is_fixed_at_construction_time_only
  PASS: icon_button_has_no_text_and_a_fixed_touch_target
  PASS: icon_button_colour_override_is_threaded_onto_the_glyph_not_the_button
  PASS: icon_button_with_no_colour_override_keeps_the_ambient_theme_lookup
  PASS: card_panel_passes_input_through_instead_of_stopping_it
  PASS: bar_passes_input_through_instead_of_stopping_it
  PASS: a_button_inside_a_pass_filtered_card_still_captures_its_own_tap
  PASS: safe_area_insets_is_zero_with_no_window_open
  PASS: safe_area_bottom_and_top_inset_helpers_match_the_dict
  PASS: safe_area_debug_text_reports_no_window_when_headless
  PASS: collapsible_section_honours_the_initial_expanded_state
  PASS: collapsible_section_header_shows_a_chevron_matching_its_state
  PASS: tapping_the_header_toggles_content_visibility_and_the_chevron
  PASS: symbol_row_renders_a_symbolglyph_for_each_dictionary_part_and_a_label_for_each_string_part
  PASS: symbol_row_wires_the_symbol_and_fallback_onto_the_glyph_child
  PASS: symbol_row_muted_option_tints_both_the_label_and_the_glyph_the_muted_grey
  PASS: symbol_row_heading_size_option_renders_text_parts_at_that_font_size
  PASS: symbol_button_fires_its_callback_on_press
  PASS: symbol_button_reserves_real_width_for_its_content_not_just_padding
  PASS: symbol_button_inner_children_are_mouse_filter_ignore_so_taps_reach_the_button
  PASS: screen_body_scroll_viewport_is_clipped_between_the_bars_not_full_screen
  PASS: tapping_the_header_fires_on_toggle_with_the_new_state
== test_vein_bubble.gd ==
  PASS: open_shows_district_ore_identity_and_level_segments
  PASS: condition_bar_uses_the_normal_ceiling_and_the_90_threshold
  PASS: condition_bar_uses_the_actual_120_ceiling_for_a_wildCeiling_vein_but_keeps_the_90_threshold
  PASS: shows_development_and_raid_cues_when_eligible_and_above_threshold
  PASS: omits_the_cue_row_below_the_development_threshold
  PASS: shows_raised_raid_exposure_without_eligibility_at_the_level_cap
  PASS: the_actions_row_has_two_round_action_columns_with_captions
  PASS: cultivate_is_disabled_at_the_ceiling
  PASS: tapping_cultivate_emits_action_selected_immediately_and_closes_without_a_chooser
  PASS: tapping_harvest_opens_a_light_hard_chooser_with_real_yield_and_resulting_condition
  PASS: tapping_back_in_the_chooser_returns_to_the_actions_row
  PASS: selecting_a_chooser_depth_emits_action_selected_with_that_depth_and_closes
  PASS: tapping_the_info_area_emits_info_selected_and_closes_without_running_an_action
  PASS: tapping_outside_the_bubble_closes_it_without_selecting_anything
  PASS: routine_time_cost_captions_show_before_the_tutorial_and_are_omitted_after
  PASS: harvest_action_column_is_disabled_only_when_no_time_blocks_remain
  PASS: bubble_anchors_above_pin_and_flips_at_top_edge
  PASS: settled_layout_keeps_actions_circular_and_info_separate
== test_vein_detail_panel.gd ==
  PASS: header_names_the_district_and_ore
  PASS: level_skill_and_condition_are_shown_as_three_separate_rows
  PASS: wildCeiling_vein_calls_out_the_120_ceiling
  PASS: max_level_vein_says_it_wont_develop_further_but_keeps_harvest_and_raid_info
  PASS: eligible_vein_shows_a_developing_percent_chance
  PASS: below_threshold_vein_shows_not_developing
  PASS: raid_section_distinguishes_raised_from_standard_exposure
  PASS: defend_button_appears_only_for_a_pending_raid_on_this_vein_and_dispatches_immediately
  PASS: level_one_empty_vein_warns_it_can_vanish_outright
  PASS: depleted_vein_above_level_one_warns_of_a_deplete_not_a_collapse
  PASS: cultivate_action_is_disabled_at_the_ceiling_with_a_ceiling_label
  PASS: harvest_light_button_shows_the_real_projected_yield_and_prunes_on_tap
  PASS: close_button_closes_the_panel_via_map_nav
== test_vein_list.gd ==
  PASS: veins_returns_every_district_when_district_id_is_null
  PASS: veins_filters_to_one_district
  PASS: veins_filters_by_band
  PASS: veins_treats_a_null_band_as_no_filter
  PASS: veins_combines_district_and_band_filters
  PASS: actions_for_always_offers_cultivate_both_prune_actions_and_manage_in_order
  PASS: actions_for_disables_cultivate_with_a_reason_at_the_ceiling
  PASS: actions_for_disables_cultivate_when_no_blocks_remain_today
  PASS: actions_for_keeps_both_prune_actions_enabled_when_projected_yield_is_zero
  PASS: actions_for_enables_both_prune_actions_when_projected_yield_is_positive
  PASS: actions_for_manage_is_always_enabled_regardless_of_gating
  PASS: apply_option_cultivate_reports_ok_and_advances_growth
  PASS: apply_option_cultivate_reports_not_ok_when_blocked
  PASS: apply_option_prune_light_forwards_to_Cultivating_prune_light_depth
  PASS: apply_option_prune_hard_forwards_to_Cultivating_prune_hard_depth
  PASS: apply_option_manage_selects_the_site_via_MapNav_and_switches_to_the_Map_tab
  PASS: apply_option_ignores_an_unknown_option_id
  PASS: apply_option_ignores_an_unknown_vein_id
== test_vein_list_nav.gd ==
  PASS: open_for_district_scopes_to_the_district_clears_the_band_filter_and_remembers_map_as_origin
  PASS: open_all_scopes_to_every_district_and_remembers_hq_as_origin
  PASS: set_band_filter_updates_only_the_band_filter
  PASS: set_band_filter_to_null_clears_it
  PASS: nav_functions_emit_state_changed
== test_vein_list_screen.gd ==
  PASS: vein_row_shows_district_ore_terroir_security_and_band
  PASS: vein_row_shows_a_growth_bar_matching_the_vein_and_its_ceiling
  PASS: vein_row_shows_a_concrete_days_to_wall_figure_for_a_drifting_vein
  PASS: vein_row_shows_the_collapsed_warning_for_a_spent_vein
  PASS: vein_row_shows_the_vein_station_target_when_assigned
  PASS: vein_row_omits_the_vein_station_line_when_not_assigned
  PASS: band_filter_row_lists_All_plus_every_band_and_marks_the_active_one_disabled
  PASS: band_filter_row_marks_All_disabled_when_no_filter_is_active
  PASS: tapping_a_band_button_narrows_the_filter_via_VeinListNav
  PASS: tapping_All_clears_the_filter_via_VeinListNav
  PASS: actions_row_offers_cultivate_prune_light_prune_hard_and_manage_in_order
  PASS: prune_buttons_in_the_list_surface_the_same_projected_yield_the_map_sheet_shows
  PASS: prune_buttons_in_the_list_stay_present_and_enabled_when_projected_yield_is_zero
  PASS: pressing_cultivate_in_the_list_runs_the_real_Cultivating_cultivate_call
  PASS: pressing_prune_light_in_the_list_runs_the_real_Cultivating_prune_call
  PASS: pressing_manage_in_the_list_opens_the_site_sheet_via_MapNav_and_switches_to_the_Map_tab
  PASS: refresh_renders_one_row_per_vein_scoped_to_the_district_and_the_active_band_filter
  PASS: refresh_back_button_returns_to_the_origin_screen_the_list_was_opened_from
== test_vein_trade.gd ==
  PASS: quote_fresh_seed_fair
  PASS: quote_fresh_seed_rich
  PASS: quote_neutral_dormant_rich
  PASS: quote_lush_85_fair
  PASS: quote_lush_85_rich
  PASS: quote_rampant_100_rich
  PASS: quote_lush_85_saturated
  PASS: sell_to_faction_removes_the_vein_from_player_veins
  PASS: sell_to_faction_pays_the_quoted_price_into_player_cash
  PASS: sell_to_faction_records_the_payment_in_the_bank_log
  PASS: sell_to_faction_creates_a_faction_vein_preserving_growth_oreType_and_hospitability
  PASS: sell_to_faction_stamps_soldByPlayer_on_the_new_faction_vein
  PASS: sell_to_faction_unclaims_the_site
  PASS: sell_to_faction_queues_a_seed_claim_map_event_for_the_buying_faction
  PASS: sell_to_faction_supports_a_price_of_zero_for_the_hakim_handback_path
  PASS: sell_to_faction_price_override_forces_the_price_regardless_of_quote
  PASS: sell_to_faction_price_override_does_not_stamp_soldByPlayer
  PASS: sell_to_faction_without_a_price_override_still_stamps_soldByPlayer
  PASS: sell_to_faction_releases_the_veins_own_slot_when_it_has_one
  PASS: sell_to_faction_frees_nothing_extra_when_the_vein_reuses_its_sites_slot
  PASS: sell_to_faction_fails_for_an_unknown_vein_id
  PASS: transfer_to_faction_moves_the_vein_and_recreates_it_as_a_faction_vein_without_paying_cash
  PASS: transfer_to_faction_still_accrues_tradeProgress_on_the_given_price
  PASS: transfer_to_faction_also_feeds_the_named_vendors_own_personal_relation_lane
  PASS: transfer_to_faction_leaves_every_personal_relation_lane_untouched_when_no_contact_id_is_given
  PASS: transfer_to_faction_count_as_player_sale_false_does_not_stamp_soldByPlayer
  PASS: transfer_to_faction_fails_for_an_unknown_vein_id
  PASS: sell_to_faction_still_pays_cash_immediately_on_top_of_the_transfer
  PASS: sell_to_faction_passes_its_own_contact_id_through_to_the_transfer
  PASS: vein_list_actions_for_omits_sell_when_veinSaleUnlocked_is_false
  PASS: vein_list_actions_for_includes_sell_once_veinSaleUnlocked_is_true
  PASS: buy_from_faction_adds_the_vein_to_player_veins
  PASS: buy_from_faction_strips_the_factionId_field
  PASS: buy_from_faction_preserves_growth_oreType_and_hospitability
  PASS: buy_from_faction_charges_the_quoted_price
  PASS: buy_from_faction_records_the_payment_in_the_bank_log
  PASS: buy_from_faction_claims_the_site_and_clears_the_faction_vein
  PASS: buy_from_faction_queues_a_seed_claim_map_event_for_the_player
  PASS: buy_from_faction_accrues_tradeProgress_on_the_price
  PASS: buy_from_faction_also_feeds_the_named_vendors_own_personal_relation_lane
  PASS: buy_from_faction_leaves_every_personal_relation_lane_untouched_when_no_contact_id_is_given
  PASS: buy_from_faction_fails_for_an_unknown_vein_id
  PASS: buy_from_faction_rejects_when_cash_is_insufficient
  PASS: vein_list_apply_option_sell_opens_the_quote_modal_without_selling_yet

TOTAL: 2597 passed, 1 failed
ERROR: 2 RID allocations of type 'N13RendererDummy15MaterialStorage13DummyMaterialE' were leaked at exit.
WARNING: 795 RIDs of type "CanvasItem" were leaked.
ERROR: 1 RID allocations of type 'N13RendererDummy15MaterialStorage11DummyShaderE' were leaked at exit.
ERROR: 14 RID allocations of type 'PN13RendererDummy14TextureStorage12DummyTextureE' were leaked at exit.
ERROR: 330 RID allocations of type 'PN18TextServerAdvanced22ShapedTextDataAdvancedE' were leaked at exit.
ERROR: 1 RID allocations of type 'PN18TextServerAdvanced12FontAdvancedE' were leaked at exit.
   at: _free_rids (servers/rendering/renderer_canvas_cull.cpp:2735)
WARNING: 1936 ObjectDB instances were leaked at exit (run with `--verbose` for details).
   at: cleanup (core/object/object.cpp:2535)
ERROR: 16 resources still in use at exit (run with --verbose for details).
   at: clear (core/io/resource.cpp:822)
